record_id,year,publisher,final_stakeholder_group,final_stakeholder_status,final_stakeholder_method,final_stakeholder_confidence,reconstructed_target_label,oof_predicted_label,oof_pro_integration_probability,cv_fold,final_label_method
CORP-001,2012,Lonmin Plc,investor,resolved,pass1_retained_sufficient_confidence,1.0000,0,0,0.01166431,4,pass1_independent_readings_agree
CORP-002,2013,Lonmin Plc,investor,resolved,pass1_retained_sufficient_confidence,1.0000,0,0,0.01282983,2,third_computational_adjudication_clear_margin
CORP-003,2014,Lonmin Plc,investor,resolved,pass1_retained_sufficient_confidence,1.0000,0,0,0.01188235,3,pass1_independent_readings_agree
CORP-004,2016,Lonmin Plc,investor,resolved,pass1_retained_sufficient_confidence,1.0000,0,0,0.00875809,3,pass1_independent_readings_agree
CORP-006,2017,Lonmin Plc,investor,resolved,pass1_retained_sufficient_confidence,1.0000,0,0,0.04363229,4,third_computational_adjudication_clear_margin
CORP-008,2019,Sibanye-Stillwater,investor,resolved,pass1_retained_sufficient_confidence,1.0000,1,0,0.14790576,5,pass1_independent_readings_agree
CORP-009,2020,Sibanye-Stillwater,investor,resolved,pass1_retained_sufficient_confidence,1.0000,1,0,0.12932654,2,pass1_independent_readings_agree
CORP-NEWS-001,2019,Sibanye-Stillwater,investor,resolved,pass1_retained_sufficient_confidence,1.0000,0,0,0.04504643,2,pass1_independent_readings_agree
CORP-NEWS-003,2019,Sibanye-Stillwater,investor,resolved,pass1_retained_sufficient_confidence,1.0000,1,0,0.09886320,2,pass1_independent_readings_agree
CORP-NEWS-005,2019,Sibanye-Stillwater,investor,resolved,pass1_retained_sufficient_confidence,1.0000,0,0,0.35699123,1,third_computational_adjudication_clear_margin
CORP-SAT-001,2019,Sibanye-Stillwater,investor,resolved,pass1_retained_sufficient_confidence,1.0000,1,1,0.54197053,4,pass1_independent_readings_agree
CORP-SAT-002,2020,Sibanye-Stillwater,investor,resolved,pass1_retained_sufficient_confidence,1.0000,1,0,0.42743617,4,pass1_independent_readings_agree
CORP-SAT-003,2021,Sibanye-Stillwater,investor,resolved,pass1_retained_sufficient_confidence,1.0000,1,1,0.48342639,1,pass1_independent_readings_agree
CORP-SAT-004,2021,Sibanye-Stillwater,investor,resolved,pass1_retained_sufficient_confidence,1.0000,1,1,0.79216543,2,pass1_independent_readings_agree
DISC-MEDIA-0001,2012,Daily Maverick,labour,resolved,pass1_retained_sufficient_confidence,0.6488,0,0,0.01792410,1,pass1_independent_readings_agree
DISC-MEDIA-0002,2012,Daily Maverick,investor,resolved,third_pass_unique_headline_subject,0.9500,0,0,0.00420532,1,pass1_independent_readings_agree
DISC-MEDIA-0003,2012,Daily Maverick,labour,resolved,pass1_retained_sufficient_confidence,0.6764,0,0,0.00542674,3,pass1_independent_readings_agree
DISC-MEDIA-0004,2012,Daily Maverick,labour,resolved,pass1_retained_sufficient_confidence,0.3883,0,0,0.00402169,3,pass1_independent_readings_agree
DISC-MEDIA-0005,2012,Daily Maverick,investor,resolved,pass1_retained_sufficient_confidence,0.7284,0,0,0.02136215,5,pass1_independent_readings_agree
DISC-MEDIA-0006,2012,Daily Maverick,labour,resolved,pass1_retained_sufficient_confidence,0.1232,0,0,0.00304603,1,pass1_independent_readings_agree
DISC-MEDIA-0007,2012,Daily Maverick,government,resolved,pass1_retained_sufficient_confidence,0.5859,0,0,0.00548850,3,pass1_independent_readings_agree
DISC-MEDIA-0008,2012,Daily Maverick,investor,resolved,third_pass_unique_headline_subject,0.9500,0,0,0.00729369,2,pass1_independent_readings_agree
DISC-MEDIA-0009,2012,Daily Maverick,labour,resolved,pass1_retained_sufficient_confidence,0.6999,0,0,0.01781716,1,pass1_independent_readings_agree
DISC-MEDIA-0010,2012,Daily Maverick,government,resolved,pass1_retained_sufficient_confidence,0.6658,0,0,0.00782494,4,pass1_independent_readings_agree
DISC-MEDIA-0011,2012,Daily Maverick,government,resolved,pass1_retained_sufficient_confidence,0.7837,0,0,0.01125596,1,pass1_independent_readings_agree
DISC-MEDIA-0012,2012,Daily Maverick,government,resolved,pass1_retained_sufficient_confidence,0.8156,0,0,0.00192071,5,pass1_independent_readings_agree
DISC-MEDIA-0013,2012,Daily Maverick,,unresolved,unresolved_stakeholder_voice_ambiguous,0.0000,0,0,0.01267608,1,pass1_independent_readings_agree
DISC-MEDIA-0014,2012,Daily Maverick,government,resolved,pass1_retained_sufficient_confidence,0.9013,0,0,0.01704176,3,pass1_independent_readings_agree
DISC-MEDIA-0015,2012,Daily Maverick,labour,resolved,third_pass_unique_headline_subject,0.9500,0,0,0.01137109,3,pass1_independent_readings_agree
DISC-MEDIA-0016,2012,Daily Maverick,labour,resolved,pass1_retained_sufficient_confidence,0.3274,0,0,0.00421338,2,pass1_independent_readings_agree
DISC-MEDIA-0017,2012,Daily Maverick,labour,resolved,pass1_retained_sufficient_confidence,0.3605,0,0,0.00133005,4,pass1_independent_readings_agree
DISC-MEDIA-0018,2012,Daily Maverick,government,resolved,pass1_retained_sufficient_confidence,0.2811,0,0,0.01196694,2,pass1_independent_readings_agree
DISC-MEDIA-0019,2012,Daily Maverick,labour,resolved,pass1_retained_sufficient_confidence,0.3423,0,0,0.01530013,2,pass1_independent_readings_agree
DISC-MEDIA-0020,2012,Daily Maverick,government,resolved,pass1_retained_sufficient_confidence,0.9084,0,0,0.01196001,3,pass1_independent_readings_agree
DISC-MEDIA-0021,2012,Daily Maverick,government,resolved,pass1_retained_sufficient_confidence,0.8312,0,0,0.01157979,1,pass1_independent_readings_agree
DISC-MEDIA-0022,2012,Daily Maverick,government,resolved,pass1_retained_sufficient_confidence,0.8250,0,0,0.00728514,2,pass1_independent_readings_agree
DISC-MEDIA-0023,2012,Daily Maverick,government,resolved,pass1_retained_sufficient_confidence,0.4350,0,0,0.01342048,3,pass1_independent_readings_agree
DISC-MEDIA-0024,2012,Daily Maverick,government,resolved,pass1_retained_sufficient_confidence,0.9765,0,0,0.00957618,3,pass1_independent_readings_agree
DISC-MEDIA-0025,2012,Daily Maverick,government,resolved,pass1_retained_sufficient_confidence,0.8034,0,0,0.00973408,2,pass1_independent_readings_agree
DISC-MEDIA-0026,2012,Daily Maverick,government,resolved,pass1_retained_sufficient_confidence,0.5543,0,0,0.02374034,1,pass1_independent_readings_agree
DISC-MEDIA-0027,2012,Daily Maverick,NGO,resolved,pass1_retained_sufficient_confidence,0.2045,0,0,0.01208971,1,pass1_independent_readings_agree
DISC-MEDIA-0028,2012,Daily Maverick,government,resolved,pass1_retained_sufficient_confidence,0.5989,0,0,0.01527302,4,pass1_independent_readings_agree
DISC-MEDIA-0029,2012,Daily Maverick,government,resolved,pass1_retained_sufficient_confidence,0.9031,0,0,0.00797058,2,pass1_independent_readings_agree
DISC-MEDIA-0030,2012,Daily Maverick,investor,resolved,pass1_retained_sufficient_confidence,0.9263,0,0,0.00774965,3,pass1_independent_readings_agree
DISC-MEDIA-0031,2012,Daily Maverick,government,resolved,pass1_retained_sufficient_confidence,1.0000,0,0,0.01624945,1,pass1_independent_readings_agree
DISC-MEDIA-0032,2012,Daily Maverick,government,resolved,pass1_retained_sufficient_confidence,0.7031,0,0,0.01651489,1,pass1_independent_readings_agree
DISC-MEDIA-0033,2012,Daily Maverick,investor,resolved,pass1_retained_sufficient_confidence,0.2057,0,0,0.01195321,5,pass1_independent_readings_agree
DISC-MEDIA-0034,2012,Daily Maverick,labour,resolved,pass1_retained_sufficient_confidence,0.1457,0,0,0.01513341,3,pass1_independent_readings_agree
DISC-MEDIA-0035,2012,Daily Maverick,,unresolved,unresolved_stakeholder_voice_ambiguous,0.0851,0,0,0.00728369,5,pass1_independent_readings_agree
DISC-MEDIA-0036,2012,Daily Maverick,government,resolved,pass1_retained_sufficient_confidence,0.9419,0,0,0.06607944,2,pass1_independent_readings_agree
DISC-MEDIA-0037,2012,Daily Maverick,labour,resolved,pass1_retained_sufficient_confidence,0.7109,0,0,0.00413241,5,pass1_independent_readings_agree
DISC-MEDIA-0038,2012,Daily Maverick,investor,resolved,pass1_retained_sufficient_confidence,0.1976,0,0,0.05948280,2,pass1_independent_readings_agree
DISC-MEDIA-0039,2012,Daily Maverick,,unresolved,unresolved_stakeholder_voice_ambiguous,0.4900,0,0,0.00786825,2,pass1_independent_readings_agree
DISC-MEDIA-0040,2012,Daily Maverick,labour,resolved,pass1_retained_sufficient_confidence,0.4525,0,0,0.00362047,4,pass1_independent_readings_agree
DISC-MEDIA-0041,2012,Daily Maverick,investor,resolved,pass1_retained_sufficient_confidence,0.1257,0,0,0.01079378,3,pass1_independent_readings_agree
DISC-MEDIA-0042,2012,Daily Maverick,government,resolved,pass1_retained_sufficient_confidence,0.8188,0,0,0.02709433,2,pass1_independent_readings_agree
DISC-MEDIA-0044,2012,Daily Maverick,government,resolved,pass1_retained_sufficient_confidence,0.3094,0,0,0.01118316,4,pass1_independent_readings_agree
DISC-MEDIA-0045,2012,Daily Maverick,government,resolved,pass1_retained_sufficient_confidence,0.5917,0,0,0.02657209,3,pass1_independent_readings_agree
DISC-MEDIA-0046,2012,Daily Maverick,government,resolved,pass1_retained_sufficient_confidence,0.6316,0,0,0.03752000,1,pass1_independent_readings_agree
DISC-MEDIA-0047,2012,Daily Maverick,labour,resolved,pass1_retained_sufficient_confidence,0.8095,0,0,0.01670125,5,pass1_independent_readings_agree
DISC-MEDIA-0048,2012,Daily Maverick,government,resolved,pass1_retained_sufficient_confidence,0.6923,0,0,0.01498368,5,third_computational_adjudication_clear_margin
DISC-MEDIA-0049,2012,Daily Maverick,,unresolved,unresolved_stakeholder_voice_ambiguous,0.0256,0,0,0.00791174,5,pass1_independent_readings_agree
DISC-MEDIA-0050,2012,Daily Maverick,labour,resolved,pass1_retained_sufficient_confidence,0.1578,0,0,0.00712652,5,pass1_independent_readings_agree
DISC-MEDIA-0051,2012,Daily Maverick,government,resolved,pass1_retained_sufficient_confidence,0.6600,0,0,0.00905264,3,pass1_independent_readings_agree
DISC-MEDIA-0052,2012,Daily Maverick,community,resolved,pass1_retained_sufficient_confidence,0.2500,0,0,0.01884532,4,pass1_independent_readings_agree
DISC-MEDIA-0053,2012,Daily Maverick,labour,resolved,pass1_retained_sufficient_confidence,0.5077,0,0,0.01634658,2,pass1_independent_readings_agree
DISC-MEDIA-0054,2012,Daily Maverick,government,resolved,pass1_retained_sufficient_confidence,0.5724,0,0,0.01600391,2,pass1_independent_readings_agree
DISC-MEDIA-0055,2012,Daily Maverick,labour,resolved,pass1_retained_sufficient_confidence,0.9601,0,0,0.01102397,5,pass1_independent_readings_agree
DISC-MEDIA-0056,2012,Daily Maverick,labour,resolved,pass1_retained_sufficient_confidence,0.6711,0,0,0.01919650,2,pass1_independent_readings_agree
DISC-MEDIA-0057,2012,Daily Maverick,government,resolved,pass1_retained_sufficient_confidence,0.6167,0,0,0.00769896,2,pass1_independent_readings_agree
DISC-MEDIA-0058,2012,Daily Maverick,government,resolved,pass1_retained_sufficient_confidence,0.7975,0,0,0.04627999,2,pass1_independent_readings_agree
DISC-MEDIA-0059,2012,Daily Maverick,government,resolved,pass1_retained_sufficient_confidence,0.3500,0,0,0.03136007,3,pass1_independent_readings_agree
DISC-MEDIA-0060,2012,Daily Maverick,government,resolved,pass1_retained_sufficient_confidence,0.9075,0,0,0.00745617,3,pass1_independent_readings_agree
DISC-MEDIA-0061,2012,Daily Maverick,government,resolved,pass1_retained_sufficient_confidence,0.4480,0,0,0.02371720,1,pass1_independent_readings_agree
DISC-MEDIA-0062,2012,Daily Maverick,government,resolved,pass1_retained_sufficient_confidence,0.9060,0,0,0.02528762,5,pass1_independent_readings_agree
DISC-MEDIA-0064,2012,Daily Maverick,labour,resolved,pass1_retained_sufficient_confidence,0.5361,0,0,0.01380232,1,pass1_independent_readings_agree
DISC-MEDIA-0065,2012,Daily Maverick,government,resolved,pass1_retained_sufficient_confidence,0.5304,0,0,0.00826997,1,pass1_independent_readings_agree
DISC-MEDIA-0066,2012,Daily Maverick,government,resolved,pass1_retained_sufficient_confidence,0.9665,0,0,0.00427378,4,pass1_independent_readings_agree
DISC-MEDIA-0067,2012,Daily Maverick,government,resolved,pass1_retained_sufficient_confidence,0.8223,0,0,0.00956063,5,pass1_independent_readings_agree
DISC-MEDIA-0068,2012,Daily Maverick,government,resolved,pass1_retained_sufficient_confidence,0.4541,0,0,0.01226815,3,pass1_independent_readings_agree
DISC-MEDIA-0069,2012,Daily Maverick,community,resolved,pass1_retained_sufficient_confidence,0.3338,0,0,0.08134602,1,third_computational_adjudication_clear_margin
DISC-MEDIA-0070,2012,Daily Maverick,government,resolved,pass1_retained_sufficient_confidence,0.2406,0,0,0.01069694,4,pass1_independent_readings_agree
DISC-MEDIA-0071,2012,Daily Maverick,government,resolved,pass1_retained_sufficient_confidence,0.4923,0,0,0.00827526,3,pass1_independent_readings_agree
DISC-MEDIA-0072,2012,Daily Maverick,government,resolved,pass1_retained_sufficient_confidence,0.9587,0,0,0.01763780,1,pass1_independent_readings_agree
DISC-MEDIA-0073,2012,Daily Maverick,government,resolved,pass1_retained_sufficient_confidence,0.8258,0,0,0.00846614,2,pass1_independent_readings_agree
DISC-MEDIA-0074,2012,Daily Maverick,government,resolved,pass1_retained_sufficient_confidence,0.6016,0,0,0.00775393,3,pass1_independent_readings_agree
DISC-MEDIA-0075,2012,Daily Maverick,government,resolved,pass1_retained_sufficient_confidence,0.2263,0,0,0.01032409,4,pass1_independent_readings_agree
DISC-MEDIA-0076,2012,Daily Maverick,community,resolved,pass1_retained_sufficient_confidence,0.7795,0,0,0.04357622,4,pass1_independent_readings_agree
DISC-MEDIA-0077,2012,Daily Maverick,government,resolved,pass1_retained_sufficient_confidence,0.4105,0,0,0.00512835,3,pass1_independent_readings_agree
DISC-MEDIA-0078,2012,Daily Maverick,government,resolved,pass1_retained_sufficient_confidence,0.9527,0,0,0.00303796,3,pass1_independent_readings_agree
DISC-MEDIA-0079,2012,Daily Maverick,government,resolved,pass1_retained_sufficient_confidence,0.9820,0,0,0.02329207,2,pass1_independent_readings_agree
DISC-MEDIA-0080,2012,Daily Maverick,government,resolved,pass1_retained_sufficient_confidence,0.2132,0,0,0.00828497,2,pass1_independent_readings_agree
DISC-MEDIA-0081,2012,Daily Maverick,government,resolved,pass1_retained_sufficient_confidence,0.6667,0,0,0.00396055,3,pass1_independent_readings_agree
DISC-MEDIA-0082,2012,Daily Maverick,government,resolved,pass1_retained_sufficient_confidence,0.4566,0,0,0.00334228,4,pass1_independent_readings_agree
DISC-MEDIA-0083,2012,Daily Maverick,government,resolved,pass1_retained_sufficient_confidence,0.9575,0,0,0.01760537,1,pass1_independent_readings_agree
DISC-MEDIA-0084,2012,Daily Maverick,labour,resolved,pass1_retained_sufficient_confidence,0.7682,0,0,0.00518482,1,pass1_independent_readings_agree
DISC-MEDIA-0085,2012,Daily Maverick,,unresolved,unresolved_stakeholder_voice_ambiguous,0.1293,0,0,0.00377236,5,pass1_independent_readings_agree
DISC-MEDIA-0086,2012,Daily Maverick,labour,resolved,pass1_retained_sufficient_confidence,0.7159,0,0,0.00316261,5,pass1_independent_readings_agree
DISC-MEDIA-0087,2012,Daily Maverick,labour,resolved,third_pass_unique_headline_subject,0.9500,0,0,0.02323756,3,pass1_independent_readings_agree
DISC-MEDIA-0088,2012,Daily Maverick,labour,resolved,pass1_retained_sufficient_confidence,0.6225,0,0,0.00421877,3,pass1_independent_readings_agree
DISC-MEDIA-0089,2012,Daily Maverick,labour,resolved,pass1_retained_sufficient_confidence,0.7752,0,0,0.00374493,3,pass1_independent_readings_agree
DISC-MEDIA-0090,2012,Daily Maverick,labour,resolved,pass1_retained_sufficient_confidence,0.9541,0,0,0.01437921,2,pass1_independent_readings_agree
DISC-MEDIA-0091,2013,Daily Maverick,government,resolved,pass1_retained_sufficient_confidence,0.6726,0,0,0.02210017,3,pass1_independent_readings_agree
DISC-MEDIA-0092,2013,Daily Maverick,labour,resolved,pass1_retained_sufficient_confidence,0.2232,0,0,0.00923890,5,pass1_independent_readings_agree
DISC-MEDIA-0093,2013,Daily Maverick,labour,resolved,pass1_retained_sufficient_confidence,0.4615,0,0,0.00954933,4,pass1_independent_readings_agree
DISC-MEDIA-0094,2013,Daily Maverick,government,resolved,pass1_retained_sufficient_confidence,0.9835,0,0,0.00529935,2,pass1_independent_readings_agree
DISC-MEDIA-0095,2013,Daily Maverick,labour,resolved,pass1_retained_sufficient_confidence,0.7181,0,0,0.00774230,1,pass1_independent_readings_agree
DISC-MEDIA-0096,2013,Daily Maverick,government,resolved,pass1_retained_sufficient_confidence,0.9412,0,0,0.01287656,1,pass1_independent_readings_agree
DISC-MEDIA-0097,2013,Daily Maverick,government,resolved,pass1_retained_sufficient_confidence,0.6722,0,0,0.00300001,4,pass1_independent_readings_agree
DISC-MEDIA-0098,2013,Daily Maverick,government,resolved,pass1_retained_sufficient_confidence,0.3844,0,0,0.00774575,2,pass1_independent_readings_agree
DISC-MEDIA-0099,2013,Daily Maverick,government,resolved,pass1_retained_sufficient_confidence,0.8700,0,0,0.00481394,3,pass1_independent_readings_agree
DISC-MEDIA-0100,2013,Daily Maverick,government,resolved,pass1_retained_sufficient_confidence,0.4381,0,0,0.01602503,5,pass1_independent_readings_agree
DISC-MEDIA-0101,2013,Daily Maverick,labour,resolved,pass1_retained_sufficient_confidence,0.6429,0,0,0.00991104,1,pass1_independent_readings_agree
DISC-MEDIA-0102,2013,Daily Maverick,government,resolved,pass1_retained_sufficient_confidence,0.1878,0,0,0.01192957,3,pass1_independent_readings_agree
DISC-MEDIA-0103,2013,Daily Maverick,government,resolved,pass1_retained_sufficient_confidence,0.9367,0,0,0.02655389,2,pass1_independent_readings_agree
DISC-MEDIA-0104,2013,Daily Maverick,government,resolved,pass1_retained_sufficient_confidence,0.9845,0,0,0.01379155,5,pass1_independent_readings_agree
DISC-MEDIA-0105,2013,Daily Maverick,government,resolved,pass1_retained_sufficient_confidence,0.8994,0,0,0.01019119,3,pass1_independent_readings_agree
DISC-MEDIA-0106,2013,Daily Maverick,government,resolved,pass1_retained_sufficient_confidence,0.4349,0,0,0.02976903,4,pass1_independent_readings_agree
DISC-MEDIA-0107,2013,Daily Maverick,government,resolved,pass1_retained_sufficient_confidence,0.9442,0,0,0.01321734,4,pass1_independent_readings_agree
DISC-MEDIA-0108,2013,Daily Maverick,,unresolved,unresolved_stakeholder_voice_ambiguous,0.1290,0,0,0.03727570,1,pass1_independent_readings_agree
DISC-MEDIA-0109,2013,Daily Maverick,government,resolved,pass1_retained_sufficient_confidence,0.2796,0,0,0.01493005,5,pass1_independent_readings_agree
DISC-MEDIA-0110,2013,Daily Maverick,government,resolved,pass1_retained_sufficient_confidence,0.9167,0,0,0.00279965,4,pass1_independent_readings_agree
DISC-MEDIA-0111,2013,Daily Maverick,government,resolved,pass1_retained_sufficient_confidence,0.8838,0,0,0.01966305,3,pass1_independent_readings_agree
DISC-MEDIA-0112,2013,Daily Maverick,government,resolved,pass1_retained_sufficient_confidence,0.4175,0,0,0.00808704,5,pass1_independent_readings_agree
DISC-MEDIA-0113,2013,Daily Maverick,labour,resolved,third_pass_unique_headline_subject,0.9500,0,0,0.04507737,4,pass1_independent_readings_agree
DISC-MEDIA-0114,2013,Daily Maverick,government,resolved,pass1_retained_sufficient_confidence,0.9828,0,0,0.03298429,1,pass1_independent_readings_agree
DISC-MEDIA-0115,2013,Daily Maverick,government,resolved,pass1_retained_sufficient_confidence,0.8086,0,0,0.01738953,1,pass1_independent_readings_agree
DISC-MEDIA-0116,2013,Daily Maverick,government,resolved,pass1_retained_sufficient_confidence,0.7350,0,0,0.01140010,4,pass1_independent_readings_agree
DISC-MEDIA-0117,2013,Daily Maverick,labour,resolved,pass1_retained_sufficient_confidence,0.6595,0,0,0.00324148,4,pass1_independent_readings_agree
DISC-MEDIA-0119,2013,Daily Maverick,labour,resolved,pass1_retained_sufficient_confidence,0.8778,0,0,0.00172189,4,pass1_independent_readings_agree
DISC-MEDIA-0120,2013,Daily Maverick,labour,resolved,pass1_retained_sufficient_confidence,0.3099,0,0,0.04179632,1,pass1_independent_readings_agree
DISC-MEDIA-0121,2013,Daily Maverick,community,resolved,third_pass_attributed_voice_clear_margin,0.7500,0,0,0.05937741,5,pass1_independent_readings_agree
DISC-MEDIA-0122,2013,Daily Maverick,government,resolved,pass1_retained_sufficient_confidence,0.9218,0,0,0.03476525,3,pass1_independent_readings_agree
DISC-MEDIA-0123,2013,Daily Maverick,government,resolved,pass1_retained_sufficient_confidence,0.9132,0,0,0.02869651,3,pass1_independent_readings_agree
DISC-MEDIA-0124,2013,Daily Maverick,government,resolved,pass1_retained_sufficient_confidence,0.6562,0,0,0.06595608,4,pass1_independent_readings_agree
DISC-MEDIA-0125,2013,Daily Maverick,labour,resolved,pass1_retained_sufficient_confidence,0.4439,0,0,0.01272094,5,pass1_independent_readings_agree
DISC-MEDIA-0126,2013,Daily Maverick,labour,resolved,pass1_retained_sufficient_confidence,0.7508,0,0,0.00734343,5,pass1_independent_readings_agree
DISC-MEDIA-0127,2013,Daily Maverick,labour,resolved,pass1_retained_sufficient_confidence,0.2205,0,0,0.00701196,2,pass1_independent_readings_agree
DISC-MEDIA-0128,2013,Daily Maverick,labour,resolved,pass1_retained_sufficient_confidence,0.3478,0,0,0.01141410,2,pass1_independent_readings_agree
DISC-MEDIA-0129,2013,Daily Maverick,labour,resolved,pass1_retained_sufficient_confidence,0.7299,0,0,0.02796014,4,pass1_independent_readings_agree
DISC-MEDIA-0130,2013,Daily Maverick,labour,resolved,pass1_retained_sufficient_confidence,0.4718,0,0,0.00928356,1,pass1_independent_readings_agree
DISC-MEDIA-0131,2013,Daily Maverick,investor,resolved,pass1_retained_sufficient_confidence,0.3294,0,0,0.01062444,3,pass1_independent_readings_agree
DISC-MEDIA-0132,2013,Daily Maverick,government,resolved,pass1_retained_sufficient_confidence,0.6522,0,0,0.01087795,5,pass1_independent_readings_agree
DISC-MEDIA-0133,2013,Daily Maverick,government,resolved,pass1_retained_sufficient_confidence,0.2168,0,0,0.09803325,1,pass1_independent_readings_agree
DISC-MEDIA-0134,2013,Daily Maverick,government,resolved,pass1_retained_sufficient_confidence,0.2336,0,0,0.04047898,2,pass1_independent_readings_agree
DISC-MEDIA-0135,2013,Daily Maverick,government,resolved,pass1_retained_sufficient_confidence,0.9873,0,0,0.04658929,1,pass1_independent_readings_agree
DISC-MEDIA-0136,2013,Daily Maverick,government,resolved,pass1_retained_sufficient_confidence,0.6667,0,0,0.03279646,1,pass1_independent_readings_agree
DISC-MEDIA-0137,2013,Daily Maverick,government,resolved,pass1_retained_sufficient_confidence,0.3706,0,0,0.02471005,1,pass1_independent_readings_agree
DISC-MEDIA-0138,2013,Daily Maverick,government,resolved,pass1_retained_sufficient_confidence,0.8995,0,0,0.02608880,3,third_computational_adjudication_clear_margin
DISC-MEDIA-0139,2013,Daily Maverick,government,resolved,pass1_retained_sufficient_confidence,0.9219,0,0,0.02351248,3,pass1_independent_readings_agree
DISC-MEDIA-0140,2013,Daily Maverick,government,resolved,pass1_retained_sufficient_confidence,0.2159,0,0,0.05903876,2,third_computational_adjudication_clear_margin
DISC-MEDIA-0142,2014,Daily Maverick,labour,resolved,pass1_retained_sufficient_confidence,0.9424,0,0,0.01799214,1,pass1_independent_readings_agree
DISC-MEDIA-0143,2014,Daily Maverick,labour,resolved,pass1_retained_sufficient_confidence,0.2864,0,0,0.00597658,2,pass1_independent_readings_agree
DISC-MEDIA-0144,2014,Daily Maverick,government,resolved,pass1_retained_sufficient_confidence,0.7680,0,0,0.01300008,2,pass1_independent_readings_agree
DISC-MEDIA-0145,2014,Daily Maverick,government,resolved,pass1_retained_sufficient_confidence,0.4404,0,0,0.00206681,3,pass1_independent_readings_agree
DISC-MEDIA-0146,2014,Daily Maverick,labour,resolved,pass1_retained_sufficient_confidence,0.5291,0,0,0.00182069,5,pass1_independent_readings_agree
DISC-MEDIA-0147,2014,Daily Maverick,labour,resolved,pass1_retained_sufficient_confidence,0.5011,0,0,0.00935097,4,pass1_independent_readings_agree
DISC-MEDIA-0148,2014,Daily Maverick,government,resolved,pass1_retained_sufficient_confidence,0.8416,0,0,0.01087881,1,pass1_independent_readings_agree
DISC-MEDIA-0149,2014,Daily Maverick,labour,resolved,pass1_retained_sufficient_confidence,0.8266,0,0,0.00481929,5,pass1_independent_readings_agree
DISC-MEDIA-0150,2014,Daily Maverick,labour,resolved,pass1_retained_sufficient_confidence,0.3307,0,0,0.02131053,1,pass1_independent_readings_agree
DISC-MEDIA-0151,2014,Daily Maverick,,unresolved,unresolved_stakeholder_voice_ambiguous,0.0000,1,0,0.10844065,3,pass1_independent_readings_agree
DISC-MEDIA-0152,2014,Daily Maverick,government,resolved,pass1_retained_sufficient_confidence,0.9394,0,0,0.00765222,3,pass1_independent_readings_agree
DISC-MEDIA-0153,2014,Daily Maverick,labour,resolved,pass1_retained_sufficient_confidence,0.5337,0,0,0.00351493,2,pass1_independent_readings_agree
DISC-MEDIA-0154,2014,Daily Maverick,government,resolved,pass1_retained_sufficient_confidence,0.9023,0,0,0.02004171,2,pass1_independent_readings_agree
DISC-MEDIA-0155,2014,Daily Maverick,labour,resolved,pass1_retained_sufficient_confidence,0.8431,0,0,0.00395234,5,pass1_independent_readings_agree
DISC-MEDIA-0156,2014,Daily Maverick,government,resolved,pass1_retained_sufficient_confidence,0.7447,0,0,0.01572581,1,pass1_independent_readings_agree
DISC-MEDIA-0157,2014,Daily Maverick,government,resolved,pass1_retained_sufficient_confidence,0.2464,0,0,0.00462816,4,pass1_independent_readings_agree
DISC-MEDIA-0158,2014,Daily Maverick,government,resolved,pass1_retained_sufficient_confidence,0.4437,0,0,0.01155991,1,pass1_independent_readings_agree
DISC-MEDIA-0159,2014,Daily Maverick,investor,resolved,pass1_retained_sufficient_confidence,0.6056,0,0,0.01626796,4,pass1_independent_readings_agree
DISC-MEDIA-0160,2014,Daily Maverick,government,resolved,pass1_retained_sufficient_confidence,0.8754,0,0,0.01069460,4,pass1_independent_readings_agree
DISC-MEDIA-0161,2014,Daily Maverick,government,resolved,third_pass_unique_headline_subject,0.9500,0,0,0.00314157,1,pass1_independent_readings_agree
DISC-MEDIA-0162,2014,Daily Maverick,government,resolved,pass1_retained_sufficient_confidence,0.2510,0,0,0.02611456,1,pass1_independent_readings_agree
DISC-MEDIA-0163,2014,Daily Maverick,community,resolved,pass1_retained_sufficient_confidence,0.4400,0,0,0.01506686,2,pass1_independent_readings_agree
DISC-MEDIA-0164,2014,Daily Maverick,government,resolved,pass1_retained_sufficient_confidence,0.7717,0,0,0.01593053,1,pass1_independent_readings_agree
DISC-MEDIA-0165,2014,Daily Maverick,government,resolved,pass1_retained_sufficient_confidence,0.3333,0,0,0.01690466,4,pass1_independent_readings_agree
DISC-MEDIA-0166,2014,Daily Maverick,labour,resolved,pass1_retained_sufficient_confidence,0.6674,0,0,0.00460612,5,pass1_independent_readings_agree
DISC-MEDIA-0167,2014,Daily Maverick,government,resolved,pass1_retained_sufficient_confidence,0.6692,0,0,0.00629515,3,pass1_independent_readings_agree
DISC-MEDIA-0168,2014,Daily Maverick,investor,resolved,pass1_retained_sufficient_confidence,0.6225,0,0,0.03966636,4,pass1_independent_readings_agree
DISC-MEDIA-0169,2014,Daily Maverick,government,resolved,pass1_retained_sufficient_confidence,0.6977,0,0,0.01687988,1,pass1_independent_readings_agree
DISC-MEDIA-0170,2014,Daily Maverick,government,resolved,pass1_retained_sufficient_confidence,0.8396,0,0,0.00725141,2,pass1_independent_readings_agree
DISC-MEDIA-0171,2014,Daily Maverick,government,resolved,pass1_retained_sufficient_confidence,0.6667,0,0,0.02133208,2,pass1_independent_readings_agree
DISC-MEDIA-0172,2014,Daily Maverick,investor,resolved,pass1_retained_sufficient_confidence,0.7316,0,0,0.01652535,5,third_computational_adjudication_clear_margin
DISC-MEDIA-0173,2014,Daily Maverick,government,resolved,pass1_retained_sufficient_confidence,0.5723,0,0,0.01442274,3,pass1_independent_readings_agree
DISC-MEDIA-0174,2014,Daily Maverick,government,resolved,pass1_retained_sufficient_confidence,0.9456,0,0,0.00857421,3,pass1_independent_readings_agree
DISC-MEDIA-0176,2014,Daily Maverick,government,resolved,pass1_retained_sufficient_confidence,0.5789,0,0,0.01648561,1,pass1_independent_readings_agree
DISC-MEDIA-0177,2014,Daily Maverick,government,resolved,pass1_retained_sufficient_confidence,0.9256,0,0,0.02272915,1,pass1_independent_readings_agree
DISC-MEDIA-0178,2014,Daily Maverick,government,resolved,pass1_retained_sufficient_confidence,0.4573,0,0,0.00561017,1,pass1_independent_readings_agree
DISC-MEDIA-0180,2014,Daily Maverick,government,resolved,pass1_retained_sufficient_confidence,0.8302,0,0,0.00359713,3,pass1_independent_readings_agree
DISC-MEDIA-0181,2014,Daily Maverick,government,resolved,pass1_retained_sufficient_confidence,0.5714,0,0,0.00245161,5,pass1_independent_readings_agree
DISC-MEDIA-0182,2015,Daily Maverick,government,resolved,pass1_retained_sufficient_confidence,0.6372,0,0,0.00175800,4,pass1_independent_readings_agree
DISC-MEDIA-0183,2015,Daily Maverick,government,resolved,pass1_retained_sufficient_confidence,0.8571,0,0,0.00797067,3,pass1_independent_readings_agree
DISC-MEDIA-0184,2015,Daily Maverick,investor,resolved,pass1_retained_sufficient_confidence,0.5319,0,0,0.00827725,5,pass1_independent_readings_agree
DISC-MEDIA-0185,2015,Daily Maverick,government,resolved,pass1_retained_sufficient_confidence,0.6074,0,0,0.02356896,5,pass1_independent_readings_agree
DISC-MEDIA-0186,2015,Daily Maverick,government,resolved,pass1_retained_sufficient_confidence,0.7088,0,0,0.00649571,5,pass1_independent_readings_agree
DISC-MEDIA-0187,2015,Daily Maverick,labour,resolved,pass1_retained_sufficient_confidence,0.2409,0,0,0.03813179,2,pass1_independent_readings_agree
DISC-MEDIA-0188,2015,Daily Maverick,government,resolved,pass1_retained_sufficient_confidence,0.1857,0,0,0.03987238,1,third_computational_adjudication_clear_margin
DISC-MEDIA-0189,2015,Daily Maverick,labour,resolved,pass1_retained_sufficient_confidence,0.2812,0,0,0.02811990,4,pass1_independent_readings_agree
DISC-MEDIA-0190,2015,Daily Maverick,labour,resolved,pass1_retained_sufficient_confidence,0.3171,0,0,0.05115682,2,pass1_independent_readings_agree
DISC-MEDIA-0191,2015,Daily Maverick,government,resolved,pass1_retained_sufficient_confidence,0.6022,0,0,0.01030734,2,pass1_independent_readings_agree
DISC-MEDIA-0192,2015,Daily Maverick,government,resolved,pass1_retained_sufficient_confidence,0.6667,0,0,0.00358255,4,pass1_independent_readings_agree
DISC-MEDIA-0193,2015,Daily Maverick,government,resolved,pass1_retained_sufficient_confidence,0.8117,0,0,0.01818044,1,pass1_independent_readings_agree
DISC-MEDIA-0194,2015,Daily Maverick,government,resolved,pass1_retained_sufficient_confidence,0.5967,0,0,0.00688777,1,pass1_independent_readings_agree
DISC-MEDIA-0195,2015,Daily Maverick,government,resolved,pass1_retained_sufficient_confidence,0.4889,0,0,0.00932066,4,pass1_independent_readings_agree
DISC-MEDIA-0196,2015,Daily Maverick,labour,resolved,pass1_retained_sufficient_confidence,0.4176,0,0,0.01034926,3,pass1_independent_readings_agree
DISC-MEDIA-0197,2015,Daily Maverick,investor,resolved,pass1_retained_sufficient_confidence,0.8198,0,0,0.02409947,1,pass1_independent_readings_agree
DISC-MEDIA-0198,2015,Daily Maverick,,unresolved,unresolved_stakeholder_voice_ambiguous,0.0000,0,0,0.10129180,4,pass1_independent_readings_agree
DISC-MEDIA-0199,2015,Daily Maverick,government,resolved,pass1_retained_sufficient_confidence,0.4297,0,0,0.01619774,2,pass1_independent_readings_agree
DISC-MEDIA-0200,2015,Daily Maverick,government,resolved,pass1_retained_sufficient_confidence,0.8117,0,0,0.00562157,3,pass1_independent_readings_agree
DISC-MEDIA-0201,2015,Daily Maverick,government,resolved,pass1_retained_sufficient_confidence,0.8708,0,0,0.01692493,5,pass1_independent_readings_agree
DISC-MEDIA-0202,2015,Daily Maverick,government,resolved,pass1_retained_sufficient_confidence,0.8462,0,0,0.01139021,2,pass1_independent_readings_agree
DISC-MEDIA-0203,2015,Daily Maverick,government,resolved,pass1_retained_sufficient_confidence,0.3133,0,0,0.07586681,4,pass1_independent_readings_agree
DISC-MEDIA-0204,2015,Daily Maverick,government,resolved,pass1_retained_sufficient_confidence,0.5402,0,0,0.00939466,3,pass1_independent_readings_agree
DISC-MEDIA-0205,2015,Daily Maverick,labour,resolved,pass1_retained_sufficient_confidence,0.4290,0,0,0.00375607,5,pass1_independent_readings_agree
DISC-MEDIA-0206,2015,Daily Maverick,community,resolved,pass1_retained_sufficient_confidence,0.1406,0,0,0.08136906,3,third_computational_adjudication_clear_margin
DISC-MEDIA-0207,2015,Daily Maverick,government,resolved,pass1_retained_sufficient_confidence,0.6782,0,0,0.01732506,4,pass1_independent_readings_agree
DISC-MEDIA-0208,2015,Daily Maverick,government,resolved,pass1_retained_sufficient_confidence,0.9055,1,0,0.16884060,1,pass1_independent_readings_agree
DISC-MEDIA-0209,2015,Daily Maverick,government,resolved,pass1_retained_sufficient_confidence,0.8362,1,1,0.49207920,2,pass1_independent_readings_agree
DISC-MEDIA-0210,2015,Daily Maverick,government,resolved,pass1_retained_sufficient_confidence,0.7033,1,1,0.63742592,5,pass1_independent_readings_agree
DISC-MEDIA-0211,2015,Daily Maverick,labour,resolved,pass1_retained_sufficient_confidence,0.5956,0,0,0.00870986,2,pass1_independent_readings_agree
DISC-MEDIA-0212,2015,Daily Maverick,government,resolved,pass1_retained_sufficient_confidence,0.1239,0,0,0.02516347,3,pass1_independent_readings_agree
DISC-MEDIA-0213,2015,Daily Maverick,government,resolved,pass1_retained_sufficient_confidence,0.5000,1,0,0.29343537,1,pass1_independent_readings_agree
DISC-MEDIA-0214,2015,Daily Maverick,government,resolved,pass1_retained_sufficient_confidence,0.4157,1,1,0.40256855,1,pass1_independent_readings_agree
DISC-MEDIA-0215,2015,Daily Maverick,government,resolved,pass1_retained_sufficient_confidence,0.4693,1,1,0.52262861,5,pass1_independent_readings_agree
DISC-MEDIA-0216,2016,Daily Maverick,government,resolved,pass1_retained_sufficient_confidence,0.7355,1,0,0.06290856,3,pass1_independent_readings_agree
DISC-MEDIA-0217,2016,Daily Maverick,government,resolved,pass1_retained_sufficient_confidence,0.6120,0,0,0.00850659,2,pass1_independent_readings_agree
DISC-MEDIA-0218,2016,Daily Maverick,government,resolved,pass1_retained_sufficient_confidence,0.9307,0,0,0.01482439,3,pass1_independent_readings_agree
DISC-MEDIA-0220,2016,Daily Maverick,labour,resolved,pass1_retained_sufficient_confidence,0.3089,0,0,0.00466479,5,pass1_independent_readings_agree
DISC-MEDIA-0221,2016,Daily Maverick,labour,resolved,pass1_retained_sufficient_confidence,0.2662,0,0,0.00720879,2,pass1_independent_readings_agree
DISC-MEDIA-0222,2016,Daily Maverick,government,resolved,pass1_retained_sufficient_confidence,0.2808,0,0,0.02869965,3,pass1_independent_readings_agree
DISC-MEDIA-0223,2016,Daily Maverick,investor,resolved,pass1_retained_sufficient_confidence,0.7028,0,0,0.02020621,3,pass1_independent_readings_agree
DISC-MEDIA-0224,2016,Daily Maverick,government,resolved,pass1_retained_sufficient_confidence,0.7032,0,0,0.01364790,4,pass1_independent_readings_agree
DISC-MEDIA-0226,2016,Daily Maverick,investor,resolved,pass1_retained_sufficient_confidence,0.7658,0,0,0.06976933,4,pass1_independent_readings_agree
DISC-MEDIA-0227,2017,Daily Maverick,government,resolved,pass1_retained_sufficient_confidence,0.7051,0,0,0.02751622,1,pass1_independent_readings_agree
DISC-MEDIA-0230,2017,Daily Maverick,government,resolved,pass1_retained_sufficient_confidence,0.4734,0,0,0.08049365,3,third_computational_adjudication_clear_margin
DISC-MEDIA-0231,2017,Daily Maverick,government,resolved,pass1_retained_sufficient_confidence,0.3174,0,1,0.44554405,5,pass1_independent_readings_agree
DISC-MEDIA-0232,2017,Daily Maverick,government,resolved,pass1_retained_sufficient_confidence,0.4085,0,0,0.01129554,5,pass1_independent_readings_agree
DISC-MEDIA-0233,2017,Daily Maverick,labour,resolved,pass1_retained_sufficient_confidence,0.2867,0,0,0.02628791,2,pass1_independent_readings_agree
DISC-MEDIA-0234,2017,Daily Maverick,government,resolved,pass1_retained_sufficient_confidence,0.8098,0,0,0.01282648,3,pass1_independent_readings_agree
DISC-MEDIA-0235,2017,Daily Maverick,community,resolved,pass1_retained_sufficient_confidence,0.2955,1,0,0.13658496,2,pass1_independent_readings_agree
DISC-MEDIA-0236,2017,Daily Maverick,labour,resolved,pass1_retained_sufficient_confidence,0.2929,0,0,0.00247476,5,pass1_independent_readings_agree
DISC-MEDIA-0237,2017,Daily Maverick,government,resolved,pass1_retained_sufficient_confidence,0.4799,0,0,0.00945097,5,pass1_independent_readings_agree
DISC-MEDIA-0238,2017,Daily Maverick,government,resolved,pass1_retained_sufficient_confidence,0.7888,0,0,0.00744703,5,pass1_independent_readings_agree
DISC-MEDIA-0239,2017,Daily Maverick,labour,resolved,pass1_retained_sufficient_confidence,0.1750,0,0,0.00711848,3,pass1_independent_readings_agree
DISC-MEDIA-0240,2017,Daily Maverick,NGO,resolved,pass1_retained_sufficient_confidence,0.1353,0,0,0.03267221,3,pass1_independent_readings_agree
DISC-MEDIA-0241,2017,Daily Maverick,,unresolved,unresolved_stakeholder_voice_ambiguous,0.4900,0,0,0.01258011,4,pass1_independent_readings_agree
DISC-MEDIA-0243,2017,Daily Maverick,community,resolved,pass1_retained_sufficient_confidence,0.5000,1,0,0.18669753,3,third_computational_adjudication_clear_margin
DISC-MEDIA-0244,2017,Daily Maverick,government,resolved,pass1_retained_sufficient_confidence,0.9000,0,0,0.02318885,1,pass1_independent_readings_agree
DISC-MEDIA-0245,2017,Daily Maverick,government,resolved,pass1_retained_sufficient_confidence,0.3077,0,0,0.12324849,1,pass1_independent_readings_agree
DISC-MEDIA-0247,2017,Daily Maverick,government,resolved,pass1_retained_sufficient_confidence,0.2344,0,0,0.02397561,5,pass1_independent_readings_agree
DISC-MEDIA-0248,2017,Daily Maverick,government,resolved,pass1_retained_sufficient_confidence,0.4647,0,0,0.07355836,3,third_computational_adjudication_clear_margin
DISC-MEDIA-0249,2017,Daily Maverick,government,resolved,pass1_retained_sufficient_confidence,0.5016,1,0,0.06813920,4,pass1_independent_readings_agree
DISC-MEDIA-0250,2017,Daily Maverick,,unresolved,unresolved_stakeholder_voice_ambiguous,0.0000,0,0,0.12145697,5,pass1_independent_readings_agree
DISC-MEDIA-0251,2017,Daily Maverick,labour,resolved,pass1_retained_sufficient_confidence,0.6883,0,0,0.00226918,4,pass1_independent_readings_agree
DISC-MEDIA-0252,2017,Daily Maverick,investor,resolved,pass1_retained_sufficient_confidence,0.8467,0,0,0.13740502,1,pass1_independent_readings_agree
DISC-MEDIA-0253,2018,Daily Maverick,labour,resolved,pass1_retained_sufficient_confidence,0.5000,0,0,0.09645606,1,pass1_independent_readings_agree
DISC-MEDIA-0254,2018,Daily Maverick,government,resolved,pass1_retained_sufficient_confidence,0.5671,0,0,0.01309143,1,pass1_independent_readings_agree
DISC-MEDIA-0255,2018,Daily Maverick,community,resolved,pass1_retained_sufficient_confidence,0.5738,0,0,0.04064658,5,pass1_independent_readings_agree
DISC-MEDIA-0256,2018,Daily Maverick,government,resolved,pass1_retained_sufficient_confidence,0.8567,0,0,0.00744001,4,pass1_independent_readings_agree
DISC-MEDIA-0257,2018,Daily Maverick,investor,resolved,pass1_retained_sufficient_confidence,0.2384,0,0,0.03188118,3,pass1_independent_readings_agree
DISC-MEDIA-0258,2019,Daily Maverick,investor,resolved,pass1_retained_sufficient_confidence,0.6290,0,0,0.09588834,5,pass1_independent_readings_agree
DISC-MEDIA-0259,2019,Daily Maverick,investor,resolved,pass1_retained_sufficient_confidence,0.9737,0,0,0.05686682,5,pass1_independent_readings_agree
DISC-MEDIA-0260,2019,Daily Maverick,investor,resolved,pass1_retained_sufficient_confidence,0.7983,0,0,0.01772916,4,pass1_independent_readings_agree
DISC-MEDIA-0262,2019,Daily Maverick,investor,resolved,pass1_retained_sufficient_confidence,0.7737,0,0,0.01107939,3,pass1_independent_readings_agree
DISC-MEDIA-0264,2019,Daily Maverick,government,resolved,pass1_retained_sufficient_confidence,0.7692,0,0,0.04564307,5,pass1_independent_readings_agree
DISC-MEDIA-0265,2019,Daily Maverick,,unresolved,unresolved_stakeholder_voice_ambiguous,0.0000,0,0,0.03863372,1,pass1_independent_readings_agree
DISC-MEDIA-0266,2019,Daily Maverick,investor,resolved,pass1_retained_sufficient_confidence,0.6715,0,0,0.02490635,1,pass1_independent_readings_agree
DISC-MEDIA-0267,2019,Daily Maverick,labour,resolved,pass1_retained_sufficient_confidence,0.9407,0,0,0.01415278,1,pass1_independent_readings_agree
DISC-MEDIA-0268,2019,Daily Maverick,labour,resolved,pass1_retained_sufficient_confidence,0.8616,0,0,0.00937954,1,pass1_independent_readings_agree
DISC-MEDIA-0269,2019,Daily Maverick,labour,resolved,pass1_retained_sufficient_confidence,0.9182,0,0,0.01249828,1,pass1_independent_readings_agree
DISC-MEDIA-0270,2020,Daily Maverick,investor,resolved,pass1_retained_sufficient_confidence,0.9091,0,0,0.01699963,2,pass1_independent_readings_agree
DISC-MEDIA-0272,2020,Daily Maverick,government,resolved,pass1_retained_sufficient_confidence,0.8052,0,0,0.01791889,4,pass1_independent_readings_agree
DISC-MEDIA-0273,2020,Daily Maverick,government,resolved,pass1_retained_sufficient_confidence,0.5789,0,0,0.01553507,5,pass1_independent_readings_agree
DISC-MEDIA-0274,2020,Daily Maverick,investor,resolved,pass1_retained_sufficient_confidence,0.5000,1,0,0.15293249,1,pass1_independent_readings_agree
DISC-MEDIA-0276,2020,Daily Maverick,government,resolved,pass1_retained_sufficient_confidence,0.8719,0,0,0.01470880,1,pass1_independent_readings_agree
DISC-MEDIA-0277,2020,Daily Maverick,government,resolved,pass1_retained_sufficient_confidence,0.8263,0,0,0.03180532,1,pass1_independent_readings_agree
DISC-MEDIA-0279,2020,Daily Maverick,investor,resolved,pass1_retained_sufficient_confidence,0.9710,0,0,0.01901895,3,pass1_independent_readings_agree
DISC-MEDIA-0280,2021,Daily Maverick,government,resolved,pass1_retained_sufficient_confidence,0.8244,0,0,0.04879264,2,pass1_independent_readings_agree
DISC-MEDIA-0282,2021,Daily Maverick,labour,resolved,pass1_retained_sufficient_confidence,0.4711,0,0,0.02342678,4,pass1_independent_readings_agree
DISC-MEDIA-0283,2021,Daily Maverick,government,resolved,pass1_retained_sufficient_confidence,0.4000,0,0,0.02572003,4,pass1_independent_readings_agree
DISC-MEDIA-0284,2021,Daily Maverick,community,resolved,pass1_retained_sufficient_confidence,0.1882,0,0,0.05062794,2,pass1_independent_readings_agree
DISC-MEDIA-0285,2021,Daily Maverick,government,resolved,pass1_retained_sufficient_confidence,0.6667,0,0,0.05181786,4,pass1_independent_readings_agree
DISC-MEDIA-0287,2021,Daily Maverick,government,resolved,pass1_retained_sufficient_confidence,0.6667,0,0,0.04405299,4,pass1_independent_readings_agree
DISC-MEDIA-0288,2022,Daily Maverick,government,resolved,pass1_retained_sufficient_confidence,0.8433,0,0,0.00497635,2,pass1_independent_readings_agree
DISC-MEDIA-0289,2022,Daily Maverick,labour,resolved,pass1_retained_sufficient_confidence,0.4338,0,0,0.00216783,5,pass1_independent_readings_agree
DISC-MEDIA-0290,2022,Daily Maverick,community,resolved,pass1_retained_sufficient_confidence,0.7444,1,0,0.35927732,5,third_computational_adjudication_clear_margin
DISC-MEDIA-0291,2022,Daily Maverick,community,resolved,pass1_retained_sufficient_confidence,0.2000,0,0,0.01390898,1,pass1_independent_readings_agree
DISC-MEDIA-0292,2022,Daily Maverick,government,resolved,pass1_retained_sufficient_confidence,0.9483,1,0,0.10977618,5,third_computational_adjudication_clear_margin
DISC-MEDIA-0293,2022,Daily Maverick,government,resolved,pass1_retained_sufficient_confidence,0.3889,0,0,0.00629179,5,pass1_independent_readings_agree
DISC-MEDIA-0294,2022,Daily Maverick,labour,resolved,pass1_retained_sufficient_confidence,0.4706,0,0,0.01817866,2,pass1_independent_readings_agree
DISC-MEDIA-0295,2022,Daily Maverick,government,resolved,pass1_retained_sufficient_confidence,0.3500,0,0,0.02627901,3,pass1_independent_readings_agree
DISC-MEDIA-0296,2022,Daily Maverick,government,resolved,pass1_retained_sufficient_confidence,0.2000,0,0,0.03382233,3,pass1_independent_readings_agree
DISC-MEDIA-0297,2022,Daily Maverick,government,resolved,pass1_retained_sufficient_confidence,0.8082,0,0,0.01339001,5,pass1_independent_readings_agree
DISC-MEDIA-0298,2022,Daily Maverick,government,resolved,pass1_retained_sufficient_confidence,0.8906,0,0,0.00863304,3,pass1_independent_readings_agree
DISC-MEDIA-0299,2022,Daily Maverick,government,resolved,pass1_retained_sufficient_confidence,0.4395,0,0,0.01822956,4,pass1_independent_readings_agree
DISC-MEDIA-0300,2022,Daily Maverick,investor,resolved,pass1_retained_sufficient_confidence,0.6151,0,0,0.08647043,4,pass1_independent_readings_agree
DISC-MEDIA-0301,2022,Daily Maverick,community,resolved,pass1_retained_sufficient_confidence,0.6833,1,0,0.21806309,1,pass1_independent_readings_agree
DISC-MEDIA-0302,2023,Daily Maverick,community,resolved,pass1_retained_sufficient_confidence,0.8250,0,0,0.14889303,3,third_computational_adjudication_clear_margin
DISC-MEDIA-0303,2023,Daily Maverick,investor,resolved,pass1_retained_sufficient_confidence,0.5500,0,0,0.01941619,1,pass1_independent_readings_agree
DISC-MEDIA-0304,2023,Daily Maverick,government,resolved,pass1_retained_sufficient_confidence,0.7500,0,0,0.10127089,2,pass1_independent_readings_agree
DISC-MEDIA-0305,2023,Daily Maverick,government,resolved,pass1_retained_sufficient_confidence,0.3543,0,0,0.01744216,1,pass1_independent_readings_agree
DISC-MEDIA-0306,2023,Daily Maverick,government,resolved,pass1_retained_sufficient_confidence,0.6303,0,0,0.01674491,2,pass1_independent_readings_agree
DISC-MEDIA-0307,2023,Daily Maverick,government,resolved,pass1_retained_sufficient_confidence,0.7500,0,0,0.01634203,4,pass1_independent_readings_agree
DISC-MEDIA-0308,2023,Daily Maverick,government,resolved,pass1_retained_sufficient_confidence,0.5061,0,0,0.11395564,5,pass1_independent_readings_agree
DISC-MEDIA-0309,2012,Daily Maverick,labour,resolved,pass1_retained_sufficient_confidence,0.8968,0,0,0.00722663,5,pass1_independent_readings_agree
DISC-MEDIA-0310,2012,Daily Maverick,labour,resolved,pass1_retained_sufficient_confidence,0.4812,0,0,0.00310219,5,pass1_independent_readings_agree
DISC-MEDIA-0311,2012,Daily Maverick,government,resolved,pass1_retained_sufficient_confidence,0.8960,0,0,0.00704880,2,pass1_independent_readings_agree
DISC-MEDIA-0312,2012,Daily Maverick,government,resolved,pass1_retained_sufficient_confidence,0.8333,0,0,0.01729123,4,pass1_independent_readings_agree
DISC-MEDIA-0313,2012,Daily Maverick,investor,resolved,pass1_retained_sufficient_confidence,0.6977,0,0,0.02037421,1,pass1_independent_readings_agree
DISC-MEDIA-0315,2012,Daily Maverick,government,resolved,pass1_retained_sufficient_confidence,0.9250,0,0,0.00581100,3,pass1_independent_readings_agree
DISC-MEDIA-0316,2012,Daily Maverick,government,resolved,pass1_retained_sufficient_confidence,0.8750,0,0,0.21932766,4,pass1_independent_readings_agree
DISC-MEDIA-0317,2012,Daily Maverick,government,resolved,pass1_retained_sufficient_confidence,0.9698,0,0,0.00284905,4,pass1_independent_readings_agree
DISC-MEDIA-0318,2012,Daily Maverick,government,resolved,pass1_retained_sufficient_confidence,1.0000,0,0,0.00763507,2,pass1_independent_readings_agree
DISC-MEDIA-0319,2012,Daily Maverick,investor,resolved,pass1_retained_sufficient_confidence,0.7544,0,0,0.04372011,2,pass1_independent_readings_agree
DISC-MEDIA-0320,2012,Daily Maverick,investor,resolved,pass1_retained_sufficient_confidence,0.2019,0,0,0.00591869,5,pass1_independent_readings_agree
DISC-MEDIA-0322,2012,Daily Maverick,government,resolved,pass1_retained_sufficient_confidence,0.4682,0,0,0.02252285,3,third_computational_adjudication_clear_margin
DISC-MEDIA-0323,2012,Daily Maverick,labour,resolved,pass1_retained_sufficient_confidence,0.8177,0,0,0.00361328,2,pass1_independent_readings_agree
DISC-MEDIA-0324,2012,Daily Maverick,labour,resolved,pass1_retained_sufficient_confidence,0.7333,0,0,0.01492362,1,pass1_independent_readings_agree
DISC-MEDIA-0325,2012,Daily Maverick,government,resolved,pass1_retained_sufficient_confidence,0.4547,0,0,0.00591574,5,pass1_independent_readings_agree
DISC-MEDIA-0326,2012,Daily Maverick,government,resolved,pass1_retained_sufficient_confidence,0.9668,0,0,0.01216319,2,pass1_independent_readings_agree
DISC-MEDIA-0327,2013,Daily Maverick,government,resolved,pass1_retained_sufficient_confidence,1.0000,0,0,0.00758519,1,pass1_independent_readings_agree
DISC-MEDIA-0328,2013,Daily Maverick,labour,resolved,pass1_retained_sufficient_confidence,0.7558,0,0,0.00441506,3,pass1_independent_readings_agree
DISC-MEDIA-0329,2013,Daily Maverick,community,resolved,pass1_retained_sufficient_confidence,0.8421,0,0,0.10734701,2,pass1_independent_readings_agree
DISC-MEDIA-0330,2013,Daily Maverick,government,resolved,pass1_retained_sufficient_confidence,0.8550,0,0,0.04001319,2,pass1_independent_readings_agree
DISC-MEDIA-0331,2013,Daily Maverick,,unresolved,unresolved_stakeholder_voice_ambiguous,0.2333,0,0,0.00707529,2,pass1_independent_readings_agree
DISC-MEDIA-0332,2013,Daily Maverick,government,resolved,pass1_retained_sufficient_confidence,0.7960,0,0,0.04627836,1,pass1_independent_readings_agree
DISC-MEDIA-0333,2013,Daily Maverick,government,resolved,pass1_retained_sufficient_confidence,0.9665,0,0,0.10406033,5,pass1_independent_readings_agree
DISC-MEDIA-0334,2014,Daily Maverick,government,resolved,pass1_retained_sufficient_confidence,0.5714,0,0,0.01962118,1,pass1_independent_readings_agree
DISC-MEDIA-0335,2014,Daily Maverick,government,resolved,pass1_retained_sufficient_confidence,0.8859,0,0,0.01405719,1,pass1_independent_readings_agree
DISC-MEDIA-0338,2015,Daily Maverick,government,resolved,pass1_retained_sufficient_confidence,0.6667,0,0,0.03377511,5,pass1_independent_readings_agree
DISC-MEDIA-0339,2015,Daily Maverick,government,resolved,pass1_retained_sufficient_confidence,0.5000,0,0,0.08729469,2,pass1_independent_readings_agree
DISC-MEDIA-0340,2015,Daily Maverick,investor,resolved,third_pass_attributed_voice_clear_margin,0.7150,0,0,0.01397195,2,pass1_independent_readings_agree
DISC-MEDIA-0341,2015,Daily Maverick,government,resolved,pass1_retained_sufficient_confidence,0.6195,0,0,0.00827213,1,pass1_independent_readings_agree
DISC-MEDIA-0343,2015,Daily Maverick,government,resolved,pass1_retained_sufficient_confidence,0.4000,0,0,0.02730876,5,pass1_independent_readings_agree
DISC-MEDIA-0344,2015,Daily Maverick,government,resolved,pass1_retained_sufficient_confidence,0.8095,0,0,0.00491220,4,pass1_independent_readings_agree
DISC-MEDIA-0345,2016,Daily Maverick,government,resolved,pass1_retained_sufficient_confidence,0.7518,0,0,0.01305449,5,pass1_independent_readings_agree
DISC-MEDIA-0346,2017,Daily Maverick,community,resolved,pass1_retained_sufficient_confidence,0.2642,0,0,0.03193652,5,pass1_independent_readings_agree
DISC-MEDIA-0347,2017,Daily Maverick,government,resolved,pass1_retained_sufficient_confidence,0.9600,0,0,0.17706141,2,pass1_independent_readings_agree
DISC-MEDIA-0348,2018,Daily Maverick,government,resolved,pass1_retained_sufficient_confidence,0.9449,1,0,0.19072994,4,third_computational_adjudication_clear_margin
DISC-MEDIA-0349,2019,Daily Maverick,government,resolved,pass1_retained_sufficient_confidence,0.6056,0,0,0.03818672,1,pass1_independent_readings_agree
DISC-MEDIA-0350,2019,Daily Maverick,labour,resolved,pass1_retained_sufficient_confidence,0.1429,1,0,0.01951633,3,third_computational_adjudication_clear_margin
DISC-MEDIA-0351,2019,Daily Maverick,government,resolved,pass1_retained_sufficient_confidence,0.3182,0,0,0.01078558,2,pass1_independent_readings_agree
DISC-MEDIA-0352,2019,Daily Maverick,labour,resolved,pass1_retained_sufficient_confidence,0.8037,0,0,0.05966722,3,pass1_independent_readings_agree
DISC-MEDIA-0353,2020,Daily Maverick,government,resolved,pass1_retained_sufficient_confidence,0.8000,0,0,0.03327800,3,pass1_independent_readings_agree
DISC-MEDIA-0354,2020,Daily Maverick,government,resolved,pass1_retained_sufficient_confidence,0.8571,1,0,0.12346473,3,third_computational_adjudication_clear_margin
DISC-MEDIA-0355,2020,Daily Maverick,government,resolved,pass1_retained_sufficient_confidence,0.9897,0,0,0.04252593,2,pass1_independent_readings_agree
DISC-MEDIA-0356,2021,Daily Maverick,investor,resolved,pass1_retained_sufficient_confidence,0.2500,1,0,0.35859491,2,pass1_independent_readings_agree
DISC-MEDIA-0357,2021,Daily Maverick,,unresolved,unresolved_stakeholder_voice_ambiguous,0.0000,0,0,0.06993897,3,pass1_independent_readings_agree
DISC-MEDIA-0358,2022,Daily Maverick,government,resolved,third_pass_unique_headline_subject,0.9500,0,0,0.00983198,4,pass1_independent_readings_agree
DISC-MEDIA-0359,2022,Daily Maverick,government,resolved,pass1_retained_sufficient_confidence,0.7308,0,0,0.00579670,1,pass1_independent_readings_agree
DISC-MEDIA-0360,2022,Daily Maverick,,unresolved,unresolved_stakeholder_voice_ambiguous,0.4900,0,0,0.20416950,3,pass1_independent_readings_agree
DISC-MEDIA-0361,2023,Daily Maverick,government,resolved,pass1_retained_sufficient_confidence,0.8828,0,0,0.12859378,3,pass1_independent_readings_agree
DISC-MEDIA-0363,2016,Engineering News,labour,resolved,pass1_retained_sufficient_confidence,0.1614,0,0,0.01030608,5,pass1_independent_readings_agree
DISC-MEDIA-0364,2021,Engineering News,investor,resolved,pass1_retained_sufficient_confidence,0.2162,0,0,0.05147688,4,pass1_independent_readings_agree
DISC-MEDIA-0365,2017,Engineering News,investor,resolved,pass1_retained_sufficient_confidence,0.3205,0,0,0.14769865,2,pass1_independent_readings_agree
DISC-MEDIA-0368,2018,Engineering News,investor,resolved,pass1_retained_sufficient_confidence,0.3916,0,0,0.30799311,4,pass1_independent_readings_agree
DISC-MEDIA-0369,2019,Engineering News,investor,resolved,pass1_retained_sufficient_confidence,0.2050,0,1,0.53969971,3,pass1_independent_readings_agree
DISC-MEDIA-0371,2013,Engineering News,labour,resolved,pass1_retained_sufficient_confidence,0.3759,0,0,0.12533153,3,pass1_independent_readings_agree
DISC-MEDIA-0372,2021,Engineering News,labour,resolved,pass1_retained_sufficient_confidence,0.9226,0,0,0.02923642,1,pass1_independent_readings_agree
DISC-MEDIA-0374,2016,Engineering News,investor,resolved,pass1_retained_sufficient_confidence,0.3472,0,0,0.11859668,2,third_computational_adjudication_clear_margin
DISC-MEDIA-0376,2016,Engineering News,government,resolved,pass1_retained_sufficient_confidence,0.9707,0,0,0.20206272,2,pass1_independent_readings_agree
DISC-MEDIA-0381,2018,Engineering News,investor,resolved,pass1_retained_sufficient_confidence,0.7452,0,1,0.67359047,5,pass1_independent_readings_agree
DISC-MEDIA-0383,2018,Engineering News,investor,resolved,pass1_retained_sufficient_confidence,0.9459,0,1,0.42384523,5,third_computational_adjudication_clear_margin
DISC-MEDIA-0385,2015,Engineering News,government,resolved,pass1_retained_sufficient_confidence,0.8955,0,1,0.39371673,1,pass1_independent_readings_agree
DISC-MEDIA-0386,2014,Engineering News,,unresolved,unresolved_stakeholder_voice_ambiguous,0.0000,1,1,0.96636639,5,pass1_independent_readings_agree
DISC-MEDIA-0387,2015,Engineering News,community,resolved,pass1_retained_sufficient_confidence,0.7255,1,1,0.87754638,3,pass1_independent_readings_agree
DISC-MEDIA-0389,2015,Engineering News,community,resolved,pass1_retained_sufficient_confidence,0.4689,1,1,0.76314805,3,pass1_independent_readings_agree
DISC-MEDIA-0393,2015,Engineering News,labour,resolved,pass1_retained_sufficient_confidence,0.1795,0,0,0.01727685,1,pass1_independent_readings_agree
DISC-MEDIA-0394,2019,Engineering News,government,resolved,pass1_retained_sufficient_confidence,0.7732,0,0,0.00801350,4,pass1_independent_readings_agree
DISC-MEDIA-0396,2017,Engineering News,labour,resolved,pass1_retained_sufficient_confidence,0.5347,0,1,0.67195500,4,pass1_independent_readings_agree
DISC-MEDIA-0397,2018,Engineering News,government,resolved,pass1_retained_sufficient_confidence,0.4231,0,0,0.14216868,1,pass1_independent_readings_agree
DISC-MEDIA-0398,2015,Engineering News,,unresolved,unresolved_stakeholder_voice_ambiguous,0.1250,0,0,0.00471441,3,pass1_independent_readings_agree
DISC-MEDIA-0399,2018,Engineering News,government,resolved,pass1_retained_sufficient_confidence,0.8150,0,0,0.01883644,5,pass1_independent_readings_agree
DISC-MEDIA-0401,2019,Engineering News,labour,resolved,third_pass_unique_headline_subject,0.9500,0,0,0.01231481,4,pass1_independent_readings_agree
DISC-MEDIA-0404,2017,Engineering News,government,resolved,pass1_retained_sufficient_confidence,0.9114,0,0,0.09888724,3,third_computational_adjudication_clear_margin
DISC-MEDIA-0405,2016,Engineering News,government,resolved,pass1_retained_sufficient_confidence,0.7685,0,0,0.10991944,2,pass1_independent_readings_agree
DISC-MEDIA-0406,2023,Engineering News,government,resolved,pass1_retained_sufficient_confidence,0.5897,0,0,0.20867971,3,pass1_independent_readings_agree
DISC-MEDIA-0407,2019,Engineering News,government,resolved,pass1_retained_sufficient_confidence,0.9106,1,1,0.48384202,3,pass1_independent_readings_agree
DISC-MEDIA-0408,2015,Engineering News,government,resolved,pass1_retained_sufficient_confidence,0.4831,0,1,0.76330568,3,pass1_independent_readings_agree
DISC-MEDIA-0410,2017,Engineering News,government,resolved,pass1_retained_sufficient_confidence,0.8772,0,1,0.43183353,3,pass1_independent_readings_agree
DISC-MEDIA-0411,2016,Engineering News,government,resolved,pass1_retained_sufficient_confidence,0.9412,0,0,0.05131238,5,third_computational_adjudication_clear_margin
DISC-MEDIA-0414,2015,Engineering News,community,resolved,pass1_retained_sufficient_confidence,0.1847,0,0,0.04102194,2,pass1_independent_readings_agree
DISC-MEDIA-0415,2015,Engineering News,investor,resolved,pass1_retained_sufficient_confidence,0.5289,0,0,0.02584531,1,pass1_independent_readings_agree
DISC-MEDIA-0420,2013,Engineering News,investor,resolved,pass1_retained_sufficient_confidence,0.2934,1,1,0.84250415,1,pass1_independent_readings_agree
DISC-MEDIA-0431,2018,Engineering News,investor,resolved,pass1_retained_sufficient_confidence,0.9498,0,0,0.40943758,4,pass1_independent_readings_agree
DISC-MEDIA-0433,2014,Engineering News,investor,resolved,pass1_retained_sufficient_confidence,0.5598,1,1,0.84278586,1,pass1_independent_readings_agree
DISC-MEDIA-0434,2016,Engineering News,investor,resolved,pass1_retained_sufficient_confidence,0.3915,1,0,0.10667707,2,pass1_independent_readings_agree
DISC-MEDIA-0441,2013,Engineering News,investor,resolved,pass1_retained_sufficient_confidence,0.9586,1,1,0.55945418,5,pass1_independent_readings_agree
DISC-MEDIA-0447,2014,Engineering News,investor,resolved,pass1_retained_sufficient_confidence,0.9797,0,0,0.33875415,5,pass1_independent_readings_agree
DISC-MEDIA-0449,2015,Engineering News,investor,resolved,pass1_retained_sufficient_confidence,0.6049,0,0,0.35809719,2,pass1_independent_readings_agree
DISC-MEDIA-0463,2018,Engineering News,investor,resolved,pass1_retained_sufficient_confidence,0.3935,1,1,0.60137698,4,pass1_independent_readings_agree
DISC-MEDIA-0466,2019,Engineering News,investor,resolved,pass1_retained_sufficient_confidence,0.9701,0,0,0.43341814,4,pass1_independent_readings_agree
DISC-MEDIA-0470,2016,Engineering News,investor,resolved,pass1_retained_sufficient_confidence,0.4232,0,0,0.20158290,4,pass1_independent_readings_agree
DISC-MEDIA-0471,2013,Engineering News,investor,resolved,pass1_retained_sufficient_confidence,0.4961,0,0,0.06231492,5,pass1_independent_readings_agree
DISC-MEDIA-0476,2019,Engineering News,investor,resolved,pass1_retained_sufficient_confidence,0.5357,0,0,0.16190473,5,third_computational_adjudication_clear_margin
DISC-MEDIA-0481,2013,Engineering News,investor,resolved,pass1_retained_sufficient_confidence,0.5995,1,0,0.01984231,3,pass1_independent_readings_agree
DISC-MEDIA-0493,2015,Engineering News,investor,resolved,pass1_retained_sufficient_confidence,0.9429,1,0,0.30249128,3,third_computational_adjudication_clear_margin
DISC-MEDIA-0502,2015,Engineering News,investor,resolved,pass1_retained_sufficient_confidence,0.5055,1,1,0.82023814,2,pass1_independent_readings_agree
DISC-MEDIA-0503,2013,Engineering News,investor,resolved,pass1_retained_sufficient_confidence,0.7415,0,0,0.04001309,3,pass1_independent_readings_agree
DISC-MEDIA-0512,2014,Engineering News,investor,resolved,pass1_retained_sufficient_confidence,0.4039,0,0,0.25527127,3,pass1_independent_readings_agree
DISC-MEDIA-0518,2014,Engineering News,labour,resolved,pass1_retained_sufficient_confidence,0.2779,0,0,0.01280088,3,pass1_independent_readings_agree
DISC-MEDIA-0530,2013,Engineering News,,unresolved,unresolved_stakeholder_voice_ambiguous,0.0309,1,1,0.89531512,3,pass1_independent_readings_agree
DISC-MEDIA-0531,2017,Engineering News,labour,resolved,pass1_retained_sufficient_confidence,0.5127,0,0,0.06205015,5,pass1_independent_readings_agree
DISC-MEDIA-0533,2018,Engineering News,investor,resolved,pass1_retained_sufficient_confidence,0.4878,1,0,0.45599423,4,third_computational_adjudication_clear_margin
DISC-MEDIA-0540,2013,Engineering News,,unresolved,unresolved_stakeholder_voice_ambiguous,0.1345,0,0,0.00339125,1,pass1_independent_readings_agree
DISC-MEDIA-0548,2017,Engineering News,investor,resolved,pass1_retained_sufficient_confidence,0.6908,0,0,0.06636196,1,pass1_independent_readings_agree
DISC-MEDIA-0553,2015,Engineering News,government,resolved,pass1_retained_sufficient_confidence,0.2077,0,0,0.00731731,4,pass1_independent_readings_agree
DISC-MEDIA-0555,2015,Engineering News,government,resolved,pass1_retained_sufficient_confidence,0.9227,0,0,0.08512100,3,pass1_independent_readings_agree
DISC-MEDIA-0557,2013,Engineering News,government,resolved,pass1_retained_sufficient_confidence,0.4602,0,0,0.04245567,1,pass1_independent_readings_agree
DISC-MEDIA-0558,2015,Engineering News,government,resolved,pass1_retained_sufficient_confidence,0.2588,0,0,0.30147919,2,pass1_independent_readings_agree
DISC-MEDIA-0564,2017,Engineering News,government,resolved,pass1_retained_sufficient_confidence,0.8476,1,0,0.07561895,4,pass1_independent_readings_agree
DISC-MEDIA-0565,2015,Engineering News,investor,resolved,pass1_retained_sufficient_confidence,0.6316,0,0,0.08156704,5,third_computational_adjudication_clear_margin
DISC-MEDIA-0567,2017,Engineering News,government,resolved,pass1_retained_sufficient_confidence,0.4319,0,0,0.00484955,3,pass1_independent_readings_agree
DISC-MEDIA-0569,2015,Engineering News,government,resolved,pass1_retained_sufficient_confidence,0.9298,0,0,0.01799995,5,pass1_independent_readings_agree
DISC-MEDIA-0570,2019,Engineering News,labour,resolved,pass1_retained_sufficient_confidence,0.7614,0,0,0.07570041,1,pass1_independent_readings_agree
DISC-MEDIA-0571,2017,Engineering News,labour,resolved,pass1_retained_sufficient_confidence,0.7614,0,0,0.07490679,3,pass1_independent_readings_agree
DISC-MEDIA-0572,2015,Engineering News,investor,resolved,pass1_retained_sufficient_confidence,0.2924,0,0,0.01021738,3,pass1_independent_readings_agree
DISC-MEDIA-0574,2013,Engineering News,investor,resolved,pass1_retained_sufficient_confidence,0.4167,1,1,0.52483261,2,pass1_independent_readings_agree
DISC-MEDIA-0576,2021,Engineering News,government,resolved,pass1_retained_sufficient_confidence,0.6889,0,0,0.02167134,1,pass1_independent_readings_agree
DISC-MEDIA-0577,2021,Engineering News,government,resolved,pass1_retained_sufficient_confidence,0.7941,0,0,0.00789084,4,third_computational_adjudication_clear_margin
DISC-MEDIA-0583,2017,Engineering News,investor,resolved,pass1_retained_sufficient_confidence,0.9517,0,0,0.17979381,2,pass1_independent_readings_agree
DISC-MEDIA-0584,2013,Engineering News,government,resolved,pass1_retained_sufficient_confidence,0.6719,0,0,0.03220918,1,pass1_independent_readings_agree
DISC-MEDIA-0591,2013,Engineering News,labour,resolved,pass1_retained_sufficient_confidence,0.4049,1,0,0.35722890,4,pass1_independent_readings_agree
DISC-MEDIA-0593,2018,Engineering News,labour,resolved,pass1_retained_sufficient_confidence,0.2751,0,0,0.00834811,4,pass1_independent_readings_agree
DISC-MEDIA-0594,2015,Engineering News,labour,resolved,pass1_retained_sufficient_confidence,0.3876,0,0,0.06258421,2,pass1_independent_readings_agree
DISC-MEDIA-0595,2015,Engineering News,,unresolved,unresolved_stakeholder_voice_ambiguous,0.0797,0,0,0.25192727,3,pass1_independent_readings_agree
DISC-MEDIA-0598,2015,Engineering News,government,resolved,pass1_retained_sufficient_confidence,0.3421,0,0,0.02822299,5,pass1_independent_readings_agree
DISC-MEDIA-0599,2022,Engineering News,government,resolved,pass1_retained_sufficient_confidence,0.8593,0,0,0.19459229,2,third_computational_adjudication_clear_margin
DISC-MEDIA-0601,2019,Engineering News,investor,resolved,pass1_retained_sufficient_confidence,0.9147,0,0,0.36768194,2,pass1_independent_readings_agree
DISC-MEDIA-0606,2019,Engineering News,labour,resolved,pass1_retained_sufficient_confidence,0.3974,0,0,0.00915777,1,pass1_independent_readings_agree
DISC-MEDIA-0608,2015,Engineering News,government,resolved,pass1_retained_sufficient_confidence,0.9539,0,0,0.00844643,4,pass1_independent_readings_agree
DISC-MEDIA-0609,2015,Engineering News,government,resolved,pass1_retained_sufficient_confidence,0.9014,0,0,0.27969204,3,pass1_independent_readings_agree
DISC-MEDIA-0612,2014,Engineering News,government,resolved,pass1_retained_sufficient_confidence,0.5748,0,0,0.01495874,2,pass1_independent_readings_agree
DISC-MEDIA-0620,2019,Engineering News,government,resolved,pass1_retained_sufficient_confidence,0.6603,0,0,0.01282206,1,pass1_independent_readings_agree
DISC-MEDIA-0625,2013,Engineering News,labour,resolved,pass1_retained_sufficient_confidence,0.2934,0,0,0.06227552,3,pass1_independent_readings_agree
DISC-MEDIA-0627,2019,Engineering News,labour,resolved,pass1_retained_sufficient_confidence,0.6011,0,0,0.02326464,2,pass1_independent_readings_agree
DISC-MEDIA-0628,2019,Engineering News,government,resolved,third_pass_unique_headline_subject,0.9500,0,1,0.96669318,3,third_computational_adjudication_clear_margin
DISC-MEDIA-0630,2019,Engineering News,labour,resolved,pass1_retained_sufficient_confidence,0.1288,0,0,0.00521011,5,pass1_independent_readings_agree
DISC-MEDIA-0634,2018,Engineering News,investor,resolved,pass1_retained_sufficient_confidence,0.9287,0,0,0.20005421,1,pass1_independent_readings_agree
DISC-MEDIA-0636,2018,Engineering News,investor,resolved,pass1_retained_sufficient_confidence,0.9031,1,1,0.53383805,5,pass1_independent_readings_agree
DISC-MEDIA-0651,2017,Engineering News,investor,resolved,pass1_retained_sufficient_confidence,0.8168,0,1,0.74945899,4,pass1_independent_readings_agree
DISC-MEDIA-0654,2019,Engineering News,investor,resolved,pass1_retained_sufficient_confidence,0.8333,0,1,0.80424178,2,third_computational_adjudication_clear_margin
DISC-MEDIA-0655,2017,Engineering News,labour,resolved,pass1_retained_sufficient_confidence,0.2815,0,0,0.00524016,2,pass1_independent_readings_agree
DISC-MEDIA-0657,2017,Engineering News,investor,resolved,pass1_retained_sufficient_confidence,0.1463,0,0,0.31716456,1,third_computational_adjudication_clear_margin
DISC-MEDIA-0660,2017,Engineering News,,unresolved,unresolved_stakeholder_voice_ambiguous,0.0207,0,0,0.35951445,4,pass1_independent_readings_agree
DISC-MEDIA-0661,2019,Engineering News,labour,resolved,pass1_retained_sufficient_confidence,0.5860,1,1,0.67606459,2,pass1_independent_readings_agree
DISC-MEDIA-0662,2017,Engineering News,government,resolved,pass1_retained_sufficient_confidence,0.6798,0,0,0.02540794,3,pass1_independent_readings_agree
DISC-MEDIA-0667,2017,Engineering News,investor,resolved,pass1_retained_sufficient_confidence,0.9027,0,0,0.27252697,2,pass1_independent_readings_agree
DISC-MEDIA-0677,2018,Engineering News,investor,resolved,pass1_retained_sufficient_confidence,0.2264,1,0,0.24645778,5,pass1_independent_readings_agree
DISC-MEDIA-0687,2013,Engineering News,labour,resolved,pass1_retained_sufficient_confidence,0.2232,0,0,0.03064918,4,pass1_independent_readings_agree
DISC-MEDIA-0688,2015,Engineering News,government,resolved,pass1_retained_sufficient_confidence,0.6447,1,0,0.14207259,4,pass1_independent_readings_agree
DISC-MEDIA-0689,2015,Engineering News,government,resolved,pass1_retained_sufficient_confidence,0.9014,0,0,0.05834407,5,pass1_independent_readings_agree
DISC-MEDIA-0690,2015,Engineering News,government,resolved,pass1_retained_sufficient_confidence,0.9014,0,0,0.11668180,2,pass1_independent_readings_agree
EXP-CORP-004,2016,Lonmin Plc,investor,resolved,pass1_retained_sufficient_confidence,1.0000,0,0,0.19723694,4,pass1_independent_readings_agree
EXP-GOV-001,2015,The Presidency / South African Government,government,resolved,pass1_retained_sufficient_confidence,1.0000,0,0,0.01248107,5,pass1_independent_readings_agree
EXP-GOV-005,2017,Parliament of South Africa,government,resolved,pass1_retained_sufficient_confidence,1.0000,1,0,0.27156745,5,pass1_independent_readings_agree
EXP-GOV-010,2018,Panel of Experts / Minister of Police,government,resolved,pass1_retained_sufficient_confidence,1.0000,0,0,0.00353454,3,pass1_independent_readings_agree
EXP-GOV-012,2017,South African Government News Agency,government,resolved,pass1_retained_sufficient_confidence,1.0000,0,0,0.07635270,1,pass1_independent_readings_agree
EXP-MEDIA-053,2016,Daily Maverick,community,resolved,pass1_retained_sufficient_confidence,0.4922,0,0,0.04767363,2,third_computational_adjudication_clear_margin
EXP-MEDIA-054,2017,Daily Maverick,government,resolved,pass1_retained_sufficient_confidence,0.8808,0,0,0.04125825,3,pass1_independent_readings_agree
EXP-MEDIA-055,2017,Daily Maverick,government,resolved,pass1_retained_sufficient_confidence,0.7859,0,0,0.00734603,5,pass1_independent_readings_agree
EXP-MEDIA-056,2018,Daily Maverick,government,resolved,pass1_retained_sufficient_confidence,0.7520,0,0,0.04081030,4,pass1_independent_readings_agree
EXP-MEDIA-057,2018,Daily Maverick,government,resolved,pass1_retained_sufficient_confidence,0.9091,0,0,0.00536488,4,pass1_independent_readings_agree
EXP-MEDIA-058,2018,Daily Maverick,government,resolved,pass1_retained_sufficient_confidence,0.8314,0,0,0.00769970,5,pass1_independent_readings_agree
EXP-MEDIA-059,2019,Daily Maverick,government,resolved,pass1_retained_sufficient_confidence,0.9588,0,0,0.04888513,5,pass1_independent_readings_agree
EXP-MEDIA-062,2020,Engineering News,investor,resolved,pass1_retained_sufficient_confidence,1.0000,1,1,0.64707915,3,pass1_independent_readings_agree
EXP-MEDIA-064,2022,Engineering News,investor,resolved,pass1_retained_sufficient_confidence,0.9653,0,1,0.83964321,4,third_computational_adjudication_clear_margin
EXP-MEDIA-065,2022,Engineering News,labour,resolved,pass1_retained_sufficient_confidence,0.4096,1,1,0.62776197,5,pass1_independent_readings_agree
EXP-MEDIA-068,2023,Engineering News,investor,resolved,pass1_retained_sufficient_confidence,0.4398,0,0,0.31691867,1,pass1_independent_readings_agree
EXP-MEDIA-069,2019,Daily Maverick,labour,resolved,pass1_retained_sufficient_confidence,0.5864,0,0,0.02747069,5,pass1_independent_readings_agree
EXP-MEDIA-070,2022,Daily Maverick,labour,resolved,pass1_retained_sufficient_confidence,0.6426,0,0,0.00936688,1,pass1_independent_readings_agree
EXP-MEDIA-071,2022,Daily Maverick,labour,resolved,pass1_retained_sufficient_confidence,0.8934,0,0,0.00723177,4,pass1_independent_readings_agree
EXP-NGO-001,2013,Bench Marks Foundation,NGO,resolved,pass1_retained_sufficient_confidence,1.0000,0,0,0.01426854,4,pass1_independent_readings_agree
EXP-NGO-002,2017,Bread for the World / Bench Marks Foundation,NGO,resolved,pass1_retained_sufficient_confidence,1.0000,0,0,0.00575738,2,pass1_independent_readings_agree
EXP-NGO-004,2022,Bench Marks Foundation,NGO,resolved,pass1_retained_sufficient_confidence,1.0000,0,0,0.00875283,1,pass1_independent_readings_agree
EXP-NGO-005,2016,Amnesty International,investor,resolved,pass1_retained_sufficient_confidence,0.6468,0,0,0.01392848,1,pass1_independent_readings_agree
EXP-NGO-006,2018,Swedwatch with Bench Marks Foundation,NGO,resolved,pass1_retained_sufficient_confidence,1.0000,0,0,0.01790165,5,pass1_independent_readings_agree
EXP-NGO-008,2012,Socio-Economic Rights Institute of South Africa,labour,resolved,pass1_retained_sufficient_confidence,1.0000,0,0,0.12855769,5,third_computational_adjudication_clear_margin
EXP-NGO-009,2012,SERI and South African civil-society organisations,NGO,resolved,pass1_retained_sufficient_confidence,0.3137,0,0,0.01043864,1,pass1_independent_readings_agree
EXP-NGO-011,2013,Socio-Economic Rights Institute of South Africa,NGO,resolved,pass1_retained_sufficient_confidence,1.0000,0,0,0.02522752,4,pass1_independent_readings_agree
EXP-NGO-013,2020,Socio-Economic Rights Institute of South Africa,NGO,resolved,pass1_retained_sufficient_confidence,1.0000,0,0,0.01197172,5,pass1_independent_readings_agree
EXP-NGO-014,2020,Socio-Economic Rights Institute of South Africa,NGO,resolved,pass1_retained_sufficient_confidence,1.0000,0,0,0.01052395,3,pass1_independent_readings_agree
EXP-NGO-015,2021,Socio-Economic Rights Institute of South Africa,NGO,resolved,pass1_retained_sufficient_confidence,1.0000,0,0,0.04096827,5,pass1_independent_readings_agree
EXP-NGO-016,2022,Socio-Economic Rights Institute of South Africa,NGO,resolved,pass1_retained_sufficient_confidence,1.0000,0,0,0.01842719,2,pass1_independent_readings_agree
EXP-NGO-017,2023,Socio-Economic Rights Institute of South Africa,NGO,resolved,pass1_retained_sufficient_confidence,1.0000,0,0,0.02854375,1,pass1_independent_readings_agree
EXP-NGO-018,2023,Socio-Economic Rights Institute of South Africa,NGO,resolved,pass1_retained_sufficient_confidence,1.0000,0,0,0.33405896,2,pass1_independent_readings_agree
EXP-NGO-019,2012,Amnesty International,government,resolved,pass1_retained_sufficient_confidence,0.8619,0,0,0.01559478,5,pass1_independent_readings_agree
EXP-NGO-020,2014,Amnesty International,government,resolved,pass1_retained_sufficient_confidence,0.8365,0,0,0.00862706,2,pass1_independent_readings_agree
EXP-NGO-021,2015,Amnesty International,government,resolved,pass1_retained_sufficient_confidence,0.7069,0,0,0.01172517,1,pass1_independent_readings_agree
EXP-NGO-022,2015,Amnesty International,community,resolved,pass1_retained_sufficient_confidence,1.0000,0,0,0.02925057,4,pass1_independent_readings_agree
EXP-NGO-023,2015,Amnesty International,government,resolved,pass1_retained_sufficient_confidence,0.9071,0,0,0.02065600,2,pass1_independent_readings_agree
EXP-NGO-024,2015,SERI / Legal Resources Centre,NGO,resolved,pass1_retained_sufficient_confidence,1.0000,0,0,0.01910565,3,third_computational_adjudication_clear_margin
EXP-NGO-025,2015,SERI / Legal Resources Centre / Wits Law Clinic,NGO,resolved,pass1_retained_sufficient_confidence,1.0000,0,0,0.12365721,1,pass1_independent_readings_agree
EXP-NGO-026,2015,Socio-Economic Rights Institute of South Africa,NGO,resolved,pass1_retained_sufficient_confidence,1.0000,0,0,0.03628559,3,pass1_independent_readings_agree
EXP-NGO-027,2015,Socio-Economic Rights Institute of South Africa,NGO,resolved,pass1_retained_sufficient_confidence,1.0000,1,0,0.17376126,1,pass1_independent_readings_agree
EXP-NGO-028,2021,Socio-Economic Rights Institute of South Africa,NGO,resolved,pass1_retained_sufficient_confidence,1.0000,0,0,0.17064429,2,pass1_independent_readings_agree
EXP-NGO-029,2021,Socio-Economic Rights Institute of South Africa,NGO,resolved,pass1_retained_sufficient_confidence,1.0000,0,0,0.01057805,1,pass1_independent_readings_agree
EXP-NGO-030,2021,Socio-Economic Rights Institute of South Africa,NGO,resolved,pass1_retained_sufficient_confidence,1.0000,0,0,0.02440658,2,pass1_independent_readings_agree
EXP-OFFICIAL-013,2014,Lepaaku and Baloyi Families / SERI archive,community,resolved,pass1_retained_sufficient_confidence,1.0000,0,0,0.00839871,2,pass1_independent_readings_agree
EXP-OFFICIAL-015,2014,Monene Family / Marikana Commission,community,resolved,pass1_retained_sufficient_confidence,1.0000,0,0,0.00588377,5,pass1_independent_readings_agree
GOV-SAT-001,2023,South African Government / GCIS,government,resolved,pass1_retained_sufficient_confidence,1.0000,1,0,0.18917736,1,pass1_independent_readings_agree
INST-001,2015,South African Human Rights Commission mirror of official Farlam report,government,resolved,pass1_retained_sufficient_confidence,1.0000,0,0,0.00382338,3,pass1_independent_readings_agree
INST-002,2012,Bench Marks Foundation,NGO,resolved,pass1_retained_sufficient_confidence,1.0000,0,0,0.01983737,3,pass1_independent_readings_agree
INST-003,2016,Centre for Environmental Rights,NGO,resolved,pass1_retained_sufficient_confidence,1.0000,0,0,0.02095374,4,pass1_independent_readings_agree
INST-005,2013,Socio-Economic Rights Institute of South Africa,NGO,resolved,pass1_retained_sufficient_confidence,1.0000,0,0,0.03118391,2,pass1_independent_readings_agree
MEDIA-001,2012,Mining Weekly,investor,resolved,pass1_retained_sufficient_confidence,0.1705,0,0,0.00585129,5,pass1_independent_readings_agree
MEDIA-002,2012,Daily Maverick,labour,resolved,pass1_retained_sufficient_confidence,0.4710,0,0,0.00475286,1,pass1_independent_readings_agree
MEDIA-003,2012,Daily Maverick,government,resolved,pass1_retained_sufficient_confidence,0.2827,0,0,0.00801498,4,pass1_independent_readings_agree
MEDIA-004,2012,Daily Maverick,government,resolved,pass1_retained_sufficient_confidence,0.8557,0,0,0.00830972,2,pass1_independent_readings_agree
MEDIA-005,2012,Daily Maverick,government,resolved,pass1_retained_sufficient_confidence,0.2793,0,0,0.00516231,5,pass1_independent_readings_agree
MEDIA-006,2012,Daily Maverick,community,resolved,pass1_retained_sufficient_confidence,0.1778,0,0,0.02878495,5,pass1_independent_readings_agree
MEDIA-007,2012,Daily Maverick,government,resolved,pass1_retained_sufficient_confidence,0.9683,0,0,0.07580565,5,third_computational_adjudication_clear_margin
MEDIA-008,2013,Mining Weekly,investor,resolved,pass1_retained_sufficient_confidence,0.6604,0,1,0.51660234,5,pass1_independent_readings_agree
MEDIA-009,2013,Mining Weekly,labour,resolved,pass1_retained_sufficient_confidence,0.7947,0,0,0.03015682,4,pass1_independent_readings_agree
MEDIA-010,2013,Mining Weekly,labour,resolved,pass1_retained_sufficient_confidence,0.7803,0,0,0.00134085,5,pass1_independent_readings_agree
MEDIA-011,2013,Daily Maverick,government,resolved,pass1_retained_sufficient_confidence,0.8462,0,0,0.01168259,5,pass1_independent_readings_agree
MEDIA-012,2014,Mining Weekly,government,resolved,third_pass_unique_headline_subject,0.9500,0,0,0.01489008,5,pass1_independent_readings_agree
MEDIA-013,2014,Mining Weekly,labour,resolved,pass1_retained_sufficient_confidence,0.4085,0,0,0.01817881,1,pass1_independent_readings_agree
MEDIA-014,2015,Mining Weekly,investor,resolved,pass1_retained_sufficient_confidence,0.8685,0,0,0.32991182,5,third_computational_adjudication_clear_margin
MEDIA-015,2015,Mining Weekly,labour,resolved,third_pass_unique_headline_subject,0.9500,0,0,0.00666528,2,pass1_independent_readings_agree
MEDIA-016,2017,Mining Weekly,investor,resolved,pass1_retained_sufficient_confidence,0.6201,0,1,0.82088949,4,third_computational_adjudication_clear_margin
MEDIA-017,2018,Daily Maverick,government,resolved,pass1_retained_sufficient_confidence,0.3411,0,0,0.01228530,5,pass1_independent_readings_agree
MEDIA-018,2020,Mining Weekly,investor,resolved,pass1_retained_sufficient_confidence,0.7391,0,0,0.05106799,2,pass1_independent_readings_agree
MEDIA-019,2021,Daily Maverick,government,resolved,pass1_retained_sufficient_confidence,0.1944,0,0,0.00237556,3,pass1_independent_readings_agree
MEDIA-020,2022,Daily Maverick,labour,resolved,pass1_retained_sufficient_confidence,0.3934,0,0,0.03424983,2,pass1_independent_readings_agree
MEDIA-021,2022,Daily Maverick,labour,resolved,pass1_retained_sufficient_confidence,0.1228,0,0,0.01663483,5,pass1_independent_readings_agree
MEDIA-022,2014,Mining Weekly,investor,resolved,pass1_retained_sufficient_confidence,0.6454,0,0,0.00760862,3,pass1_independent_readings_agree
MEDIA-023,2014,Engineering News,labour,resolved,pass1_retained_sufficient_confidence,0.7130,0,0,0.04226172,3,pass1_independent_readings_agree
MEDIA-024,2014,Mining Weekly,investor,resolved,pass1_retained_sufficient_confidence,0.4257,1,1,0.61343109,1,pass1_independent_readings_agree
MEDIA-025,2015,Mining Weekly,government,resolved,pass1_retained_sufficient_confidence,0.4808,0,0,0.19145912,5,pass1_independent_readings_agree
MEDIA-026,2015,Mining Weekly,investor,resolved,pass1_retained_sufficient_confidence,0.5652,0,0,0.06197132,4,pass1_independent_readings_agree
MEDIA-027,2016,Engineering News,government,resolved,pass1_retained_sufficient_confidence,0.2056,1,1,0.86975709,2,pass1_independent_readings_agree
MEDIA-028,2017,Mining Weekly,investor,resolved,pass1_retained_sufficient_confidence,0.8121,1,0,0.13942798,3,pass1_independent_readings_agree
MEDIA-029,2019,Daily Maverick,investor,resolved,pass1_retained_sufficient_confidence,0.3458,0,0,0.03052444,2,pass1_independent_readings_agree
MEDIA-030,2022,Daily Maverick,investor,resolved,pass1_retained_sufficient_confidence,0.6416,0,0,0.01061836,4,pass1_independent_readings_agree
MEDIA-032,2014,Mining Weekly,labour,resolved,pass1_retained_sufficient_confidence,0.7483,0,0,0.00593161,4,pass1_independent_readings_agree
MEDIA-033,2014,Mining Weekly,labour,resolved,pass1_retained_sufficient_confidence,0.2694,0,0,0.00714384,1,pass1_independent_readings_agree
MEDIA-034,2014,Mining Weekly,,unresolved,unresolved_stakeholder_voice_ambiguous,0.2230,0,0,0.01093177,2,pass1_independent_readings_agree
MEDIA-035,2014,Mining Weekly,labour,resolved,pass1_retained_sufficient_confidence,0.7576,0,0,0.00790872,4,pass1_independent_readings_agree
MEDIA-036,2014,Mining Weekly,labour,resolved,pass1_retained_sufficient_confidence,0.8607,0,0,0.01522911,4,pass1_independent_readings_agree
MEDIA-037,2014,Mining Weekly,labour,resolved,third_pass_unique_headline_subject,0.9500,1,1,0.43257624,1,pass1_independent_readings_agree
MEDIA-038,2014,Mining Weekly,labour,resolved,pass1_retained_sufficient_confidence,0.4836,0,0,0.00232977,1,pass1_independent_readings_agree
MEDIA-039,2015,Mining Weekly,government,resolved,pass1_retained_sufficient_confidence,0.8170,1,1,0.58189612,2,pass1_independent_readings_agree
MEDIA-040,2015,Mining Weekly,government,resolved,pass1_retained_sufficient_confidence,0.4515,0,0,0.00445973,3,pass1_independent_readings_agree
MEDIA-041,2016,Mining Weekly,investor,resolved,pass1_retained_sufficient_confidence,0.3636,1,1,0.98531240,4,pass1_independent_readings_agree
MEDIA-044,2018,Mining Weekly,investor,resolved,third_pass_unique_headline_subject,0.9500,0,1,0.67056355,3,pass1_independent_readings_agree
MEDIA-045,2018,Mining Weekly,investor,resolved,pass1_retained_sufficient_confidence,0.9429,0,1,0.61304489,4,pass1_independent_readings_agree
MEDIA-047,2018,Mining Weekly,investor,resolved,pass1_retained_sufficient_confidence,0.9848,0,1,0.73318982,4,pass1_independent_readings_agree
MEDIA-048,2018,Mining Weekly,investor,resolved,pass1_retained_sufficient_confidence,0.7580,0,1,0.45466479,1,third_computational_adjudication_clear_margin
MEDIA-049,2019,Mining Weekly,investor,resolved,pass1_retained_sufficient_confidence,0.8773,0,0,0.37189685,1,pass1_independent_readings_agree
MEDIA-051,2019,Mining Weekly,labour,resolved,pass1_retained_sufficient_confidence,0.1634,0,0,0.21224267,3,pass1_independent_readings_agree
MEDIA-053,2020,Mining Weekly,investor,resolved,pass1_retained_sufficient_confidence,0.9079,0,1,0.50000000,5,pass1_independent_readings_agree
MEDIA-054,2021,Mining Weekly,investor,resolved,pass1_retained_sufficient_confidence,0.5509,1,1,0.87558576,4,pass1_independent_readings_agree
MEDIA-055,2021,Mining Weekly,investor,resolved,pass1_retained_sufficient_confidence,0.7450,1,1,0.95406911,2,pass1_independent_readings_agree
MEDIA-056,2022,Daily Maverick,labour,resolved,pass1_retained_sufficient_confidence,0.3163,0,0,0.04832745,1,pass1_independent_readings_agree
MEDIA-057,2022,Daily Maverick,labour,resolved,pass1_retained_sufficient_confidence,0.6968,0,0,0.00290218,1,pass1_independent_readings_agree
MEDIA-058,2022,Daily Maverick,government,resolved,pass1_retained_sufficient_confidence,0.2896,0,0,0.01260911,2,pass1_independent_readings_agree
NGO-SAT-001,2018,Socio-Economic Rights Institute of South Africa,NGO,resolved,pass1_retained_sufficient_confidence,1.0000,0,0,0.00629403,3,pass1_independent_readings_agree
NGO-SAT-002,2019,High Court of South Africa / CER legal archive,government,resolved,pass1_retained_sufficient_confidence,1.0000,0,0,0.04372459,5,pass1_independent_readings_agree
NGO-SAT2-001,2015,Centre for Environmental Rights,NGO,resolved,pass1_retained_sufficient_confidence,1.0000,0,0,0.01554876,2,pass1_independent_readings_agree
OFFICIAL-001,2014,AMCU,labour,resolved,pass1_retained_sufficient_confidence,1.0000,0,0,0.00342370,5,pass1_independent_readings_agree
OFFICIAL-002,2014,Bapo ba Mogale,community,resolved,pass1_retained_sufficient_confidence,1.0000,0,0,0.02903394,4,third_computational_adjudication_clear_margin
OFFICIAL-003,2014,DMR / Minister Shabangu,government,resolved,pass1_retained_sufficient_confidence,1.0000,0,0,0.01513972,5,pass1_independent_readings_agree
OFFICIAL-004,2014,Evidence Leaders,,unresolved,unresolved_stakeholder_voice_ambiguous,0.0097,0,0,0.00330872,5,pass1_independent_readings_agree
OFFICIAL-005,2014,Families,community,resolved,pass1_retained_sufficient_confidence,1.0000,0,0,0.00704185,1,pass1_independent_readings_agree
OFFICIAL-006,2014,Injured and Arrested Persons,community,resolved,pass1_retained_sufficient_confidence,1.0000,0,0,0.00267880,5,pass1_independent_readings_agree
OFFICIAL-007,2014,Lonmin,investor,resolved,pass1_retained_sufficient_confidence,1.0000,0,0,0.00303103,5,pass1_independent_readings_agree
OFFICIAL-008,2014,Bench Marks Foundation / Ledingoane Family (represented by Legal Resources Centre),NGO,resolved,pass1_retained_sufficient_confidence,1.0000,0,0,0.00515644,1,pass1_independent_readings_agree
OFFICIAL-009,2014,Nathi Mthethwa,government,resolved,pass1_retained_sufficient_confidence,1.0000,0,0,0.00757457,4,pass1_independent_readings_agree
OFFICIAL-010,2014,NUM and Mrs Fundi,labour,resolved,pass1_retained_sufficient_confidence,1.0000,0,0,0.00449431,1,pass1_independent_readings_agree
OFFICIAL-011,2014,Cyril Ramaphosa,government,resolved,pass1_retained_sufficient_confidence,1.0000,0,0,0.00904008,2,pass1_independent_readings_agree
OFFICIAL-012,2014,South African Human Rights Commission,government,resolved,pass1_retained_sufficient_confidence,1.0000,0,0,0.00459170,3,pass1_independent_readings_agree
OFFICIAL-013,2014,South African Police Service,government,resolved,pass1_retained_sufficient_confidence,1.0000,0,0,0.00321356,4,pass1_independent_readings_agree
SAT-EARLY-MEDIA-001,2014,Mining Weekly,community,resolved,pass1_retained_sufficient_confidence,0.1346,1,1,0.98030349,4,pass1_independent_readings_agree
SAT-EARLY-MEDIA-002,2016,Mining Weekly / Bloomberg,community,resolved,pass1_retained_sufficient_confidence,0.1980,1,1,0.86863571,4,third_computational_adjudication_clear_margin
SAT-EARLY-MEDIA-005,2015,Mining Weekly / African News Agency,,unresolved,unresolved_stakeholder_voice_ambiguous,0.0201,0,1,0.84142149,4,pass1_independent_readings_agree
SAT-EARLY-MEDIA-006,2013,Mining Weekly,labour,resolved,pass1_retained_sufficient_confidence,0.4217,0,0,0.22971068,4,pass1_independent_readings_agree
SAT-EARLY-MEDIA-007,2013,Mining Weekly,investor,resolved,pass1_retained_sufficient_confidence,0.9595,0,1,0.55279849,4,pass1_independent_readings_agree
SAT-EARLY-MEDIA-008,2013,Mining Weekly,labour,resolved,pass1_retained_sufficient_confidence,0.4673,1,1,0.48595311,5,third_computational_adjudication_clear_margin
SAT-EARLY-MEDIA-011,2012,Daily Maverick,government,resolved,pass1_retained_sufficient_confidence,0.8000,0,0,0.02379133,2,pass1_independent_readings_agree
SAT-EARLY-MEDIA-012,2012,Daily Maverick,,unresolved,unresolved_stakeholder_voice_ambiguous,0.4900,0,0,0.00921276,3,pass1_independent_readings_agree
SAT-EARLY-MEDIA-015,2013,Engineering News / Reuters,labour,resolved,pass1_retained_sufficient_confidence,0.2279,0,0,0.03104911,3,pass1_independent_readings_agree
SAT-EARLY-MEDIA-016,2014,Engineering News / Sapa,labour,resolved,pass1_retained_sufficient_confidence,0.3955,0,0,0.00240843,2,pass1_independent_readings_agree
SAT-EARLY-MEDIA-018,2013,Mining Weekly,investor,resolved,pass1_retained_sufficient_confidence,0.5170,0,1,0.60432448,4,pass1_independent_readings_agree
SAT-MEDIA-001,2019,Daily Maverick,government,resolved,pass1_retained_sufficient_confidence,0.3075,0,0,0.02138460,5,pass1_independent_readings_agree
SAT-MEDIA-002,2019,Daily Maverick,investor,resolved,pass1_retained_sufficient_confidence,0.6518,0,0,0.14212136,4,third_computational_adjudication_clear_margin
SAT-MEDIA-003,2020,Daily Maverick,government,resolved,pass1_retained_sufficient_confidence,0.7913,0,0,0.03511672,2,pass1_independent_readings_agree
SAT-MEDIA-014,2019,Mining Weekly,investor,resolved,pass1_retained_sufficient_confidence,0.7758,1,1,0.75050075,2,pass1_independent_readings_agree
SAT-MEDIA-015,2021,Mining Weekly,investor,resolved,pass1_retained_sufficient_confidence,1.0000,1,1,0.81520556,1,third_computational_adjudication_clear_margin
SAT4-MEDIA-001,2019,Daily Maverick,labour,resolved,pass1_retained_sufficient_confidence,0.2090,0,0,0.03668329,2,pass1_independent_readings_agree
SAT4-MEDIA-005,2022,Daily Maverick,government,resolved,pass1_retained_sufficient_confidence,0.9072,0,0,0.00936094,4,pass1_independent_readings_agree
SAT4-MEDIA-006,2022,Daily Maverick,labour,resolved,pass1_retained_sufficient_confidence,0.1560,0,0,0.01458210,5,pass1_independent_readings_agree
SAT4-MEDIA-007,2022,Daily Maverick,,unresolved,unresolved_stakeholder_voice_ambiguous,0.0882,0,0,0.00227077,4,pass1_independent_readings_agree
SAT4-MEDIA-008,2022,Engineering News,community,resolved,pass1_retained_sufficient_confidence,0.6667,1,0,0.30200910,5,pass1_independent_readings_agree
SAT4-MEDIA-009,2016,Engineering News,investor,resolved,pass1_retained_sufficient_confidence,0.5626,0,0,0.15208618,3,third_computational_adjudication_clear_margin
SAT4-MEDIA-010,2016,Engineering News / Bloomberg,labour,resolved,pass1_retained_sufficient_confidence,0.6832,0,0,0.00595315,4,pass1_independent_readings_agree
SAT4-MEDIA-011,2016,Engineering News,labour,resolved,pass1_retained_sufficient_confidence,0.2570,0,0,0.10326120,3,third_computational_adjudication_clear_margin
SAT5-MEDIA-003,2022,Engineering News,,unresolved,unresolved_stakeholder_voice_ambiguous,0.0806,0,0,0.14082480,2,pass1_independent_readings_agree
SAT6-MEDIA-003,2021,Daily Maverick,government,resolved,pass1_retained_sufficient_confidence,0.8578,0,0,0.01805216,1,pass1_independent_readings_agree
SAT7-MEDIA-001,2014,Daily Maverick,government,resolved,third_pass_unique_headline_subject,0.9500,0,0,0.00468992,5,pass1_independent_readings_agree
SAT7-MEDIA-002,2014,Daily Maverick,government,resolved,pass1_retained_sufficient_confidence,0.9776,0,0,0.01264472,1,pass1_independent_readings_agree
SAT8-MEDIA-001,2014,Daily Maverick,government,resolved,pass1_retained_sufficient_confidence,0.8753,0,0,0.02258358,5,pass1_independent_readings_agree
SAT8-MEDIA-002,2014,Daily Maverick,government,resolved,pass1_retained_sufficient_confidence,0.8975,0,0,0.04516828,2,pass1_independent_readings_agree
SAT8-MEDIA-003,2013,Daily Maverick,government,resolved,pass1_retained_sufficient_confidence,0.9871,0,0,0.01192915,2,pass1_independent_readings_agree
SAT8-MEDIA-004,2013,Daily Maverick,government,resolved,pass1_retained_sufficient_confidence,0.9896,0,0,0.01808718,3,pass1_independent_readings_agree
SAT8-MEDIA-005,2015,Daily Maverick,government,resolved,pass1_retained_sufficient_confidence,0.6979,0,0,0.00790162,3,pass1_independent_readings_agree
SAT8-MEDIA-006,2015,Daily Maverick,,unresolved,unresolved_stakeholder_voice_ambiguous,0.1404,0,0,0.01616375,1,pass1_independent_readings_agree
SEC-MEDIA-0001,2012,Daily Maverick,labour,resolved,pass1_retained_sufficient_confidence,0.9407,0,0,0.01819204,2,pass1_independent_readings_agree
SEC-MEDIA-0003,2013,Daily Maverick,labour,resolved,pass1_retained_sufficient_confidence,0.7600,0,0,0.00897581,2,pass1_independent_readings_agree
SEC-MEDIA-0004,2013,Daily Maverick,labour,resolved,pass1_retained_sufficient_confidence,0.8995,0,0,0.00130240,4,pass1_independent_readings_agree
SEC-MEDIA-0005,2013,Daily Maverick,labour,resolved,pass1_retained_sufficient_confidence,0.8333,0,0,0.01131381,2,pass1_independent_readings_agree
SEC-MEDIA-0007,2013,Daily Maverick,labour,resolved,pass1_retained_sufficient_confidence,0.6466,1,0,0.03068982,5,pass1_independent_readings_agree
SEC-MEDIA-0008,2013,Daily Maverick,labour,resolved,pass1_retained_sufficient_confidence,0.9465,0,0,0.01135260,3,pass1_independent_readings_agree
SEC-MEDIA-0010,2014,Daily Maverick,labour,resolved,pass1_retained_sufficient_confidence,0.9117,0,0,0.00738696,5,pass1_independent_readings_agree
SEC-MEDIA-0011,2014,Daily Maverick,labour,resolved,pass1_retained_sufficient_confidence,0.8079,0,0,0.00323157,1,pass1_independent_readings_agree
SEC-MEDIA-0012,2014,Daily Maverick,labour,resolved,pass1_retained_sufficient_confidence,0.9143,0,0,0.00530459,3,pass1_independent_readings_agree
SEC-MEDIA-0013,2014,Daily Maverick,labour,resolved,pass1_retained_sufficient_confidence,0.8265,0,0,0.00453834,5,pass1_independent_readings_agree
SEC-MEDIA-0014,2014,Daily Maverick,labour,resolved,pass1_retained_sufficient_confidence,0.8150,0,0,0.00887018,5,third_computational_adjudication_clear_margin
SEC-MEDIA-0015,2014,Daily Maverick,labour,resolved,pass1_retained_sufficient_confidence,0.8525,0,0,0.00445929,2,pass1_independent_readings_agree
SEC-MEDIA-0016,2014,Daily Maverick,labour,resolved,pass1_retained_sufficient_confidence,0.8585,0,0,0.00435081,5,pass1_independent_readings_agree
SEC-MEDIA-0017,2014,Daily Maverick,labour,resolved,pass1_retained_sufficient_confidence,0.6397,0,0,0.01856011,4,pass1_independent_readings_agree
SEC-MEDIA-0018,2014,Daily Maverick,labour,resolved,pass1_retained_sufficient_confidence,0.8095,0,0,0.01280906,5,pass1_independent_readings_agree
SEC-MEDIA-0019,2014,Daily Maverick,labour,resolved,pass1_retained_sufficient_confidence,0.6561,0,0,0.00367307,5,pass1_independent_readings_agree
SEC-MEDIA-0020,2014,Daily Maverick,labour,resolved,pass1_retained_sufficient_confidence,0.5314,0,0,0.00617707,3,pass1_independent_readings_agree
SEC-MEDIA-0021,2014,Daily Maverick,labour,resolved,pass1_retained_sufficient_confidence,0.3994,0,0,0.00617777,5,pass1_independent_readings_agree
SEC-MEDIA-0022,2014,Daily Maverick,labour,resolved,pass1_retained_sufficient_confidence,0.1712,0,0,0.01597093,4,pass1_independent_readings_agree
SEC-MEDIA-0024,2014,Daily Maverick,labour,resolved,pass1_retained_sufficient_confidence,0.5918,0,0,0.05754654,2,pass1_independent_readings_agree
SEC-MEDIA-0025,2014,Daily Maverick,labour,resolved,pass1_retained_sufficient_confidence,0.3748,0,0,0.00979413,4,pass1_independent_readings_agree
SEC-MEDIA-0026,2014,Daily Maverick,labour,resolved,pass1_retained_sufficient_confidence,0.5925,0,0,0.00597494,4,pass1_independent_readings_agree
SEC-MEDIA-0027,2014,Daily Maverick,labour,resolved,pass1_retained_sufficient_confidence,0.7434,0,0,0.00829785,1,pass1_independent_readings_agree
SEC-MEDIA-0028,2014,Daily Maverick,labour,resolved,pass1_retained_sufficient_confidence,0.9605,0,0,0.00847630,2,pass1_independent_readings_agree
SEC-MEDIA-0029,2014,Daily Maverick,labour,resolved,pass1_retained_sufficient_confidence,0.8924,0,0,0.01650482,5,pass1_independent_readings_agree
SEC-MEDIA-0030,2014,Daily Maverick,labour,resolved,pass1_retained_sufficient_confidence,0.7560,0,0,0.01830153,3,third_computational_adjudication_clear_margin
SEC-MEDIA-0031,2014,Daily Maverick,labour,resolved,pass1_retained_sufficient_confidence,0.9346,0,0,0.01581085,2,pass1_independent_readings_agree
SEC-MEDIA-0033,2015,Daily Maverick,labour,resolved,pass1_retained_sufficient_confidence,0.2621,0,0,0.04573792,4,pass1_independent_readings_agree
SEC-MEDIA-0040,2019,Daily Maverick,labour,resolved,pass1_retained_sufficient_confidence,0.2589,0,0,0.02031988,3,pass1_independent_readings_agree
SEC-MEDIA-0044,2019,Daily Maverick,labour,resolved,pass1_retained_sufficient_confidence,0.8833,0,0,0.00818851,3,pass1_independent_readings_agree
SEC-MEDIA-0049,2019,Daily Maverick,labour,resolved,pass1_retained_sufficient_confidence,0.5528,0,0,0.00950200,5,pass1_independent_readings_agree
SEC-MEDIA-0052,2019,Daily Maverick,labour,resolved,pass1_retained_sufficient_confidence,0.9114,0,0,0.00716674,3,pass1_independent_readings_agree
SEC-MEDIA-0063,2021,Daily Maverick,investor,resolved,pass1_retained_sufficient_confidence,0.8649,0,0,0.06061228,2,pass1_independent_readings_agree
SEC-MEDIA-0086,2022,Daily Maverick,investor,resolved,pass1_retained_sufficient_confidence,0.6106,0,0,0.05021980,2,pass1_independent_readings_agree
SEC-MEDIA-0087,2022,Daily Maverick,labour,resolved,pass1_retained_sufficient_confidence,0.1931,0,0,0.01132726,3,pass1_independent_readings_agree
SEC-MEDIA-0099,2022,Daily Maverick,labour,resolved,pass1_retained_sufficient_confidence,0.5079,0,0,0.04532290,3,pass1_independent_readings_agree
SEC-MEDIA-0102,2022,Daily Maverick,labour,resolved,pass1_retained_sufficient_confidence,0.5091,0,0,0.04079619,2,pass1_independent_readings_agree
SEC-MEDIA-0115,2012,Daily Maverick,labour,resolved,pass1_retained_sufficient_confidence,0.9531,0,0,0.00350319,5,pass1_independent_readings_agree
SEC-MEDIA-0116,2014,Daily Maverick,government,resolved,pass1_retained_sufficient_confidence,0.2500,0,0,0.12835620,5,pass1_independent_readings_agree
SEC-MEDIA-0117,2014,Daily Maverick,labour,resolved,third_pass_attributed_voice_clear_margin,0.8412,0,0,0.02646271,4,pass1_independent_readings_agree
SEC-MEDIA-0125,2019,Engineering News,investor,resolved,pass1_retained_sufficient_confidence,0.9903,1,0,0.24460501,1,third_computational_adjudication_clear_margin
SEC-MEDIA-0150,2014,Engineering News,labour,resolved,pass1_retained_sufficient_confidence,0.9615,0,0,0.00831902,3,pass1_independent_readings_agree
SEC-MEDIA-0169,2014,Engineering News,labour,resolved,pass1_retained_sufficient_confidence,0.9247,0,0,0.07451696,4,pass1_independent_readings_agree
SEC-MEDIA-0178,2014,Engineering News,labour,resolved,pass1_retained_sufficient_confidence,0.4900,0,0,0.00747237,5,pass1_independent_readings_agree
SEC-MEDIA-0184,2013,Engineering News,labour,resolved,pass1_retained_sufficient_confidence,0.8736,0,0,0.04003005,5,third_computational_adjudication_clear_margin
SEC-MEDIA-0188,2014,Engineering News,labour,resolved,pass1_retained_sufficient_confidence,0.7531,0,0,0.01507113,5,pass1_independent_readings_agree
SEC-MEDIA-0194,2014,Engineering News,labour,resolved,pass1_retained_sufficient_confidence,0.7282,0,0,0.01153093,5,pass1_independent_readings_agree
SEC-MEDIA-0196,2017,Engineering News,labour,resolved,pass1_retained_sufficient_confidence,0.8264,0,0,0.05488548,5,pass1_independent_readings_agree
SEC-MEDIA-0197,2019,Engineering News,labour,resolved,pass1_retained_sufficient_confidence,0.2612,1,1,0.60911659,4,third_computational_adjudication_clear_margin
SEC-MEDIA-0198,2014,Engineering News,labour,resolved,pass1_retained_sufficient_confidence,0.8452,0,0,0.00100861,4,pass1_independent_readings_agree
SEC-MEDIA-0206,2014,Engineering News,labour,resolved,pass1_retained_sufficient_confidence,0.5047,0,0,0.01643233,4,pass1_independent_readings_agree
SEC-MEDIA-0212,2019,Engineering News,labour,resolved,pass1_retained_sufficient_confidence,0.6826,0,0,0.01060023,1,pass1_independent_readings_agree
SEC-MEDIA-0228,2014,Engineering News,labour,resolved,pass1_retained_sufficient_confidence,0.9094,0,0,0.00299659,2,pass1_independent_readings_agree
SEC-MEDIA-0229,2014,Engineering News,labour,resolved,pass1_retained_sufficient_confidence,0.7132,0,0,0.02884658,2,pass1_independent_readings_agree
SEC-MEDIA-0230,2016,Engineering News,labour,resolved,pass1_retained_sufficient_confidence,0.9251,0,0,0.04227175,4,pass1_independent_readings_agree
SEC-MEDIA-0233,2013,Engineering News,labour,resolved,pass1_retained_sufficient_confidence,0.9235,0,0,0.00258564,1,pass1_independent_readings_agree
SEC-MEDIA-0235,2014,Engineering News,labour,resolved,pass1_retained_sufficient_confidence,0.7213,0,0,0.00316691,4,pass1_independent_readings_agree
SEC-MEDIA-0236,2014,Engineering News,labour,resolved,pass1_retained_sufficient_confidence,0.6202,0,0,0.01059432,2,pass1_independent_readings_agree
SEC-MEDIA-0237,2014,Engineering News,labour,resolved,pass1_retained_sufficient_confidence,0.5773,0,0,0.01602911,5,third_computational_adjudication_clear_margin
SEC-MEDIA-0239,2016,Engineering News,labour,resolved,pass1_retained_sufficient_confidence,0.6195,0,0,0.01156189,5,pass1_independent_readings_agree
SEC-MEDIA-0251,2019,Engineering News,labour,resolved,pass1_retained_sufficient_confidence,0.4592,0,0,0.01442217,5,pass1_independent_readings_agree
SEC-MEDIA-0254,2014,Engineering News,labour,resolved,pass1_retained_sufficient_confidence,0.8799,0,0,0.00686636,1,pass1_independent_readings_agree
SEC-MEDIA-0258,2014,Engineering News,labour,resolved,pass1_retained_sufficient_confidence,0.3876,0,0,0.07947381,4,third_computational_adjudication_clear_margin
SEC-MEDIA-0264,2013,Engineering News,labour,resolved,pass1_retained_sufficient_confidence,0.9402,0,0,0.12192048,2,third_computational_adjudication_clear_margin
SEC-MEDIA-0265,2014,Engineering News,labour,resolved,pass1_retained_sufficient_confidence,0.8655,0,0,0.00028541,4,pass1_independent_readings_agree
SEC-MEDIA-0267,2015,Engineering News,labour,resolved,pass1_retained_sufficient_confidence,0.9903,0,0,0.01005270,4,pass1_independent_readings_agree
SEC-MEDIA-0280,2014,Engineering News,government,resolved,pass1_retained_sufficient_confidence,0.6706,0,0,0.07789138,4,pass1_independent_readings_agree
SEC-MEDIA-0283,2014,Engineering News,investor,resolved,pass1_retained_sufficient_confidence,0.6667,0,0,0.05288451,5,pass1_independent_readings_agree
SEC-MEDIA-0293,2014,Engineering News,labour,resolved,pass1_retained_sufficient_confidence,0.5921,0,0,0.03197271,2,pass1_independent_readings_agree
SEC-MEDIA-0317,2014,Engineering News,labour,resolved,pass1_retained_sufficient_confidence,0.7424,0,0,0.02862763,3,third_computational_adjudication_clear_margin
SEC-MEDIA-0322,2014,Engineering News,labour,resolved,pass1_retained_sufficient_confidence,0.8149,0,0,0.01242991,3,pass1_independent_readings_agree
SEC-MEDIA-0327,2013,Engineering News,government,resolved,pass1_retained_sufficient_confidence,0.4780,0,0,0.04676989,5,pass1_independent_readings_agree
SEC-MEDIA-0372,2013,Engineering News,labour,resolved,pass1_retained_sufficient_confidence,0.7909,0,0,0.01374033,2,pass1_independent_readings_agree
SEC-MEDIA-0385,2014,Engineering News,labour,resolved,pass1_retained_sufficient_confidence,0.5789,0,0,0.04053414,1,pass1_independent_readings_agree
SEC-MEDIA-0389,2014,Engineering News,labour,resolved,pass1_retained_sufficient_confidence,0.7344,0,0,0.00440908,5,pass1_independent_readings_agree
SEC-MEDIA-0392,2014,Engineering News,labour,resolved,pass1_retained_sufficient_confidence,0.6568,0,0,0.01462877,5,third_computational_adjudication_clear_margin
SEC-MEDIA-0397,2014,Engineering News,labour,resolved,pass1_retained_sufficient_confidence,0.8000,0,0,0.28256792,4,pass1_independent_readings_agree
SEC-MEDIA-0416,2014,Engineering News,labour,resolved,pass1_retained_sufficient_confidence,0.9079,0,0,0.07251921,1,pass1_independent_readings_agree
SEC-MEDIA-0417,2014,Engineering News,labour,resolved,pass1_retained_sufficient_confidence,0.8699,0,0,0.03828007,4,third_computational_adjudication_clear_margin
SEC-MEDIA-0424,2014,Engineering News,government,resolved,pass1_retained_sufficient_confidence,0.5691,0,0,0.10424047,3,pass1_independent_readings_agree
SEC-MEDIA-0425,2014,Engineering News,government,resolved,pass1_retained_sufficient_confidence,0.8485,0,0,0.01565979,4,pass1_independent_readings_agree
SEC-MEDIA-0429,2014,Engineering News,labour,resolved,third_pass_attributed_voice_clear_margin,0.6946,0,0,0.00345893,1,pass1_independent_readings_agree
SEC-MEDIA-0437,2014,Engineering News,labour,resolved,pass1_retained_sufficient_confidence,0.7507,0,0,0.00578119,1,pass1_independent_readings_agree
SEC-MEDIA-0475,2014,Engineering News,labour,resolved,pass1_retained_sufficient_confidence,0.7455,0,0,0.03292067,2,pass1_independent_readings_agree
SEC-MEDIA-0476,2014,Engineering News,labour,resolved,pass1_retained_sufficient_confidence,0.6709,0,0,0.02108255,1,pass1_independent_readings_agree
SEC-MEDIA-0477,2014,Engineering News,labour,resolved,pass1_retained_sufficient_confidence,0.3858,0,0,0.00382044,1,pass1_independent_readings_agree
SEC-MEDIA-0478,2019,Engineering News,,unresolved,unresolved_stakeholder_voice_ambiguous,0.0597,0,0,0.02775415,5,third_computational_adjudication_clear_margin
SEC-MEDIA-0482,2014,Engineering News,investor,resolved,pass1_retained_sufficient_confidence,0.4202,0,0,0.03766707,2,pass1_independent_readings_agree
SEC-MEDIA-0483,2014,Engineering News,labour,resolved,pass1_retained_sufficient_confidence,0.2983,0,0,0.01494543,4,pass1_independent_readings_agree
SEC-MEDIA-0484,2014,Engineering News,labour,resolved,pass1_retained_sufficient_confidence,0.4108,0,0,0.03688421,3,pass1_independent_readings_agree
SEC-MEDIA-0485,2014,Engineering News,labour,resolved,pass1_retained_sufficient_confidence,0.3936,0,0,0.01496259,2,pass1_independent_readings_agree
SEC-MEDIA-0489,2014,Engineering News,labour,resolved,third_pass_attributed_voice_clear_margin,0.6946,0,0,0.00923075,3,pass1_independent_readings_agree
SEC-MEDIA-0490,2014,Engineering News,labour,resolved,pass1_retained_sufficient_confidence,0.7000,0,0,0.06722115,3,pass1_independent_readings_agree
SEC-MEDIA-0492,2014,Engineering News,labour,resolved,pass1_retained_sufficient_confidence,0.7053,0,0,0.04201602,5,pass1_independent_readings_agree
SEC-MEDIA-0493,2014,Engineering News,labour,resolved,pass1_retained_sufficient_confidence,0.1522,0,0,0.02030305,4,pass1_independent_readings_agree
SEC-MEDIA-0497,2014,Engineering News,labour,resolved,pass1_retained_sufficient_confidence,0.6259,0,0,0.00501753,1,third_computational_adjudication_clear_margin
SEC-MEDIA-0516,2014,Engineering News,labour,resolved,pass1_retained_sufficient_confidence,0.7912,0,0,0.00633171,1,third_computational_adjudication_clear_margin
SEC-MEDIA-0519,2014,Engineering News,labour,resolved,pass1_retained_sufficient_confidence,0.6404,0,0,0.00239021,4,pass1_independent_readings_agree
SEC-MEDIA-0524,2014,Engineering News,labour,resolved,pass1_retained_sufficient_confidence,0.6447,0,0,0.00462466,1,pass1_independent_readings_agree
SEC-MEDIA-0559,2022,Engineering News,investor,resolved,pass1_retained_sufficient_confidence,0.9282,1,1,0.81191327,1,pass1_independent_readings_agree
SEC-MEDIA-0577,2019,Engineering News,investor,resolved,pass1_retained_sufficient_confidence,0.1850,0,0,0.08511547,5,pass1_independent_readings_agree
SEC-MEDIA-0622,2014,Engineering News,investor,resolved,pass1_retained_sufficient_confidence,0.9099,0,1,0.60996024,4,pass1_independent_readings_agree
SEC-MEDIA-0706,2019,Engineering News,investor,resolved,pass1_retained_sufficient_confidence,0.8220,0,0,0.26965931,1,pass1_independent_readings_agree
SEC-MEDIA-0764,2020,Engineering News,investor,resolved,pass1_retained_sufficient_confidence,0.9694,0,0,0.13396162,1,pass1_independent_readings_agree
SEC-MEDIA-0877,2019,Engineering News,investor,resolved,pass1_retained_sufficient_confidence,0.9705,0,0,0.27583297,2,pass1_independent_readings_agree
SEC-MEDIA-0928,2022,Engineering News,investor,resolved,pass1_retained_sufficient_confidence,0.8317,0,0,0.20941823,1,pass1_independent_readings_agree
SEC-MEDIA-1013,2019,Engineering News,labour,resolved,pass1_retained_sufficient_confidence,0.7098,0,0,0.01168119,4,pass1_independent_readings_agree
SEC-MEDIA-1017,2019,Engineering News,investor,resolved,pass1_retained_sufficient_confidence,0.6557,0,0,0.05692445,3,pass1_independent_readings_agree
SEC-MEDIA-1029,2014,Engineering News,labour,resolved,pass1_retained_sufficient_confidence,0.4552,0,0,0.00658791,2,pass1_independent_readings_agree
SEC-MEDIA-1044,2014,Engineering News,labour,resolved,pass1_retained_sufficient_confidence,0.6626,0,0,0.01565047,2,pass1_independent_readings_agree
SERI-SAT2-001,2012,Socio-Economic Rights Institute of South Africa,NGO,resolved,pass1_retained_sufficient_confidence,1.0000,0,0,0.11150548,1,third_computational_adjudication_clear_margin
SERI-SAT2-002,2012,Socio-Economic Rights Institute of South Africa,NGO,resolved,pass1_retained_sufficient_confidence,1.0000,0,0,0.01983232,3,third_computational_adjudication_clear_margin
SERI-SAT2-003,2014,Socio-Economic Rights Institute of South Africa,NGO,resolved,pass1_retained_sufficient_confidence,1.0000,0,0,0.00542907,3,pass1_independent_readings_agree
SERI-SAT2-004,2014,Socio-Economic Rights Institute of South Africa,NGO,resolved,pass1_retained_sufficient_confidence,1.0000,0,0,0.07928286,2,pass1_independent_readings_agree
WEB-GOV-001,2015,South African Police Service / South African Government,government,resolved,pass1_retained_sufficient_confidence,1.0000,1,0,0.10867050,4,pass1_independent_readings_agree
WEB-GOV-002,2016,South African Government News Agency,government,resolved,pass1_retained_sufficient_confidence,1.0000,0,0,0.02163281,4,pass1_independent_readings_agree
WEB-GOV-003,2020,Government Communication and Information System,government,resolved,pass1_retained_sufficient_confidence,1.0000,0,0,0.28173405,4,third_computational_adjudication_clear_margin
WEB-MEDIA-002,2021,Daily Maverick,government,resolved,pass1_retained_sufficient_confidence,0.8313,0,0,0.03478147,5,pass1_independent_readings_agree
WEB-MEDIA-003,2021,Mining Weekly,investor,resolved,pass1_retained_sufficient_confidence,0.5501,0,0,0.28228169,2,pass1_independent_readings_agree
WEB-MEDIA-004,2022,Mining Weekly,investor,resolved,pass1_retained_sufficient_confidence,0.7182,1,1,0.42799140,3,pass1_independent_readings_agree
WEB-MEDIA-007,2023,Daily Maverick,labour,resolved,pass1_retained_sufficient_confidence,0.8912,0,0,0.01141040,2,pass1_independent_readings_agree
expanded_corporate_candidates__EXP-CORP-002,2011,Lonmin Plc,investor,resolved,pass1_retained_sufficient_confidence,1.0000,0,0,0.01873598,2,pass1_independent_readings_agree
expanded_media_candidates_02__EXP-MEDIA-038,2013,Mining Weekly,labour,resolved,pass1_retained_sufficient_confidence,0.7389,0,0,0.00881150,4,pass1_independent_readings_agree
expanded_media_candidates_02__EXP-MEDIA-039,2013,Mining Weekly,labour,resolved,pass1_retained_sufficient_confidence,0.6705,0,0,0.07048667,3,third_computational_adjudication_clear_margin
expanded_media_candidates_02__EXP-MEDIA-041,2014,Mining Weekly,labour,resolved,pass1_retained_sufficient_confidence,0.4131,0,0,0.04152688,4,pass1_independent_readings_agree
expanded_media_candidates_02__EXP-MEDIA-042,2014,Mining Weekly,labour,resolved,pass1_retained_sufficient_confidence,0.3089,0,0,0.01306535,1,pass1_independent_readings_agree
expanded_media_candidates_02__EXP-MEDIA-044,2014,Mining Weekly,labour,resolved,pass1_retained_sufficient_confidence,0.2157,0,0,0.07987601,4,pass1_independent_readings_agree
expanded_media_candidates_02__EXP-MEDIA-045,2014,Mining Weekly,labour,resolved,pass1_retained_sufficient_confidence,0.5773,0,0,0.03148008,3,third_computational_adjudication_clear_margin
expanded_media_candidates_02__EXP-MEDIA-046,2014,Daily Maverick,government,resolved,pass1_retained_sufficient_confidence,0.9743,0,0,0.00452090,1,pass1_independent_readings_agree
expanded_media_candidates_02__EXP-MEDIA-047,2012,Daily Maverick,government,resolved,pass1_retained_sufficient_confidence,0.5037,0,0,0.05754873,5,pass1_independent_readings_agree
expanded_media_candidates_02__EXP-MEDIA-048,2012,Daily Maverick,government,resolved,pass1_retained_sufficient_confidence,0.2538,0,0,0.00253820,4,pass1_independent_readings_agree
expanded_media_candidates_02__EXP-MEDIA-049,2013,Daily Maverick,government,resolved,pass1_retained_sufficient_confidence,0.8182,0,0,0.01154976,1,pass1_independent_readings_agree
expanded_media_candidates_02__EXP-MEDIA-050,2013,Daily Maverick,government,resolved,pass1_retained_sufficient_confidence,0.8934,0,0,0.01124899,2,pass1_independent_readings_agree
expanded_media_candidates_02__EXP-MEDIA-051,2014,Mining Weekly,investor,resolved,pass1_retained_sufficient_confidence,0.8477,0,0,0.08783645,1,pass1_independent_readings_agree
expanded_media_candidates_02__EXP-MEDIA-052,2018,Mining Weekly,investor,resolved,pass1_retained_sufficient_confidence,0.6219,0,0,0.16202941,4,pass1_independent_readings_agree
expanded_media_candidates__EXP-MEDIA-004,2013,Mining Weekly,labour,resolved,pass1_retained_sufficient_confidence,0.4057,0,1,0.38186727,3,pass1_independent_readings_agree
expanded_media_candidates__EXP-MEDIA-005,2013,Mining Weekly,labour,resolved,pass1_retained_sufficient_confidence,0.2009,0,0,0.03589950,4,pass1_independent_readings_agree
expanded_media_candidates__EXP-MEDIA-006,2013,Mining Weekly,labour,resolved,pass1_retained_sufficient_confidence,0.4203,0,0,0.17708747,3,pass1_independent_readings_agree
expanded_media_candidates__EXP-MEDIA-007,2013,Mining Weekly,investor,resolved,pass1_retained_sufficient_confidence,0.5668,0,0,0.12964887,1,pass1_independent_readings_agree
expanded_media_candidates__EXP-MEDIA-008,2013,Mining Weekly,labour,resolved,pass1_retained_sufficient_confidence,0.1408,0,0,0.13726922,3,pass1_independent_readings_agree
expanded_media_candidates__EXP-MEDIA-009,2014,Mining Weekly,labour,resolved,pass1_retained_sufficient_confidence,0.1957,1,1,0.59690865,2,third_computational_adjudication_clear_margin
expanded_media_candidates__EXP-MEDIA-010,2015,Mining Weekly,government,resolved,pass1_retained_sufficient_confidence,0.8906,0,0,0.01079995,4,pass1_independent_readings_agree
expanded_media_candidates__EXP-MEDIA-011,2012,Daily Maverick,government,resolved,pass1_retained_sufficient_confidence,0.5222,0,0,0.00272384,3,pass1_independent_readings_agree
expanded_media_candidates__EXP-MEDIA-012,2012,Daily Maverick,government,resolved,pass1_retained_sufficient_confidence,0.8074,0,0,0.01202969,2,pass1_independent_readings_agree
expanded_media_candidates__EXP-MEDIA-013,2012,Daily Maverick,labour,resolved,pass1_retained_sufficient_confidence,0.3750,0,0,0.00794480,1,pass1_independent_readings_agree
expanded_media_candidates__EXP-MEDIA-014,2012,Daily Maverick,investor,resolved,pass1_retained_sufficient_confidence,0.1631,0,0,0.00563024,3,pass1_independent_readings_agree
expanded_media_candidates__EXP-MEDIA-015,2013,Daily Maverick,government,resolved,pass1_retained_sufficient_confidence,0.8649,0,0,0.00930660,5,pass1_independent_readings_agree
expanded_media_candidates__EXP-MEDIA-016,2013,Daily Maverick,government,resolved,pass1_retained_sufficient_confidence,0.9663,0,0,0.01739908,3,pass1_independent_readings_agree
expanded_media_candidates__EXP-MEDIA-017,2013,Daily Maverick,government,resolved,pass1_retained_sufficient_confidence,0.9889,0,0,0.01633556,2,pass1_independent_readings_agree
expanded_media_candidates__EXP-MEDIA-018,2013,Daily Maverick,government,resolved,pass1_retained_sufficient_confidence,0.9257,0,0,0.02258276,2,pass1_independent_readings_agree
expanded_media_candidates__EXP-MEDIA-019,2013,Daily Maverick,government,resolved,pass1_retained_sufficient_confidence,0.4781,0,0,0.00483464,5,pass1_independent_readings_agree
expanded_media_candidates__EXP-MEDIA-020,2013,Daily Maverick,government,resolved,pass1_retained_sufficient_confidence,0.6174,0,0,0.01550514,5,pass1_independent_readings_agree
expanded_media_candidates__EXP-MEDIA-021,2013,Daily Maverick,government,resolved,pass1_retained_sufficient_confidence,0.7692,0,0,0.00209543,4,pass1_independent_readings_agree
expanded_media_candidates__EXP-MEDIA-022,2013,Daily Maverick,labour,resolved,pass1_retained_sufficient_confidence,0.4981,0,0,0.00167676,5,pass1_independent_readings_agree
expanded_media_candidates__EXP-MEDIA-023,2014,Daily Maverick,investor,resolved,third_pass_unique_headline_subject,0.9500,0,0,0.00492206,4,pass1_independent_readings_agree
expanded_media_candidates__EXP-MEDIA-024,2015,Daily Maverick,government,resolved,pass1_retained_sufficient_confidence,0.7934,0,0,0.00572147,2,pass1_independent_readings_agree
expanded_media_candidates__EXP-MEDIA-025,2016,Daily Maverick,community,resolved,pass1_retained_sufficient_confidence,0.3904,0,0,0.02648962,4,pass1_independent_readings_agree
expanded_media_candidates__EXP-MEDIA-029,2017,Daily Maverick,government,resolved,pass1_retained_sufficient_confidence,0.9128,0,0,0.02011571,4,pass1_independent_readings_agree
expanded_media_candidates__EXP-MEDIA-033,2019,Daily Maverick,investor,resolved,pass1_retained_sufficient_confidence,0.3630,0,0,0.09458922,5,third_computational_adjudication_clear_margin
expanded_media_candidates__EXP-MEDIA-035,2020,Daily Maverick,government,resolved,pass1_retained_sufficient_confidence,0.7244,0,0,0.00657225,2,pass1_independent_readings_agree
expanded_media_candidates__EXP-MEDIA-036,2021,Daily Maverick,government,resolved,pass1_retained_sufficient_confidence,0.9527,0,0,0.04963418,4,pass1_independent_readings_agree
expanded_media_candidates_batch1__EXP-MEDIA-001,2012,Daily Maverick,government,resolved,pass1_retained_sufficient_confidence,0.7478,0,0,0.00440619,5,pass1_independent_readings_agree
expanded_media_candidates_batch1__EXP-MEDIA-002,2012,Daily Maverick,government,resolved,pass1_retained_sufficient_confidence,0.3759,0,0,0.00456140,4,pass1_independent_readings_agree
expanded_media_candidates_batch1__EXP-MEDIA-004,2012,Daily Maverick,investor,resolved,pass1_retained_sufficient_confidence,0.3802,0,0,0.01661591,1,pass1_independent_readings_agree
expanded_media_candidates_batch1__EXP-MEDIA-005,2012,Daily Maverick,investor,resolved,pass1_retained_sufficient_confidence,0.1768,0,0,0.00909577,4,pass1_independent_readings_agree
expanded_media_candidates_batch1__EXP-MEDIA-006,2012,Daily Maverick,labour,resolved,pass1_retained_sufficient_confidence,0.4083,0,0,0.06186652,4,pass1_independent_readings_agree
expanded_media_candidates_batch1__EXP-MEDIA-007,2012,Daily Maverick,government,resolved,pass1_retained_sufficient_confidence,0.7924,0,0,0.00534880,2,pass1_independent_readings_agree
expanded_media_candidates_batch1__EXP-MEDIA-010,2012,Daily Maverick,government,resolved,pass1_retained_sufficient_confidence,0.5617,0,0,0.00665851,1,pass1_independent_readings_agree
expanded_media_candidates_batch1__EXP-MEDIA-011,2012,Daily Maverick,government,resolved,pass1_retained_sufficient_confidence,0.2680,0,0,0.00122879,3,pass1_independent_readings_agree
expanded_media_candidates_batch1__EXP-MEDIA-012,2012,Daily Maverick,,unresolved,unresolved_stakeholder_voice_ambiguous,0.4900,0,0,0.00344836,4,pass1_independent_readings_agree
expanded_media_candidates_batch1__EXP-MEDIA-015,2013,Daily Maverick,government,resolved,pass1_retained_sufficient_confidence,0.8081,0,0,0.05705942,2,pass1_independent_readings_agree
expanded_media_candidates_batch1__EXP-MEDIA-022,2022,Daily Maverick,government,resolved,pass1_retained_sufficient_confidence,0.1200,0,0,0.00747419,2,pass1_independent_readings_agree
expanded_media_candidates_batch1__EXP-MEDIA-023,2022,Daily Maverick,labour,resolved,pass1_retained_sufficient_confidence,0.6126,0,0,0.02073083,2,pass1_independent_readings_agree
expanded_media_candidates_batch1__EXP-MEDIA-030,2014,Mining Weekly,,unresolved,unresolved_stakeholder_voice_ambiguous,0.0396,0,0,0.01168870,3,pass1_independent_readings_agree
expanded_media_candidates_batch1__EXP-MEDIA-032,2014,Mining Weekly,labour,resolved,pass1_retained_sufficient_confidence,0.5957,0,0,0.00849292,3,pass1_independent_readings_agree
expanded_media_candidates_batch1__EXP-MEDIA-033,2014,Mining Weekly,labour,resolved,pass1_retained_sufficient_confidence,0.1368,0,0,0.00243610,4,pass1_independent_readings_agree
expanded_media_candidates_batch1__EXP-MEDIA-034,2014,Mining Weekly,,unresolved,unresolved_stakeholder_voice_ambiguous,0.1755,0,0,0.00431769,3,pass1_independent_readings_agree
expanded_media_candidates_batch1__EXP-MEDIA-035,2014,Mining Weekly,labour,resolved,pass1_retained_sufficient_confidence,0.6343,0,0,0.00851563,3,pass1_independent_readings_agree
expanded_media_candidates_batch1__EXP-MEDIA-037,2014,Mining Weekly,investor,resolved,pass1_retained_sufficient_confidence,0.7907,0,0,0.07613349,5,pass1_independent_readings_agree
expanded_media_candidates_batch1__EXP-MEDIA-038,2018,Engineering News / Creamer Media,investor,resolved,pass1_retained_sufficient_confidence,0.7605,1,1,0.91399787,3,pass1_independent_readings_agree
expanded_media_candidates_batch1__EXP-MEDIA-041,2013,Engineering News,labour,resolved,pass1_retained_sufficient_confidence,0.6779,0,0,0.00382635,1,pass1_independent_readings_agree
expanded_media_candidates_batch1__EXP-MEDIA-042,2014,Engineering News,labour,resolved,pass1_retained_sufficient_confidence,0.3750,0,0,0.04876030,5,pass1_independent_readings_agree
expanded_media_candidates_batch1__EXP-MEDIA-044,2014,Engineering News,investor,resolved,pass1_retained_sufficient_confidence,1.0000,0,0,0.11590671,1,pass1_independent_readings_agree
expanded_media_candidates_batch2__EXP-MEDIA-045,2016,Mining Weekly,community,resolved,pass1_retained_sufficient_confidence,0.3333,0,1,0.43392686,3,third_computational_adjudication_clear_margin
expanded_media_candidates_batch2__EXP-MEDIA-046,2017,Mining Weekly,investor,resolved,pass1_retained_sufficient_confidence,0.1584,1,1,0.46104125,5,pass1_independent_readings_agree
expanded_media_candidates_batch2__EXP-MEDIA-047,2017,Mining Weekly,investor,resolved,pass1_retained_sufficient_confidence,0.3524,0,1,0.71320518,1,pass1_independent_readings_agree
expanded_media_candidates_batch2__EXP-MEDIA-048,2017,Mining Weekly,investor,resolved,pass1_retained_sufficient_confidence,0.4459,0,1,0.50801650,4,pass1_independent_readings_agree
expanded_media_candidates_batch2__EXP-MEDIA-049,2017,Mining Weekly,labour,resolved,pass1_retained_sufficient_confidence,0.4800,0,0,0.30968847,3,pass1_independent_readings_agree
expanded_media_candidates_batch2__EXP-MEDIA-052,2016,Daily Maverick,labour,resolved,pass1_retained_sufficient_confidence,0.2283,0,0,0.00860883,2,pass1_independent_readings_agree
expanded_official_candidates__EXP-OFFICIAL-001,2014,David Bruce / Marikana Commission,government,resolved,pass1_retained_sufficient_confidence,1.0000,0,0,0.00382075,4,pass1_independent_readings_agree
expanded_official_candidates__EXP-OFFICIAL-002,2014,Mabelane Fundi / Marikana Commission,government,resolved,pass1_retained_sufficient_confidence,1.0000,0,0,0.00404406,1,pass1_independent_readings_agree
expanded_official_candidates__EXP-OFFICIAL-003,2014,Gareth Newham / Institute for Security Studies,government,resolved,pass1_retained_sufficient_confidence,0.9447,0,0,0.03354913,5,pass1_independent_readings_agree
expanded_official_candidates__EXP-OFFICIAL-004,2014,Crispen Chinguno / SWOP,labour,resolved,pass1_retained_sufficient_confidence,0.5947,0,0,0.00601071,1,pass1_independent_readings_agree
expanded_official_candidates__EXP-OFFICIAL-005,2014,Edward Webster / SWOP,labour,resolved,pass1_retained_sufficient_confidence,0.6592,0,0,0.00690191,5,pass1_independent_readings_agree
expanded_official_candidates__EXP-OFFICIAL-006,2014,Gavin Hartford,labour,resolved,pass1_retained_sufficient_confidence,0.1667,0,0,0.03466309,1,pass1_independent_readings_agree
expanded_official_candidates__EXP-OFFICIAL-009,2014,John Brand,labour,resolved,pass1_retained_sufficient_confidence,1.0000,0,0,0.04201069,1,third_computational_adjudication_clear_margin
expanded_official_candidates__EXP-OFFICIAL-010,2014,Sakhela Buhlungu / University of Cape Town,labour,resolved,pass1_retained_sufficient_confidence,1.0000,0,0,0.01647002,2,third_computational_adjudication_clear_margin
expanded_official_candidates__EXP-OFFICIAL-011,2012,Counsel for the Families / SERI archive,community,resolved,pass1_retained_sufficient_confidence,1.0000,0,0,0.00496580,3,pass1_independent_readings_agree
expanded_official_candidates_batch2__EXP-OFFICIAL-011,2013,Council for the Advancement of the South African Constitution (CASAC) / Marikana Commission,NGO,resolved,pass1_retained_sufficient_confidence,1.0000,0,0,0.00376278,1,pass1_independent_readings_agree
