publisher,url,canonical_url,year,prescreen_status
Daily Maverick,https://www.dailymaverick.co.za/article/2012-10-15-down-with-amcu-and-malema-cosatu-and-mk-sing-from-the-same-song-sheet/,https://dailymaverick.co.za/article/2012-10-15-down-with-amcu-and-malema-cosatu-and-mk-sing-from-the-same-song-sheet,2012,secondary_keyword_only_review
Daily Maverick,https://www.dailymaverick.co.za/article/2013-01-18-amcu-the-champion-of-nationalisation-sort-of/,https://dailymaverick.co.za/article/2013-01-18-amcu-the-champion-of-nationalisation-sort-of,2013,secondary_keyword_only_review
Daily Maverick,https://www.dailymaverick.co.za/article/2013-02-20-rustenburg-amcu-and-num-call-a-truce-for-now/,https://dailymaverick.co.za/article/2013-02-20-rustenburg-amcu-and-num-call-a-truce-for-now,2013,secondary_keyword_only_review
Daily Maverick,https://www.dailymaverick.co.za/article/2013-04-09-the-numamcu-cold-war-moves-to-bargaining-councils/,https://dailymaverick.co.za/article/2013-04-09-the-numamcu-cold-war-moves-to-bargaining-councils,2013,secondary_keyword_only_review
Daily Maverick,https://www.dailymaverick.co.za/article/2013-05-14-negotiating-season-amcus-headache-mathunjwas-migraine/,https://dailymaverick.co.za/article/2013-05-14-negotiating-season-amcus-headache-mathunjwas-migraine,2013,secondary_keyword_only_review
Daily Maverick,https://www.dailymaverick.co.za/article/2013-05-17-anglo-platinum-strike-still-looms/,https://dailymaverick.co.za/article/2013-05-17-anglo-platinum-strike-still-looms,2013,secondary_keyword_only_review
Daily Maverick,https://www.dailymaverick.co.za/article/2013-07-04-agreement-for-a-sustainable-mining-industry-amcu-needs-more-time/,https://dailymaverick.co.za/article/2013-07-04-agreement-for-a-sustainable-mining-industry-amcu-needs-more-time,2013,secondary_keyword_only_review
Daily Maverick,https://www.dailymaverick.co.za/article/2013-09-05-all-that-glitters-compromises-in-gold-strike-amcu-claims-conspiracy/,https://dailymaverick.co.za/article/2013-09-05-all-that-glitters-compromises-in-gold-strike-amcu-claims-conspiracy,2013,secondary_keyword_only_review
Daily Maverick,https://www.dailymaverick.co.za/article/2013-10-01-num-amcu-resist-amplats-dismissals/,https://dailymaverick.co.za/article/2013-10-01-num-amcu-resist-amplats-dismissals,2013,secondary_keyword_only_review
Daily Maverick,https://www.dailymaverick.co.za/article/2014-01-14-platinum-politics-under-pressure-to-deliver-amcu-shifts-to-damage-control/,https://dailymaverick.co.za/article/2014-01-14-platinum-politics-under-pressure-to-deliver-amcu-shifts-to-damage-control,2014,secondary_keyword_only_review
Daily Maverick,https://www.dailymaverick.co.za/article/2014-01-22-platinum-strikes-to-amcu-its-about-more-than-just-the-money/,https://dailymaverick.co.za/article/2014-01-22-platinum-strikes-to-amcu-its-about-more-than-just-the-money,2014,secondary_keyword_only_review
Daily Maverick,https://www.dailymaverick.co.za/article/2014-01-30-amcu-holds-firm-on-platinum-strike/,https://dailymaverick.co.za/article/2014-01-30-amcu-holds-firm-on-platinum-strike,2014,secondary_keyword_only_review
Daily Maverick,https://www.dailymaverick.co.za/article/2014-03-06-platinum-strike-the-negotiation-tables-depressing-emptiness/,https://dailymaverick.co.za/article/2014-03-06-platinum-strike-the-negotiation-tables-depressing-emptiness,2014,secondary_keyword_only_review
Daily Maverick,https://www.dailymaverick.co.za/article/2014-03-07-in-pictures-amcu-takes-to-the-union-buildings/,https://dailymaverick.co.za/article/2014-03-07-in-pictures-amcu-takes-to-the-union-buildings,2014,secondary_keyword_only_review
Daily Maverick,https://www.dailymaverick.co.za/article/2014-03-11-amcus-mathunjwa-last-six-weeks-of-platinum-strike-was-like-a-warm-up/,https://dailymaverick.co.za/article/2014-03-11-amcus-mathunjwa-last-six-weeks-of-platinum-strike-was-like-a-warm-up,2014,secondary_keyword_only_review
Daily Maverick,https://www.dailymaverick.co.za/article/2014-03-19-amcu-takes-platinum-fight-to-heart-of-amplats/,https://dailymaverick.co.za/article/2014-03-19-amcu-takes-platinum-fight-to-heart-of-amplats,2014,secondary_keyword_only_review
Daily Maverick,https://www.dailymaverick.co.za/article/2014-03-26-platinum-strikes-two-months-into-starving-negotiations/,https://dailymaverick.co.za/article/2014-03-26-platinum-strikes-two-months-into-starving-negotiations,2014,secondary_keyword_only_review
Daily Maverick,https://www.dailymaverick.co.za/article/2014-04-04-platinum-strike-miners-share-their-ordeal/,https://dailymaverick.co.za/article/2014-04-04-platinum-strike-miners-share-their-ordeal,2014,secondary_keyword_only_review
Daily Maverick,https://www.dailymaverick.co.za/article/2014-04-23-platinum-strikes-discussions-to-determine-platinum-belt-amcus-future/,https://dailymaverick.co.za/article/2014-04-23-platinum-strikes-discussions-to-determine-platinum-belt-amcus-future,2014,secondary_keyword_only_review
Daily Maverick,https://www.dailymaverick.co.za/article/2014-05-20-platinum-strikes-lets-see-yo-cards-boys/,https://dailymaverick.co.za/article/2014-05-20-platinum-strikes-lets-see-yo-cards-boys,2014,secondary_keyword_only_review
Daily Maverick,https://www.dailymaverick.co.za/article/2014-05-27-platinum-strikes-hope-for-the-next-step-but-which-way/,https://dailymaverick.co.za/article/2014-05-27-platinum-strikes-hope-for-the-next-step-but-which-way,2014,secondary_keyword_only_review
Daily Maverick,https://www.dailymaverick.co.za/article/2014-06-02-platinum-strikes-the-battle-intensifies/,https://dailymaverick.co.za/article/2014-06-02-platinum-strikes-the-battle-intensifies,2014,secondary_keyword_only_review
Daily Maverick,https://www.dailymaverick.co.za/article/2014-06-06-numsa-amcu-and-the-portent-of-strike-stricken-economy/,https://dailymaverick.co.za/article/2014-06-06-numsa-amcu-and-the-portent-of-strike-stricken-economy,2014,secondary_keyword_only_review
Daily Maverick,https://www.dailymaverick.co.za/article/2014-06-09-amcu-strike-ramathlodis-platinum-team-fizzles/,https://dailymaverick.co.za/article/2014-06-09-amcu-strike-ramathlodis-platinum-team-fizzles,2014,secondary_keyword_only_review
Daily Maverick,https://www.dailymaverick.co.za/article/2014-06-09-platinum-strike-ramatlhodi-out-no-end-in-sight-whats-next/,https://dailymaverick.co.za/article/2014-06-09-platinum-strike-ramatlhodi-out-no-end-in-sight-whats-next,2014,secondary_keyword_only_review
Daily Maverick,https://www.dailymaverick.co.za/article/2014-06-11-platinum-strike-mining-minister-claims-hollow-victory/,https://dailymaverick.co.za/article/2014-06-11-platinum-strike-mining-minister-claims-hollow-victory,2014,secondary_keyword_only_review
Daily Maverick,https://www.dailymaverick.co.za/article/2014-06-11-platinum-strike-wages-politics-and-the-ancs-false-boogeymen/,https://dailymaverick.co.za/article/2014-06-11-platinum-strike-wages-politics-and-the-ancs-false-boogeymen,2014,secondary_keyword_only_review
Daily Maverick,https://www.dailymaverick.co.za/article/2014-06-12-platinum-strike-never-ending-story-set-to-end/,https://dailymaverick.co.za/article/2014-06-12-platinum-strike-never-ending-story-set-to-end,2014,secondary_keyword_only_review
Daily Maverick,https://www.dailymaverick.co.za/article/2014-06-23-platinum-strike-no-more-after-losing-r10-6-billion-in-wages-miners-claim-victory/,https://dailymaverick.co.za/article/2014-06-23-platinum-strike-no-more-after-losing-r10-6-billion-in-wages-miners-claim-victory,2014,secondary_keyword_only_review
Daily Maverick,https://www.dailymaverick.co.za/article/2014-06-27-groundup-who-won-the-platinum-strike-the-figures-speak./,https://dailymaverick.co.za/article/2014-06-27-groundup-who-won-the-platinum-strike-the-figures-speak.,2014,secondary_keyword_only_review
Daily Maverick,https://www.dailymaverick.co.za/article/2014-06-29-op-ed-amcu-victory-is-more-than-just-about-the-figures/,https://dailymaverick.co.za/article/2014-06-29-op-ed-amcu-victory-is-more-than-just-about-the-figures,2014,secondary_keyword_only_review
Daily Maverick,https://www.dailymaverick.co.za/article/2015-03-10-sibanye-golds-hlanganani-shaft-going-deep-into-the-heart-of-the-economy/,https://dailymaverick.co.za/article/2015-03-10-sibanye-golds-hlanganani-shaft-going-deep-into-the-heart-of-the-economy,2015,secondary_keyword_only_review
Daily Maverick,https://www.dailymaverick.co.za/article/2015-03-16-mining-and-money-sibanyes-struggle-to-avoid-a-repeat-of-history/,https://dailymaverick.co.za/article/2015-03-16-mining-and-money-sibanyes-struggle-to-avoid-a-repeat-of-history,2015,secondary_keyword_only_review
Daily Maverick,https://www.dailymaverick.co.za/article/2015-09-10-mining-sibanye-goes-platinum-but-can-they-make-it-work/,https://dailymaverick.co.za/article/2015-09-10-mining-sibanye-goes-platinum-but-can-they-make-it-work,2015,secondary_keyword_only_review
Daily Maverick,https://www.dailymaverick.co.za/article/2018-02-07-trapped-miners-at-gauteng-sibanye-stillwater-gold-mine-confirmed-dead/,https://dailymaverick.co.za/article/2018-02-07-trapped-miners-at-gauteng-sibanye-stillwater-gold-mine-confirmed-dead,2018,secondary_keyword_only_review
Daily Maverick,https://www.dailymaverick.co.za/article/2018-04-04-op-ed-amcu-supports-the-need-to-move-rapidly-to-a-low-carbon-economy/,https://dailymaverick.co.za/article/2018-04-04-op-ed-amcu-supports-the-need-to-move-rapidly-to-a-low-carbon-economy,2018,secondary_keyword_only_review
Daily Maverick,https://www.dailymaverick.co.za/article/2018-05-04-4-dead-6-miners-trapped-underground-at-sibanye-mine/,https://dailymaverick.co.za/article/2018-05-04-4-dead-6-miners-trapped-underground-at-sibanye-mine,2018,secondary_keyword_only_review
Daily Maverick,https://www.dailymaverick.co.za/article/2018-08-07-amcu-threatens-strike-over-planned-retrenchment-of-13-400-implats-workers/,https://dailymaverick.co.za/article/2018-08-07-amcu-threatens-strike-over-planned-retrenchment-of-13-400-implats-workers,2018,secondary_keyword_only_review
Daily Maverick,https://www.dailymaverick.co.za/article/2018-12-07-joseph-mathunjwa-please-rethink-the-deadly-sibanye-stillwater-strike/,https://dailymaverick.co.za/article/2018-12-07-joseph-mathunjwa-please-rethink-the-deadly-sibanye-stillwater-strike,2018,secondary_keyword_only_review
Daily Maverick,https://www.dailymaverick.co.za/article/2019-04-09-the-balance-in-sas-bloody-strike-at-sibanye-stillwaters-mines-tips-slightly/,https://dailymaverick.co.za/article/2019-04-09-the-balance-in-sas-bloody-strike-at-sibanye-stillwaters-mines-tips-slightly,2019,secondary_keyword_only_review
Daily Maverick,https://www.dailymaverick.co.za/article/2019-04-17-five-month-strike-at-sibanye-stillwater-gold-mines-has-ended-after-amcu-decided-to-cut-its-losses/,https://dailymaverick.co.za/article/2019-04-17-five-month-strike-at-sibanye-stillwater-gold-mines-has-ended-after-amcu-decided-to-cut-its-losses,2019,secondary_keyword_only_review
Daily Maverick,https://www.dailymaverick.co.za/article/2019-04-25-department-of-labour-threatens-to-cancel-amcus-registration/,https://dailymaverick.co.za/article/2019-04-25-department-of-labour-threatens-to-cancel-amcus-registration,2019,secondary_keyword_only_review
Daily Maverick,https://www.dailymaverick.co.za/article/2019-04-26-theyre-attacking-amcu-because-we-are-fighting-for-black-workers-mathunjwa/,https://dailymaverick.co.za/article/2019-04-26-theyre-attacking-amcu-because-we-are-fighting-for-black-workers-mathunjwa,2019,secondary_keyword_only_review
Daily Maverick,https://www.dailymaverick.co.za/article/2019-04-29-deregistration-threat-to-amcu-calls-for-active-union-solidarity/,https://dailymaverick.co.za/article/2019-04-29-deregistration-threat-to-amcu-calls-for-active-union-solidarity,2019,secondary_keyword_only_review
Daily Maverick,https://www.dailymaverick.co.za/article/2019-04-29-while-probably-at-fault-amcu-is-hardly-alone-in-seeing-a-political-agenda-in-moves-to-disband-it/,https://dailymaverick.co.za/article/2019-04-29-while-probably-at-fault-amcu-is-hardly-alone-in-seeing-a-political-agenda-in-moves-to-disband-it,2019,secondary_keyword_only_review
Daily Maverick,https://www.dailymaverick.co.za/article/2019-06-14-amcu-tables-big-wage-demands-in-platinum-sector/,https://dailymaverick.co.za/article/2019-06-14-amcu-tables-big-wage-demands-in-platinum-sector,2019,secondary_keyword_only_review
Daily Maverick,https://www.dailymaverick.co.za/article/2019-08-30-gold-strike-lay-off-costs-leave-sibanye-earnings-in-the-red/,https://dailymaverick.co.za/article/2019-08-30-gold-strike-lay-off-costs-leave-sibanye-earnings-in-the-red,2019,secondary_keyword_only_review
Daily Maverick,https://www.dailymaverick.co.za/article/2019-09-19-mathunjwa-likely-to-remain-at-helm-as-amcu-holds-elective-conference/,https://dailymaverick.co.za/article/2019-09-19-mathunjwa-likely-to-remain-at-helm-as-amcu-holds-elective-conference,2019,secondary_keyword_only_review
Daily Maverick,https://www.dailymaverick.co.za/article/2019-09-22-mathunjwa-evoking-god-and-hitler-remains-at-amcu-helm-as-platinum-wage-talks-rumble-on/,https://dailymaverick.co.za/article/2019-09-22-mathunjwa-evoking-god-and-hitler-remains-at-amcu-helm-as-platinum-wage-talks-rumble-on,2019,secondary_keyword_only_review
Daily Maverick,https://www.dailymaverick.co.za/article/2019-10-02-amcus-mathunjwa-sees-platinum-wage-deals-on-the-horizon/,https://dailymaverick.co.za/article/2019-10-02-amcus-mathunjwa-sees-platinum-wage-deals-on-the-horizon,2019,secondary_keyword_only_review
Daily Maverick,https://www.dailymaverick.co.za/article/2019-11-12-platinum-wage-deals-to-be-signed-on-wednesday-says-amcu/,https://dailymaverick.co.za/article/2019-11-12-platinum-wage-deals-to-be-signed-on-wednesday-says-amcu,2019,secondary_keyword_only_review
Daily Maverick,https://www.dailymaverick.co.za/article/2019-11-15-amcu-again-says-that-platinum-wage-deals-will-be-signed/,https://dailymaverick.co.za/article/2019-11-15-amcu-again-says-that-platinum-wage-deals-will-be-signed,2019,secondary_keyword_only_review
Daily Maverick,https://www.dailymaverick.co.za/article/2020-02-04-interview-sibanye-ceo-froneman-plays-down-mponeng-speculation-says-new-gold-assets-should-be-shallow/,https://dailymaverick.co.za/article/2020-02-04-interview-sibanye-ceo-froneman-plays-down-mponeng-speculation-says-new-gold-assets-should-be-shallow,2020,secondary_keyword_only_review
Daily Maverick,https://www.dailymaverick.co.za/article/2020-02-12-cry-of-the-xcluded-saftu-and-amcu-put-differences-aside-to-fight-austerity-and-ignite-the-left/,https://dailymaverick.co.za/article/2020-02-12-cry-of-the-xcluded-saftu-and-amcu-put-differences-aside-to-fight-austerity-and-ignite-the-left,2020,secondary_keyword_only_review
Daily Maverick,https://www.dailymaverick.co.za/article/2020-03-09-amcu-asked-to-explain-salaries-and-services-in-financial-statements/,https://dailymaverick.co.za/article/2020-03-09-amcu-asked-to-explain-salaries-and-services-in-financial-statements,2020,secondary_keyword_only_review
Daily Maverick,https://www.dailymaverick.co.za/article/2020-03-10-pgm-game-changer-basf-sibanye-and-implats-unveil-new-tri-metal-gasoline-catalyst/,https://dailymaverick.co.za/article/2020-03-10-pgm-game-changer-basf-sibanye-and-implats-unveil-new-tri-metal-gasoline-catalyst,2020,secondary_keyword_only_review
Daily Maverick,https://www.dailymaverick.co.za/article/2020-05-05-amcus-joseph-mathunjwa-knows-when-to-take-on-capital/,https://dailymaverick.co.za/article/2020-05-05-amcus-joseph-mathunjwa-knows-when-to-take-on-capital,2020,secondary_keyword_only_review
Daily Maverick,https://www.dailymaverick.co.za/article/2020-05-14-sibanyes-froneman-says-no-ma-until-debt-cut-and-dividend-revived/,https://dailymaverick.co.za/article/2020-05-14-sibanyes-froneman-says-no-ma-until-debt-cut-and-dividend-revived,2020,secondary_keyword_only_review
Daily Maverick,https://www.dailymaverick.co.za/article/2020-05-18-amcu-demands-universal-covid-19-testing-at-mines-but-that-is-not-about-to-happen/,https://dailymaverick.co.za/article/2020-05-18-amcu-demands-universal-covid-19-testing-at-mines-but-that-is-not-about-to-happen,2020,secondary_keyword_only_review
Daily Maverick,https://www.dailymaverick.co.za/article/2020-05-26-arch-rivals-num-and-amcu-both-oppose-mantashe-on-mining-sector-restarting/,https://dailymaverick.co.za/article/2020-05-26-arch-rivals-num-and-amcu-both-oppose-mantashe-on-mining-sector-restarting,2020,secondary_keyword_only_review
Daily Maverick,https://www.dailymaverick.co.za/article/2020-08-27-sibanye-stillwater-turns-dividend-tap-back-on-as-h1-earnings-soar/,https://dailymaverick.co.za/article/2020-08-27-sibanye-stillwater-turns-dividend-tap-back-on-as-h1-earnings-soar,2020,secondary_keyword_only_review
Daily Maverick,https://www.dailymaverick.co.za/article/2020-11-03-mantashe-muddies-the-policy-waters-with-attack-on-sibanyes-bee-record/,https://dailymaverick.co.za/article/2020-11-03-mantashe-muddies-the-policy-waters-with-attack-on-sibanyes-bee-record,2020,secondary_keyword_only_review
Daily Maverick,https://www.dailymaverick.co.za/article/2021-02-18-earnings-surge-for-gold-fields-and-its-offspring-sibanye-which-is-shock-expanding-in-sa/,https://dailymaverick.co.za/article/2021-02-18-earnings-surge-for-gold-fields-and-its-offspring-sibanye-which-is-shock-expanding-in-sa,2021,secondary_keyword_only_review
Daily Maverick,https://www.dailymaverick.co.za/article/2021-03-09-sibanye-says-anglogold-gold-fields-fit-acquisition-strategy/,https://dailymaverick.co.za/article/2021-03-09-sibanye-says-anglogold-gold-fields-fit-acquisition-strategy,2021,secondary_keyword_only_review
Daily Maverick,https://www.dailymaverick.co.za/article/2021-03-24-sibanye-stillwaters-froneman-tells-pgm-conference-he-is-going-for-gold/,https://dailymaverick.co.za/article/2021-03-24-sibanye-stillwaters-froneman-tells-pgm-conference-he-is-going-for-gold,2021,secondary_keyword_only_review
Daily Maverick,https://www.dailymaverick.co.za/article/2021-05-06-pgm-bonanza-sibanye-stillwater-posts-record-q1-earnings/,https://dailymaverick.co.za/article/2021-05-06-pgm-bonanza-sibanye-stillwater-posts-record-q1-earnings,2021,secondary_keyword_only_review
Daily Maverick,https://www.dailymaverick.co.za/article/2021-05-16-commodity-price-boom-doesnt-change-sas-shoddy-investment-case-says-sibanyes-froneman/,https://dailymaverick.co.za/article/2021-05-16-commodity-price-boom-doesnt-change-sas-shoddy-investment-case-says-sibanyes-froneman,2021,secondary_keyword_only_review
Daily Maverick,https://www.dailymaverick.co.za/article/2021-08-09-anglogold-interim-earnings-dip-its-ghana-mine-woes-mount-and-sibanye-signals-record-results/,https://dailymaverick.co.za/article/2021-08-09-anglogold-interim-earnings-dip-its-ghana-mine-woes-mount-and-sibanye-signals-record-results,2021,secondary_keyword_only_review
Daily Maverick,https://www.dailymaverick.co.za/article/2021-09-16-sibanye-stillwater-invests-490m-in-us-lithium-joint-venture/,https://dailymaverick.co.za/article/2021-09-16-sibanye-stillwater-invests-490m-in-us-lithium-joint-venture,2021,secondary_keyword_only_review
Daily Maverick,https://www.dailymaverick.co.za/article/2021-10-03-unions-once-again-present-united-front-this-time-in-sibanye-wage-talks/,https://dailymaverick.co.za/article/2021-10-03-unions-once-again-present-united-front-this-time-in-sibanye-wage-talks,2021,secondary_keyword_only_review
Daily Maverick,https://www.dailymaverick.co.za/article/2021-10-21-sibanye-raises-gold-wage-offer-to-unions-talks-extended/,https://dailymaverick.co.za/article/2021-10-21-sibanye-raises-gold-wage-offer-to-unions-talks-extended,2021,secondary_keyword_only_review
Daily Maverick,https://www.dailymaverick.co.za/article/2021-10-25-sibanye-stillwater-confirms-talks-to-acquire-nickel-and-copper-mines-in-brazil-that-may-cost-around-1-billion/,https://dailymaverick.co.za/article/2021-10-25-sibanye-stillwater-confirms-talks-to-acquire-nickel-and-copper-mines-in-brazil-that-may-cost-around-1-billion,2021,secondary_keyword_only_review
Daily Maverick,https://www.dailymaverick.co.za/article/2021-10-26-sibanye-stillwater-digs-deep-to-seal-deal-for-brazillian-mining-assets/,https://dailymaverick.co.za/article/2021-10-26-sibanye-stillwater-digs-deep-to-seal-deal-for-brazillian-mining-assets,2021,secondary_keyword_only_review
Daily Maverick,https://www.dailymaverick.co.za/article/2021-11-01-hospital-groups-recover-sibanye-goes-on-a-dealmaking-spree/,https://dailymaverick.co.za/article/2021-11-01-hospital-groups-recover-sibanye-goes-on-a-dealmaking-spree,2021,secondary_keyword_only_review
Daily Maverick,https://www.dailymaverick.co.za/article/2021-11-24-deadlock-unions-set-to-apply-to-strike-against-sibanyes-gold-operations/,https://dailymaverick.co.za/article/2021-11-24-deadlock-unions-set-to-apply-to-strike-against-sibanyes-gold-operations,2021,secondary_keyword_only_review
Daily Maverick,https://www.dailymaverick.co.za/article/2021-11-25-exclusive-joseph-mathunjwas-2019-election-as-amcu-president-set-aside-by-labour-court/,https://dailymaverick.co.za/article/2021-11-25-exclusive-joseph-mathunjwas-2019-election-as-amcu-president-set-aside-by-labour-court,2021,secondary_keyword_only_review
Daily Maverick,https://www.dailymaverick.co.za/article/2021-12-03-exclusive-sibanye-to-bring-in-effective-mandatory-vaccine-policy-from-february-2022/,https://dailymaverick.co.za/article/2021-12-03-exclusive-sibanye-to-bring-in-effective-mandatory-vaccine-policy-from-february-2022,2021,secondary_keyword_only_review
Daily Maverick,https://www.dailymaverick.co.za/article/2022-01-12-free-state-municipality-and-sibanye-stillwater-mine-at-odds-on-accountability-after-wastewater-flows-on-to-farmland/,https://dailymaverick.co.za/article/2022-01-12-free-state-municipality-and-sibanye-stillwater-mine-at-odds-on-accountability-after-wastewater-flows-on-to-farmland,2022,secondary_keyword_only_review
Daily Maverick,https://www.dailymaverick.co.za/article/2022-01-13-ccma-issues-strike-certificate-to-unions-for-sibanye-stillwater-gold-strike/,https://dailymaverick.co.za/article/2022-01-13-ccma-issues-strike-certificate-to-unions-for-sibanye-stillwater-gold-strike,2022,secondary_keyword_only_review
Daily Maverick,https://www.dailymaverick.co.za/article/2022-01-24-sibanye-stillwater-pulls-the-plug-on-1bn-brazil-deal-after-geotechnical-event/,https://dailymaverick.co.za/article/2022-01-24-sibanye-stillwater-pulls-the-plug-on-1bn-brazil-deal-after-geotechnical-event,2022,secondary_keyword_only_review
Daily Maverick,https://www.dailymaverick.co.za/article/2022-01-25-appian-capital-up-in-legal-arms-over-sibanye-stillwater-collapsed-1bn-brazil-deal/,https://dailymaverick.co.za/article/2022-01-25-appian-capital-up-in-legal-arms-over-sibanye-stillwater-collapsed-1bn-brazil-deal,2022,secondary_keyword_only_review
Daily Maverick,https://www.dailymaverick.co.za/article/2022-03-03-sibanyes-record-earnings-overshadowed-by-safety-setback-looming-gold-mines-strike/,https://dailymaverick.co.za/article/2022-03-03-sibanyes-record-earnings-overshadowed-by-safety-setback-looming-gold-mines-strike,2022,secondary_keyword_only_review
Daily Maverick,https://www.dailymaverick.co.za/article/2022-03-07-failed-state-sibanyes-froneman-paints-bleak-picture-of-sa/,https://dailymaverick.co.za/article/2022-03-07-failed-state-sibanyes-froneman-paints-bleak-picture-of-sa,2022,secondary_keyword_only_review
Daily Maverick,https://www.dailymaverick.co.za/article/2022-03-08-num-amcu-members-to-down-tools-at-sibanyes-gold-ops-on-9-march/,https://dailymaverick.co.za/article/2022-03-08-num-amcu-members-to-down-tools-at-sibanyes-gold-ops-on-9-march,2022,secondary_keyword_only_review
Daily Maverick,https://www.dailymaverick.co.za/article/2022-04-06-sibanyes-froneman-draws-a-line-in-the-sand-on-above-inflation-wage-increases/,https://dailymaverick.co.za/article/2022-04-06-sibanyes-froneman-draws-a-line-in-the-sand-on-above-inflation-wage-increases,2022,secondary_keyword_only_review
Daily Maverick,https://www.dailymaverick.co.za/article/2022-05-15-sibanye-ceo-froneman-explains-r300m-renumeration-package/,https://dailymaverick.co.za/article/2022-05-15-sibanye-ceo-froneman-explains-r300m-renumeration-package,2022,secondary_keyword_only_review
Daily Maverick,https://www.dailymaverick.co.za/article/2022-05-29-sibanye-stillwater-in-mediation-with-striking-unions-while-wage-talks-remain-deadlocked/,https://dailymaverick.co.za/article/2022-05-29-sibanye-stillwater-in-mediation-with-striking-unions-while-wage-talks-remain-deadlocked,2022,secondary_keyword_only_review
Daily Maverick,https://www.dailymaverick.co.za/article/2022-05-31-sibanye-wage-talks-deadlock-again-num-amcu-seek-arbitrator-to-end-strike/,https://dailymaverick.co.za/article/2022-05-31-sibanye-wage-talks-deadlock-again-num-amcu-seek-arbitrator-to-end-strike,2022,secondary_keyword_only_review
Daily Maverick,https://www.dailymaverick.co.za/article/2022-06-02-signs-of-imminent-deal-to-end-sibanye-gold-strike-as-union-boss-joseph-mathunjwa-rallies-numco/,https://dailymaverick.co.za/article/2022-06-02-signs-of-imminent-deal-to-end-sibanye-gold-strike-as-union-boss-joseph-mathunjwa-rallies-numco,2022,secondary_keyword_only_review
Daily Maverick,https://www.dailymaverick.co.za/article/2022-06-05-as-sibanye-gold-strike-ends-focus-shifts-to-pgm-wage-talks-and-numcu-o/,https://dailymaverick.co.za/article/2022-06-05-as-sibanye-gold-strike-ends-focus-shifts-to-pgm-wage-talks-and-numcu-o,2022,secondary_keyword_only_review
Daily Maverick,https://www.dailymaverick.co.za/article/2022-06-07-electrician-killed-in-shootout-involving-150-zamas-at-moth-balled-sibanye-gold-mine-video-included/,https://dailymaverick.co.za/article/2022-06-07-electrician-killed-in-shootout-involving-150-zamas-at-moth-balled-sibanye-gold-mine-video-included,2022,secondary_keyword_only_review
Daily Maverick,https://www.dailymaverick.co.za/article/2022-06-08-sibanye-wage-talks-hit-a-snag-as-haggling-still-persists-after-broad-agreement-to-end-strike/,https://dailymaverick.co.za/article/2022-06-08-sibanye-wage-talks-hit-a-snag-as-haggling-still-persists-after-broad-agreement-to-end-strike,2022,secondary_keyword_only_review
Daily Maverick,https://www.dailymaverick.co.za/article/2022-06-12-sibanye-gold-strike-finally-ends-eyes-turn-to-pgm-wage-talks/,https://dailymaverick.co.za/article/2022-06-12-sibanye-gold-strike-finally-ends-eyes-turn-to-pgm-wage-talks,2022,secondary_keyword_only_review
Daily Maverick,https://www.dailymaverick.co.za/article/2022-06-14-sibanye-shuts-down-montana-pgm-operation-in-us-after-floods/,https://dailymaverick.co.za/article/2022-06-14-sibanye-shuts-down-montana-pgm-operation-in-us-after-floods,2022,secondary_keyword_only_review
Daily Maverick,https://www.dailymaverick.co.za/article/2022-06-27-implats-secures-five-year-wage-deal-with-amcu-numsa-member-murdered-in-rustenburg/,https://dailymaverick.co.za/article/2022-06-27-implats-secures-five-year-wage-deal-with-amcu-numsa-member-murdered-in-rustenburg,2022,secondary_keyword_only_review
Daily Maverick,https://www.dailymaverick.co.za/article/2022-06-28-amcus-mathunjwa-has-a-strong-message-for-sibanye-ahead-of-wage-talks/,https://dailymaverick.co.za/article/2022-06-28-amcus-mathunjwa-has-a-strong-message-for-sibanye-ahead-of-wage-talks,2022,secondary_keyword_only_review
Daily Maverick,https://www.dailymaverick.co.za/article/2022-08-25-gold-fields-and-its-offspring-sibanye-interim-earnings-tell-a-tale-of-two-contrasting-mining-operations/,https://dailymaverick.co.za/article/2022-08-25-gold-fields-and-its-offspring-sibanye-interim-earnings-tell-a-tale-of-two-contrasting-mining-operations,2022,secondary_keyword_only_review
Daily Maverick,https://www.dailymaverick.co.za/article/2022-08-28-call-in-army-for-war-on-zama-zamas-says-sibanye-ceo-froneman/,https://dailymaverick.co.za/article/2022-08-28-call-in-army-for-war-on-zama-zamas-says-sibanye-ceo-froneman,2022,secondary_keyword_only_review
Daily Maverick,https://www.dailymaverick.co.za/article/2022-10-02-sibanyes-pgm-unit-reaches-pay-deal-with-num-and-uasa-amcu-declares-dispute/,https://dailymaverick.co.za/article/2022-10-02-sibanyes-pgm-unit-reaches-pay-deal-with-num-and-uasa-amcu-declares-dispute,2022,secondary_keyword_only_review
Daily Maverick,https://www.dailymaverick.co.za/article/2022-10-05-sibanye-ceo-says-the-burning-planet-is-driving-companys-green-metals-drive/,https://dailymaverick.co.za/article/2022-10-05-sibanye-ceo-says-the-burning-planet-is-driving-companys-green-metals-drive,2022,secondary_keyword_only_review
Daily Maverick,https://www.dailymaverick.co.za/article/2022-10-06-sibanye-cries-foul-after-amcu-rejects-wage-offer-accepted-by-other-unions/,https://dailymaverick.co.za/article/2022-10-06-sibanye-cries-foul-after-amcu-rejects-wage-offer-accepted-by-other-unions,2022,secondary_keyword_only_review
Daily Maverick,https://www.dailymaverick.co.za/article/2022-10-30-sibanye-amcu-sign-five-year-wage-deal-as-union-unrest-declines-in-pgm-sector/,https://dailymaverick.co.za/article/2022-10-30-sibanye-amcu-sign-five-year-wage-deal-as-union-unrest-declines-in-pgm-sector,2022,secondary_keyword_only_review
Daily Maverick,https://www.dailymaverick.co.za/article/2022-11-01-sibanye-launches-retrenchment-talks-with-more-than-2400-gold-mine-jobs-on-the-line/,https://dailymaverick.co.za/article/2022-11-01-sibanye-launches-retrenchment-talks-with-more-than-2400-gold-mine-jobs-on-the-line,2022,secondary_keyword_only_review
Daily Maverick,https://www.dailymaverick.co.za/article/2023-02-06-sibanyes-froneman-says-sas-mining-sector-is-being-hammered-by-the-scourge-of-crime/,https://dailymaverick.co.za/article/2023-02-06-sibanyes-froneman-says-sas-mining-sector-is-being-hammered-by-the-scourge-of-crime,2023,secondary_keyword_only_review
Daily Maverick,https://www.dailymaverick.co.za/article/2023-03-28-copper-cable-theft-cost-sibanye-north-of-r1bn-in-production-in-2022-mining-forum-told/,https://dailymaverick.co.za/article/2023-03-28-copper-cable-theft-cost-sibanye-north-of-r1bn-in-production-in-2022-mining-forum-told,2023,secondary_keyword_only_review
Daily Maverick,https://www.dailymaverick.co.za/article/2023-04-25-sibanye-says-illegal-mining-a-growing-and-material-risk-for-its-sa-operations/,https://dailymaverick.co.za/article/2023-04-25-sibanye-says-illegal-mining-a-growing-and-material-risk-for-its-sa-operations,2023,secondary_keyword_only_review
Daily Maverick,https://www.dailymaverick.co.za/article/2023-04-25-sibanyes-froneman-took-a-more-than-30-pay-cut-in-2022-group-maintains-wage-disparities-narrowing/,https://dailymaverick.co.za/article/2023-04-25-sibanyes-froneman-took-a-more-than-30-pay-cut-in-2022-group-maintains-wage-disparities-narrowing,2023,secondary_keyword_only_review
Daily Maverick,https://www.dailymaverick.co.za/article/2023-05-29-sibanye-stillwater-inks-deal-to-buy-power-from-sas-largest-private-wind-farm-to-be-built-near-de-aar/,https://dailymaverick.co.za/article/2023-05-29-sibanye-stillwater-inks-deal-to-buy-power-from-sas-largest-private-wind-farm-to-be-built-near-de-aar,2023,secondary_keyword_only_review
Daily Maverick,https://www.dailymaverick.co.za/article/2023-08-29-sibanye-stillwater-flags-grey-elephants-as-earnings-sag-nevada-lithium-project-delayed-by-rare-plant/,https://dailymaverick.co.za/article/2023-08-29-sibanye-stillwater-flags-grey-elephants-as-earnings-sag-nevada-lithium-project-delayed-by-rare-plant,2023,secondary_keyword_only_review
Daily Maverick,https://www.dailymaverick.co.za/article/2023-09-04-surface-raids-increase-while-sibanye-beats-back-underground-crime/,https://dailymaverick.co.za/article/2023-09-04-surface-raids-increase-while-sibanye-beats-back-underground-crime,2023,secondary_keyword_only_review
Daily Maverick,https://www.dailymaverick.co.za/article/2023-09-14-sibanye-signals-3000-lay-offs-at-kloof-as-operational-woes-trump-sky-high-gold-prices/,https://dailymaverick.co.za/article/2023-09-14-sibanye-signals-3000-lay-offs-at-kloof-as-operational-woes-trump-sky-high-gold-prices,2023,secondary_keyword_only_review
Daily Maverick,https://www.dailymaverick.co.za/article/2023-10-04-lay-offs-in-pgm-sector-are-inevitable-as-prices-sink-and-costs-soar-sibanye-stillwater-ceo/,https://dailymaverick.co.za/article/2023-10-04-lay-offs-in-pgm-sector-are-inevitable-as-prices-sink-and-costs-soar-sibanye-stillwater-ceo,2023,secondary_keyword_only_review
Daily Maverick,https://www.dailymaverick.co.za/article/2023-10-23-gold-one-mine-hostage-drama-signals-possible-end-of-num-amcu-honeymoon/,https://dailymaverick.co.za/article/2023-10-23-gold-one-mine-hostage-drama-signals-possible-end-of-num-amcu-honeymoon,2023,secondary_keyword_only_review
Daily Maverick,https://www.dailymaverick.co.za/article/2023-11-06-sibanye-in-five-year-wage-deal-with-amcu-and-num-suggesting-gold-one-flare-up-is-contained/,https://dailymaverick.co.za/article/2023-11-06-sibanye-in-five-year-wage-deal-with-amcu-and-num-suggesting-gold-one-flare-up-is-contained,2023,secondary_keyword_only_review
Daily Maverick,https://www.dailymaverick.co.za/opinionista/2012-10-19-from-the-nums-ashes-amcu-will-rise-and-rise/,https://dailymaverick.co.za/opinionista/2012-10-19-from-the-nums-ashes-amcu-will-rise-and-rise,2012,secondary_keyword_only_review
Daily Maverick,https://www.dailymaverick.co.za/opinionista/2014-06-30-after-the-platinum-strike-we-dare-not-fail-now/,https://dailymaverick.co.za/opinionista/2014-06-30-after-the-platinum-strike-we-dare-not-fail-now,2014,secondary_keyword_only_review
Daily Maverick,https://www.dailymaverick.co.za/opinionista/2014-07-01-lessons-from-the-platinum-strike-the-poison-of-inequality/,https://dailymaverick.co.za/opinionista/2014-07-01-lessons-from-the-platinum-strike-the-poison-of-inequality,2014,secondary_keyword_only_review
Daily Maverick,https://www.dailymaverick.co.za/opinionista/2019-04-24-the-sibanye-stillwater-strike-has-had-devastating-consequences-all-because-of-joseph-mathunjwas-ambitions/,https://dailymaverick.co.za/opinionista/2019-04-24-the-sibanye-stillwater-strike-has-had-devastating-consequences-all-because-of-joseph-mathunjwas-ambitions,2019,secondary_keyword_only_review
Engineering News,https://www.engineeringnews.co.za/article/11-sibanye-employees-face-arrest-over-inter-union-violence-2015-03-11,https://engineeringnews.co.za/article/11-sibanye-employees-face-arrest-over-inter-union-violence-2015-03-11,2015,secondary_keyword_only_review
Engineering News,https://www.engineeringnews.co.za/article/51-sibanye-employees-test-positive-for-covid-19-2020-05-28,https://engineeringnews.co.za/article/51-sibanye-employees-test-positive-for-covid-19-2020-05-28,2020,secondary_keyword_only_review
Engineering News,https://www.engineeringnews.co.za/article/80-000-amcu-workers-on-strike-in-platinum-sector-2014-01-23,https://engineeringnews.co.za/article/80-000-amcu-workers-on-strike-in-platinum-sector-2014-01-23,2014,secondary_keyword_only_review
Engineering News,https://www.engineeringnews.co.za/article/accord-with-amcu-sets-mechanised-gold-junior-on-new-growth-path-2014-04-08,https://engineeringnews.co.za/article/accord-with-amcu-sets-mechanised-gold-junior-on-new-growth-path-2014-04-08,2014,secondary_keyword_only_review
Engineering News,https://www.engineeringnews.co.za/article/accord-with-amcu-sets-mechanised-gold-junior-on-new-growth-path-2014-04-18,https://engineeringnews.co.za/article/accord-with-amcu-sets-mechanised-gold-junior-on-new-growth-path-2014-04-18,2014,secondary_keyword_only_review
Engineering News,https://www.engineeringnews.co.za/article/acquisitions-boost-sibanyes-gold-reserves-65-2014-06-04,https://engineeringnews.co.za/article/acquisitions-boost-sibanyes-gold-reserves-65-2014-06-04,2014,secondary_keyword_only_review
Engineering News,https://www.engineeringnews.co.za/article/after-ma-spree-sibanye-is-now-the-worlds-largest-platinum-miner-2019-05-30,https://engineeringnews.co.za/article/after-ma-spree-sibanye-is-now-the-worlds-largest-platinum-miner-2019-05-30,2019,secondary_keyword_only_review
Engineering News,https://www.engineeringnews.co.za/article/all-1-800-trapped-sibanye-miners-are-rescued-government-says-2019-05-01,https://engineeringnews.co.za/article/all-1-800-trapped-sibanye-miners-are-rescued-government-says-2019-05-01,2019,secondary_keyword_only_review
Engineering News,https://www.engineeringnews.co.za/article/allan-gray-lifts-interest-in-sibanye-above-5-2021-09-07,https://engineeringnews.co.za/article/allan-gray-lifts-interest-in-sibanye-above-5-2021-09-07,2021,secondary_keyword_only_review
Engineering News,https://www.engineeringnews.co.za/article/alternative-energy-developments-at-amplats-sibanye-2020-02-20,https://engineeringnews.co.za/article/alternative-energy-developments-at-amplats-sibanye-2020-02-20,2020,secondary_keyword_only_review
Engineering News,https://www.engineeringnews.co.za/article/alternatives-to-explosives-required-sibanye-developing-new-technologies-2016-12-09,https://engineeringnews.co.za/article/alternatives-to-explosives-required-sibanye-developing-new-technologies-2016-12-09,2016,secondary_keyword_only_review
Engineering News,https://www.engineeringnews.co.za/article/amcu-accepts-wage-offer-2014-06-23,https://engineeringnews.co.za/article/amcu-accepts-wage-offer-2014-06-23,2014,secondary_keyword_only_review
Engineering News,https://www.engineeringnews.co.za/article/amcu-accuses-sibanye-of-using-underhand-tactics-to-end-strike-2018-12-13,https://engineeringnews.co.za/article/amcu-accuses-sibanye-of-using-underhand-tactics-to-end-strike-2018-12-13,2018,secondary_keyword_only_review
Engineering News,https://www.engineeringnews.co.za/article/amcu-application-postponed-2013-01-22,https://engineeringnews.co.za/article/amcu-application-postponed-2013-01-22,2013,secondary_keyword_only_review
Engineering News,https://www.engineeringnews.co.za/article/amcu-article-2013-02-25,https://engineeringnews.co.za/article/amcu-article-2013-02-25,2013,secondary_keyword_only_review
Engineering News,https://www.engineeringnews.co.za/article/amcu-assists-beleaguered-mineworkers-at-lily-mine-2016-07-29,https://engineeringnews.co.za/article/amcu-assists-beleaguered-mineworkers-at-lily-mine-2016-07-29,2016,secondary_keyword_only_review
Engineering News,https://www.engineeringnews.co.za/article/amcu-awaits-court-ruling-on-its-right-to-engage-in-protected-strike-action-2015-10-23,https://engineeringnews.co.za/article/amcu-awaits-court-ruling-on-its-right-to-engage-in-protected-strike-action-2015-10-23,2015,secondary_keyword_only_review
Engineering News,https://www.engineeringnews.co.za/article/amcu-calls-for-amplats-mining-rights-to-be-revoked-proposes-nationalisation-2013-01-17,https://engineeringnews.co.za/article/amcu-calls-for-amplats-mining-rights-to-be-revoked-proposes-nationalisation-2013-01-17,2013,secondary_keyword_only_review
Engineering News,https://www.engineeringnews.co.za/article/amcu-calls-for-commission-into-mine-safety-2017-10-16,https://engineeringnews.co.za/article/amcu-calls-for-commission-into-mine-safety-2017-10-16,2017,secondary_keyword_only_review
Engineering News,https://www.engineeringnews.co.za/article/amcu-calls-for-criminal-charges-following-barberton-mine-collapse-2016-02-05,https://engineeringnews.co.za/article/amcu-calls-for-criminal-charges-following-barberton-mine-collapse-2016-02-05,2016,secondary_keyword_only_review
Engineering News,https://www.engineeringnews.co.za/article/amcu-calls-for-more-whistle-blowers-to-come-forward-in-samancor-chrome-case-2019-10-09,https://engineeringnews.co.za/article/amcu-calls-for-more-whistle-blowers-to-come-forward-in-samancor-chrome-case-2019-10-09,2019,secondary_keyword_only_review
Engineering News,https://www.engineeringnews.co.za/article/amcu-calls-for-testing-of-all-employees-at-affiliated-workplaces-2020-05-25,https://engineeringnews.co.za/article/amcu-calls-for-testing-of-all-employees-at-affiliated-workplaces-2020-05-25,2020,secondary_keyword_only_review
Engineering News,https://www.engineeringnews.co.za/article/amcu-calls-for-tougher-mine-safety-regulation-2019-07-02,https://engineeringnews.co.za/article/amcu-calls-for-tougher-mine-safety-regulation-2019-07-02,2019,secondary_keyword_only_review
Engineering News,https://www.engineeringnews.co.za/article/amcu-calls-for-tougher-mine-safety-regulation-2019-07-12,https://engineeringnews.co.za/article/amcu-calls-for-tougher-mine-safety-regulation-2019-07-12,2019,secondary_keyword_only_review
Engineering News,https://www.engineeringnews.co.za/article/amcu-calls-on-all-members-to-strike-in-support-of-sibanye-gold-employees-2019-02-19,https://engineeringnews.co.za/article/amcu-calls-on-all-members-to-strike-in-support-of-sibanye-gold-employees-2019-02-19,2019,secondary_keyword_only_review
Engineering News,https://www.engineeringnews.co.za/article/amcu-calls-on-glencore-to-improve-mineworkers-wages-benefits-2016-05-06,https://engineeringnews.co.za/article/amcu-calls-on-glencore-to-improve-mineworkers-wages-benefits-2016-05-06,2016,secondary_keyword_only_review
Engineering News,https://www.engineeringnews.co.za/article/amcu-calls-on-gold-miners-to-return-to-the-negotiating-table-2015-10-14,https://engineeringnews.co.za/article/amcu-calls-on-gold-miners-to-return-to-the-negotiating-table-2015-10-14,2015,secondary_keyword_only_review
Engineering News,https://www.engineeringnews.co.za/article/amcu-calls-on-ramaphosa-to-intervene-in-strike-at-sibanye-operations-2019-03-14,https://engineeringnews.co.za/article/amcu-calls-on-ramaphosa-to-intervene-in-strike-at-sibanye-operations-2019-03-14,2019,secondary_keyword_only_review
Engineering News,https://www.engineeringnews.co.za/article/amcu-ccma-talks-postponed-until-monday-2014-02-14,https://engineeringnews.co.za/article/amcu-ccma-talks-postponed-until-monday-2014-02-14,2014,secondary_keyword_only_review
Engineering News,https://www.engineeringnews.co.za/article/amcu-celebrates-workers-day-sends-signal-to-rivals-saying-politics-not-unions-business-2017-05-02,https://engineeringnews.co.za/article/amcu-celebrates-workers-day-sends-signal-to-rivals-saying-politics-not-unions-business-2017-05-02,2017,secondary_keyword_only_review
Engineering News,https://www.engineeringnews.co.za/article/amcu-claims-substandard-safety-equipment-procedures-led-to-fatalities-at-implats-2016-01-27,https://engineeringnews.co.za/article/amcu-claims-substandard-safety-equipment-procedures-led-to-fatalities-at-implats-2016-01-27,2016,secondary_keyword_only_review
Engineering News,https://www.engineeringnews.co.za/article/amcu-coal-gold-strike-not-approved-nedlac-2014-03-28,https://engineeringnews.co.za/article/amcu-coal-gold-strike-not-approved-nedlac-2014-03-28,2014,secondary_keyword_only_review
Engineering News,https://www.engineeringnews.co.za/article/amcu-condemns-attacks-calls-for-revision-of-policies-2015-04-20,https://engineeringnews.co.za/article/amcu-condemns-attacks-calls-for-revision-of-policies-2015-04-20,2015,secondary_keyword_only_review
Engineering News,https://www.engineeringnews.co.za/article/amcu-considering-all-options-negotiator-2014-05-29,https://engineeringnews.co.za/article/amcu-considering-all-options-negotiator-2014-05-29,2014,secondary_keyword_only_review
Engineering News,https://www.engineeringnews.co.za/article/amcu-cries-foul-2019-05-10,https://engineeringnews.co.za/article/amcu-cries-foul-2019-05-10,2019,secondary_keyword_only_review
Engineering News,https://www.engineeringnews.co.za/article/amcu-declares-dispute-with-three-gold-mining-companies-2018-09-11,https://engineeringnews.co.za/article/amcu-declares-dispute-with-three-gold-mining-companies-2018-09-11,2018,secondary_keyword_only_review
Engineering News,https://www.engineeringnews.co.za/article/amcu-decries-governments-failures-calls-for-south-africa-first-approach-2017-05-02,https://engineeringnews.co.za/article/amcu-decries-governments-failures-calls-for-south-africa-first-approach-2017-05-02,2017,secondary_keyword_only_review
Engineering News,https://www.engineeringnews.co.za/article/amcu-delays-wider-mining-strike-until-judgment-2019-02-28,https://engineeringnews.co.za/article/amcu-delays-wider-mining-strike-until-judgment-2019-02-28,2019,secondary_keyword_only_review
Engineering News,https://www.engineeringnews.co.za/article/amcu-demands-lily-mine-rescue-to-resume-2016-08-18,https://engineeringnews.co.za/article/amcu-demands-lily-mine-rescue-to-resume-2016-08-18,2016,secondary_keyword_only_review
Engineering News,https://www.engineeringnews.co.za/article/amcu-demands-summit-to-discuss-renewable-energy-jobs-2018-03-23,https://engineeringnews.co.za/article/amcu-demands-summit-to-discuss-renewable-energy-jobs-2018-03-23,2018,secondary_keyword_only_review
Engineering News,https://www.engineeringnews.co.za/article/amcu-demands-summit-to-discuss-renewable-energy-jobs-2018-04-06,https://engineeringnews.co.za/article/amcu-demands-summit-to-discuss-renewable-energy-jobs-2018-04-06,2018,secondary_keyword_only_review
Engineering News,https://www.engineeringnews.co.za/article/amcu-denies-personal-vendetta-with-sibanye-ceo-2019-03-12,https://engineeringnews.co.za/article/amcu-denies-personal-vendetta-with-sibanye-ceo-2019-03-12,2019,secondary_keyword_only_review
Engineering News,https://www.engineeringnews.co.za/article/amcu-disagrees-with-sibanye-about-labour-verification-outcome-2019-04-09,https://engineeringnews.co.za/article/amcu-disagrees-with-sibanye-about-labour-verification-outcome-2019-04-09,2019,secondary_keyword_only_review
Engineering News,https://www.engineeringnews.co.za/article/amcu-dismayed-at-mining-fatalities-2021-01-14,https://engineeringnews.co.za/article/amcu-dismayed-at-mining-fatalities-2021-01-14,2021,secondary_keyword_only_review
Engineering News,https://www.engineeringnews.co.za/article/amcu-expresses-concern-over-south-africas-proposed-transition-from-coal-based-resources-2021-11-09,https://engineeringnews.co.za/article/amcu-expresses-concern-over-south-africas-proposed-transition-from-coal-based-resources-2021-11-09,2021,secondary_keyword_only_review
Engineering News,https://www.engineeringnews.co.za/article/amcu-files-case-against-samancor-chrome-over-alleged-fraud-2019-10-02,https://engineeringnews.co.za/article/amcu-files-case-against-samancor-chrome-over-alleged-fraud-2019-10-02,2019,secondary_keyword_only_review
Engineering News,https://www.engineeringnews.co.za/article/amcu-heads-to-court-to-fight-for-minimum-health-safety-standards-for-mineworkers-2020-04-28,https://engineeringnews.co.za/article/amcu-heads-to-court-to-fight-for-minimum-health-safety-standards-for-mineworkers-2020-04-28,2020,secondary_keyword_only_review
Engineering News,https://www.engineeringnews.co.za/article/amcu-indicates-it-will-reject-com-collective-bargaining-proposal-2013-04-26,https://engineeringnews.co.za/article/amcu-indicates-it-will-reject-com-collective-bargaining-proposal-2013-04-26,2013,secondary_keyword_only_review
Engineering News,https://www.engineeringnews.co.za/article/amcu-knocking-on-door-at-northams-zondereinde-platinum-mine-2014-08-14,https://engineeringnews.co.za/article/amcu-knocking-on-door-at-northams-zondereinde-platinum-mine-2014-08-14,2014,secondary_keyword_only_review
Engineering News,https://www.engineeringnews.co.za/article/amcu-knocking-on-door-at-northams-zondereinde-platinum-mine-2014-08-22,https://engineeringnews.co.za/article/amcu-knocking-on-door-at-northams-zondereinde-platinum-mine-2014-08-22,2014,secondary_keyword_only_review
Engineering News,https://www.engineeringnews.co.za/article/amcu-labour-case-in-court-2014-06-05,https://engineeringnews.co.za/article/amcu-labour-case-in-court-2014-06-05,2014,secondary_keyword_only_review
Engineering News,https://www.engineeringnews.co.za/article/amcu-labour-case-postponed-2014-02-24-1,https://engineeringnews.co.za/article/amcu-labour-case-postponed-2014-02-24-1,2014,secondary_keyword_only_review
Engineering News,https://www.engineeringnews.co.za/article/amcu-laments-rise-in-covid-19-cases-calls-on-mining-companies-for-assistance-2021-01-04,https://engineeringnews.co.za/article/amcu-laments-rise-in-covid-19-cases-calls-on-mining-companies-for-assistance-2021-01-04,2021,secondary_keyword_only_review
Engineering News,https://www.engineeringnews.co.za/article/amcu-laments-tragic-start-to-new-year-2020-01-20,https://engineeringnews.co.za/article/amcu-laments-tragic-start-to-new-year-2020-01-20,2020,secondary_keyword_only_review
Engineering News,https://www.engineeringnews.co.za/article/amcu-loses-recognition-status-at-samancor-2014-07-15,https://engineeringnews.co.za/article/amcu-loses-recognition-status-at-samancor-2014-07-15,2014,secondary_keyword_only_review
Engineering News,https://www.engineeringnews.co.za/article/amcu-march-motorists-warned-to-stay-out-of-joburg-cbd-2019-01-22,https://engineeringnews.co.za/article/amcu-march-motorists-warned-to-stay-out-of-joburg-cbd-2019-01-22,2019,secondary_keyword_only_review
Engineering News,https://www.engineeringnews.co.za/article/amcu-members-down-tools-at-lace-mine-2014-10-23,https://engineeringnews.co.za/article/amcu-members-down-tools-at-lace-mine-2014-10-23,2014,secondary_keyword_only_review
Engineering News,https://www.engineeringnews.co.za/article/amcu-members-still-on-strike-at-lace-mine-2014-11-11,https://engineeringnews.co.za/article/amcu-members-still-on-strike-at-lace-mine-2014-11-11,2014,secondary_keyword_only_review
Engineering News,https://www.engineeringnews.co.za/article/amcu-members-strike-at-kroondal-mine-2016-05-27,https://engineeringnews.co.za/article/amcu-members-strike-at-kroondal-mine-2016-05-27,2016,secondary_keyword_only_review
Engineering News,https://www.engineeringnews.co.za/article/amcu-miner-shot-dead-in-limpopo-amplats-2014-02-10,https://engineeringnews.co.za/article/amcu-miner-shot-dead-in-limpopo-amplats-2014-02-10,2014,secondary_keyword_only_review
Engineering News,https://www.engineeringnews.co.za/article/amcu-not-backing-down-on-demands-as-sibanye-strike-continues-2019-04-02,https://engineeringnews.co.za/article/amcu-not-backing-down-on-demands-as-sibanye-strike-continues-2019-04-02,2019,secondary_keyword_only_review
Engineering News,https://www.engineeringnews.co.za/article/amcu-now-driefontein-majority-union-targets-beatrix-rights-2013-07-12,https://engineeringnews.co.za/article/amcu-now-driefontein-majority-union-targets-beatrix-rights-2013-07-12,2013,secondary_keyword_only_review
Engineering News,https://www.engineeringnews.co.za/article/amcu-num-granted-certificates-of-nonresolution-in-wage-talks-with-sibanye-2018-09-27,https://engineeringnews.co.za/article/amcu-num-granted-certificates-of-nonresolution-in-wage-talks-with-sibanye-2018-09-27,2018,secondary_keyword_only_review
Engineering News,https://www.engineeringnews.co.za/article/amcu-num-sign-wage-deal-with-sibanye-2022-06-12,https://engineeringnews.co.za/article/amcu-num-sign-wage-deal-with-sibanye-2022-06-12,2022,secondary_keyword_only_review
Engineering News,https://www.engineeringnews.co.za/article/amcu-opens-strike-fund-for-members-calls-for-donations-2014-04-15,https://engineeringnews.co.za/article/amcu-opens-strike-fund-for-members-calls-for-donations-2014-04-15,2014,secondary_keyword_only_review
Engineering News,https://www.engineeringnews.co.za/article/amcu-outdoes-num-demands-150-pay-rise-for-entry-level-gold-miners-2013-06-25,https://engineeringnews.co.za/article/amcu-outdoes-num-demands-150-pay-rise-for-entry-level-gold-miners-2013-06-25,2013,secondary_keyword_only_review
Engineering News,https://www.engineeringnews.co.za/article/amcu-outdoes-num-demands-150-pay-rise-for-entry-level-gold-miners-2013-07-05,https://engineeringnews.co.za/article/amcu-outdoes-num-demands-150-pay-rise-for-entry-level-gold-miners-2013-07-05,2013,secondary_keyword_only_review
Engineering News,https://www.engineeringnews.co.za/article/amcu-peace-agreement-now-also-applies-to-skilled-workers-solidarity-2016-04-18,https://engineeringnews.co.za/article/amcu-peace-agreement-now-also-applies-to-skilled-workers-solidarity-2016-04-18,2016,secondary_keyword_only_review
Engineering News,https://www.engineeringnews.co.za/article/amcu-platinum-companies-wage-talks-stall-2014-02-06,https://engineeringnews.co.za/article/amcu-platinum-companies-wage-talks-stall-2014-02-06,2014,secondary_keyword_only_review
Engineering News,https://www.engineeringnews.co.za/article/amcu-platinum-producers-agree-on-in-principle-undertakings-2014-06-12,https://engineeringnews.co.za/article/amcu-platinum-producers-agree-on-in-principle-undertakings-2014-06-12,2014,secondary_keyword_only_review
Engineering News,https://www.engineeringnews.co.za/article/amcu-please-join-mainstream-2013-03-01,https://engineeringnews.co.za/article/amcu-please-join-mainstream-2013-03-01,2013,secondary_keyword_only_review
Engineering News,https://www.engineeringnews.co.za/article/amcu-postpones-strike-action-pending-meeting-with-motlanthe-2013-06-13,https://engineeringnews.co.za/article/amcu-postpones-strike-action-pending-meeting-with-motlanthe-2013-06-13,2013,secondary_keyword_only_review
Engineering News,https://www.engineeringnews.co.za/article/amcu-prepared-to-take-part-in-ccma-talks-gama-2013-08-01,https://engineeringnews.co.za/article/amcu-prepared-to-take-part-in-ccma-talks-gama-2013-08-01,2013,secondary_keyword_only_review
Engineering News,https://www.engineeringnews.co.za/article/amcu-prepared-to-take-part-in-ccma-talks-gama-2013-08-09,https://engineeringnews.co.za/article/amcu-prepared-to-take-part-in-ccma-talks-gama-2013-08-09,2013,secondary_keyword_only_review
Engineering News,https://www.engineeringnews.co.za/article/amcu-prepares-for-2015-gold-sector-wage-talks-2015-03-19,https://engineeringnews.co.za/article/amcu-prepares-for-2015-gold-sector-wage-talks-2015-03-19,2015,secondary_keyword_only_review
Engineering News,https://www.engineeringnews.co.za/article/amcu-producers-optimistic-about-talks-2014-05-21,https://engineeringnews.co.za/article/amcu-producers-optimistic-about-talks-2014-05-21,2014,secondary_keyword_only_review
Engineering News,https://www.engineeringnews.co.za/article/amcu-reaches-in-principle-settlement-with-ccma-in-wage-dispute-with-sibanye-2019-03-19,https://engineeringnews.co.za/article/amcu-reaches-in-principle-settlement-with-ccma-in-wage-dispute-with-sibanye-2019-03-19,2019,secondary_keyword_only_review
Engineering News,https://www.engineeringnews.co.za/article/amcu-rebuts-as-libellous-allegations-that-it-is-behind-ongoing-bloodshed-2017-10-27,https://engineeringnews.co.za/article/amcu-rebuts-as-libellous-allegations-that-it-is-behind-ongoing-bloodshed-2017-10-27,2017,secondary_keyword_only_review
Engineering News,https://www.engineeringnews.co.za/article/amcu-refers-platinum-wage-talks-with-sibanye-to-ccma-2019-10-01,https://engineeringnews.co.za/article/amcu-refers-platinum-wage-talks-with-sibanye-to-ccma-2019-10-01,2019,secondary_keyword_only_review
Engineering News,https://www.engineeringnews.co.za/article/amcu-reiterates-implats-strike-threat-2014-01-15,https://engineeringnews.co.za/article/amcu-reiterates-implats-strike-threat-2014-01-15,2014,secondary_keyword_only_review
Engineering News,https://www.engineeringnews.co.za/article/amcu-reiterates-readiness-for-secondary-strike-at-sibanyes-platinum-operations-2019-01-18,https://engineeringnews.co.za/article/amcu-reiterates-readiness-for-secondary-strike-at-sibanyes-platinum-operations-2019-01-18,2019,secondary_keyword_only_review
Engineering News,https://www.engineeringnews.co.za/article/amcu-rejects-platinum-offer-sticking-to-r12-500-demand-2014-01-31,https://engineeringnews.co.za/article/amcu-rejects-platinum-offer-sticking-to-r12-500-demand-2014-01-31,2014,secondary_keyword_only_review
Engineering News,https://www.engineeringnews.co.za/article/amcu-rejects-wage-offer-demands-overtime-payment-2015-08-12,https://engineeringnews.co.za/article/amcu-rejects-wage-offer-demands-overtime-payment-2015-08-12,2015,secondary_keyword_only_review
Engineering News,https://www.engineeringnews.co.za/article/amcu-reports-another-mine-fatality-2021-12-13,https://engineeringnews.co.za/article/amcu-reports-another-mine-fatality-2021-12-13,2021,secondary_keyword_only_review
Engineering News,https://www.engineeringnews.co.za/article/amcu-reports-fatalities-at-anglogold-sibanye-mines-2020-03-20,https://engineeringnews.co.za/article/amcu-reports-fatalities-at-anglogold-sibanye-mines-2020-03-20,2020,secondary_keyword_only_review
Engineering News,https://www.engineeringnews.co.za/article/amcu-reports-fatality-at-impala-mine-2021-08-05,https://engineeringnews.co.za/article/amcu-reports-fatality-at-impala-mine-2021-08-05,2021,secondary_keyword_only_review
Engineering News,https://www.engineeringnews.co.za/article/amcu-reveals-2019-plans-amid-ongoing-strike-at-sibanye-stillwater-2019-01-09,https://engineeringnews.co.za/article/amcu-reveals-2019-plans-amid-ongoing-strike-at-sibanye-stillwater-2019-01-09,2019,secondary_keyword_only_review
Engineering News,https://www.engineeringnews.co.za/article/amcu-revised-demand-still-unaffordable-2014-03-05,https://engineeringnews.co.za/article/amcu-revised-demand-still-unaffordable-2014-03-05,2014,secondary_keyword_only_review
Engineering News,https://www.engineeringnews.co.za/article/amcu-says-another-four-mineworkers-killed-at-sibanyes-operations-2021-12-03,https://engineeringnews.co.za/article/amcu-says-another-four-mineworkers-killed-at-sibanyes-operations-2021-12-03,2021,secondary_keyword_only_review
Engineering News,https://www.engineeringnews.co.za/article/amcu-says-de-registration-halted-2019-09-03,https://engineeringnews.co.za/article/amcu-says-de-registration-halted-2019-09-03,2019,secondary_keyword_only_review
Engineering News,https://www.engineeringnews.co.za/article/amcu-says-sibanye-stillwater-makes-new-attempt-to-halt-strike-2019-01-31,https://engineeringnews.co.za/article/amcu-says-sibanye-stillwater-makes-new-attempt-to-halt-strike-2019-01-31,2019,secondary_keyword_only_review
Engineering News,https://www.engineeringnews.co.za/article/amcu-says-signing-of-wage-agreement-with-platinum-producers-postponed-2019-11-13,https://engineeringnews.co.za/article/amcu-says-signing-of-wage-agreement-with-platinum-producers-postponed-2019-11-13,2019,secondary_keyword_only_review
Engineering News,https://www.engineeringnews.co.za/article/amcu-says-wage-deal-agreed-with-amplats-2022-05-24,https://engineeringnews.co.za/article/amcu-says-wage-deal-agreed-with-amplats-2022-05-24,2022,secondary_keyword_only_review
Engineering News,https://www.engineeringnews.co.za/article/amcu-says-workers-in-platinum-sector-may-back-wage-offers-2019-11-07,https://engineeringnews.co.za/article/amcu-says-workers-in-platinum-sector-may-back-wage-offers-2019-11-07,2019,secondary_keyword_only_review
Engineering News,https://www.engineeringnews.co.za/article/amcu-seeks-basic-wage-of-r17-000-for-members-in-platinum-sector-2019-06-14,https://engineeringnews.co.za/article/amcu-seeks-basic-wage-of-r17-000-for-members-in-platinum-sector-2019-06-14,2019,secondary_keyword_only_review
Engineering News,https://www.engineeringnews.co.za/article/amcu-seeks-r12-500-minimum-for-gold-miners-2018-06-11,https://engineeringnews.co.za/article/amcu-seeks-r12-500-minimum-for-gold-miners-2018-06-11,2018,secondary_keyword_only_review
Engineering News,https://www.engineeringnews.co.za/article/amcu-sees-imminent-wage-deal-with-impala-platinum-2019-10-02,https://engineeringnews.co.za/article/amcu-sees-imminent-wage-deal-with-impala-platinum-2019-10-02,2019,secondary_keyword_only_review
Engineering News,https://www.engineeringnews.co.za/article/amcu-sidelined-as-platinum-producers-take-offer-directly-to-employees-2014-04-25,https://engineeringnews.co.za/article/amcu-sidelined-as-platinum-producers-take-offer-directly-to-employees-2014-04-25,2014,secondary_keyword_only_review
Engineering News,https://www.engineeringnews.co.za/article/amcu-sidelines-collective-gold-bargaining-process-2016-04-13,https://engineeringnews.co.za/article/amcu-sidelines-collective-gold-bargaining-process-2016-04-13,2016,secondary_keyword_only_review
Engineering News,https://www.engineeringnews.co.za/article/amcu-signs-mine-peace-accord-2013-03-08,https://engineeringnews.co.za/article/amcu-signs-mine-peace-accord-2013-03-08,2013,secondary_keyword_only_review
Engineering News,https://www.engineeringnews.co.za/article/amcu-slams-sibanye-for-strike-interdict-at-gold-operations-2018-12-19,https://engineeringnews.co.za/article/amcu-slams-sibanye-for-strike-interdict-at-gold-operations-2018-12-19,2018,secondary_keyword_only_review
Engineering News,https://www.engineeringnews.co.za/article/amcu-snubs-phakisa-says-dont-know-what-it-is-2015-10-16,https://engineeringnews.co.za/article/amcu-snubs-phakisa-says-dont-know-what-it-is-2015-10-16,2015,secondary_keyword_only_review
Engineering News,https://www.engineeringnews.co.za/article/amcu-speaks-out-on-union-dispute-at-zondereinde-2016-06-09,https://engineeringnews.co.za/article/amcu-speaks-out-on-union-dispute-at-zondereinde-2016-06-09,2016,secondary_keyword_only_review
Engineering News,https://www.engineeringnews.co.za/article/amcu-speaks-out-on-union-dispute-at-zondereinde-2016-06-10,https://engineeringnews.co.za/article/amcu-speaks-out-on-union-dispute-at-zondereinde-2016-06-10,2016,secondary_keyword_only_review
Engineering News,https://www.engineeringnews.co.za/article/amcu-speaks-out-on-union-dispute-at-zondereinde-2016-06-24,https://engineeringnews.co.za/article/amcu-speaks-out-on-union-dispute-at-zondereinde-2016-06-24,2016,secondary_keyword_only_review
Engineering News,https://www.engineeringnews.co.za/article/amcu-state-barely-doing-anything-to-alleviate-platinum-belt-humanitarian-crisis-solidarity-2014-05-23,https://engineeringnews.co.za/article/amcu-state-barely-doing-anything-to-alleviate-platinum-belt-humanitarian-crisis-solidarity-2014-05-23,2014,secondary_keyword_only_review
Engineering News,https://www.engineeringnews.co.za/article/amcu-strike-action-further-undermines-struggling-gold-platinum-sectors-minerals-council-2019-02-22,https://engineeringnews.co.za/article/amcu-strike-action-further-undermines-struggling-gold-platinum-sectors-minerals-council-2019-02-22,2019,secondary_keyword_only_review
Engineering News,https://www.engineeringnews.co.za/article/amcu-strike-at-sibanye-stillwater-legal---court-2018-12-21,https://engineeringnews.co.za/article/amcu-strike-at-sibanye-stillwater-legal---court-2018-12-21,2018,secondary_keyword_only_review
Engineering News,https://www.engineeringnews.co.za/article/amcu-strike-continues-at-sibanye-as-union-verification-process-is-adjourned-2019-01-08,https://engineeringnews.co.za/article/amcu-strike-continues-at-sibanye-as-union-verification-process-is-adjourned-2019-01-08,2019,secondary_keyword_only_review
Engineering News,https://www.engineeringnews.co.za/article/amcu-strike-could-force-closure-of-platinum-companies-warns-uasa-2014-02-12,https://engineeringnews.co.za/article/amcu-strike-could-force-closure-of-platinum-companies-warns-uasa-2014-02-12,2014,secondary_keyword_only_review
Engineering News,https://www.engineeringnews.co.za/article/amcu-strike-extends-to-the-gold-sector-as-strike-notices-issued-2014-01-20,https://engineeringnews.co.za/article/amcu-strike-extends-to-the-gold-sector-as-strike-notices-issued-2014-01-20,2014,secondary_keyword_only_review
Engineering News,https://www.engineeringnews.co.za/article/amcu-tables-wage-demand-in-the-platinum-sector-2016-07-12,https://engineeringnews.co.za/article/amcu-tables-wage-demand-in-the-platinum-sector-2016-07-12,2016,secondary_keyword_only_review
Engineering News,https://www.engineeringnews.co.za/article/amcu-threatens-strike-action-at-implats-over-planned-job-cuts-2018-08-07,https://engineeringnews.co.za/article/amcu-threatens-strike-action-at-implats-over-planned-job-cuts-2018-08-07,2018,secondary_keyword_only_review
Engineering News,https://www.engineeringnews.co.za/article/amcu-threatens-strike-action-at-implats-over-planned-job-cuts-2018-08-17,https://engineeringnews.co.za/article/amcu-threatens-strike-action-at-implats-over-planned-job-cuts-2018-08-17,2018,secondary_keyword_only_review
Engineering News,https://www.engineeringnews.co.za/article/amcu-threatens-to-bring-south-africa-to-standstill-2013-05-17,https://engineeringnews.co.za/article/amcu-threatens-to-bring-south-africa-to-standstill-2013-05-17,2013,secondary_keyword_only_review
Engineering News,https://www.engineeringnews.co.za/article/amcu-threatens-to-extend-strike-at-sibanye-stillwaters-platinum-mine-2019-01-22,https://engineeringnews.co.za/article/amcu-threatens-to-extend-strike-at-sibanye-stillwaters-platinum-mine-2019-01-22,2019,secondary_keyword_only_review
Engineering News,https://www.engineeringnews.co.za/article/amcu-to-fight-amplats-sale-2014-08-18,https://engineeringnews.co.za/article/amcu-to-fight-amplats-sale-2014-08-18,2014,secondary_keyword_only_review
Engineering News,https://www.engineeringnews.co.za/article/amcu-to-march-to-amplats-offices-on-tuesday-2014-03-17,https://engineeringnews.co.za/article/amcu-to-march-to-amplats-offices-on-tuesday-2014-03-17,2014,secondary_keyword_only_review
Engineering News,https://www.engineeringnews.co.za/article/amcu-to-meet-with-members-to-discuss-companies-response-2014-06-23,https://engineeringnews.co.za/article/amcu-to-meet-with-members-to-discuss-companies-response-2014-06-23,2014,secondary_keyword_only_review
Engineering News,https://www.engineeringnews.co.za/article/amcu-to-petition-nedlac-in-january-to-support-university-student-protest-2015-11-13,https://engineeringnews.co.za/article/amcu-to-petition-nedlac-in-january-to-support-university-student-protest-2015-11-13,2015,secondary_keyword_only_review
Engineering News,https://www.engineeringnews.co.za/article/amcu-to-set-wage-demands-for-platinum-sector-2016-05-16,https://engineeringnews.co.za/article/amcu-to-set-wage-demands-for-platinum-sector-2016-05-16,2016,secondary_keyword_only_review
Engineering News,https://www.engineeringnews.co.za/article/amcu-to-strike-at-sibanyes-platinum-operations-from-jan-22-2019-01-14,https://engineeringnews.co.za/article/amcu-to-strike-at-sibanyes-platinum-operations-from-jan-22-2019-01-14,2019,secondary_keyword_only_review
Engineering News,https://www.engineeringnews.co.za/article/amcu-to-submit-labour-demands-directly-to-companies-2013-05-09,https://engineeringnews.co.za/article/amcu-to-submit-labour-demands-directly-to-companies-2013-05-09,2013,secondary_keyword_only_review
Engineering News,https://www.engineeringnews.co.za/article/amcu-to-take-sibanye-to-ccma-over-wage-negotiation-impasse-2021-10-19,https://engineeringnews.co.za/article/amcu-to-take-sibanye-to-ccma-over-wage-negotiation-impasse-2021-10-19,2021,secondary_keyword_only_review
Engineering News,https://www.engineeringnews.co.za/article/amcu-triumphant-in-labour-court-anglogold-ashanti-forced-to-reinstate-workers-2015-11-05,https://engineeringnews.co.za/article/amcu-triumphant-in-labour-court-anglogold-ashanti-forced-to-reinstate-workers-2015-11-05,2015,secondary_keyword_only_review
Engineering News,https://www.engineeringnews.co.za/article/amcu-triumphant-in-labour-court-anglogold-ashanti-forced-to-reinstate-workers-2015-11-13,https://engineeringnews.co.za/article/amcu-triumphant-in-labour-court-anglogold-ashanti-forced-to-reinstate-workers-2015-11-13,2015,secondary_keyword_only_review
Engineering News,https://www.engineeringnews.co.za/article/amcu-union-to-remain-on-strike-at-sibanye-stillwater-2018-12-14,https://engineeringnews.co.za/article/amcu-union-to-remain-on-strike-at-sibanye-stillwater-2018-12-14,2018,secondary_keyword_only_review
Engineering News,https://www.engineeringnews.co.za/article/amcu-urges-govt-to-make-universal-testing-for-mineworkers-mandatory-2020-05-18,https://engineeringnews.co.za/article/amcu-urges-govt-to-make-universal-testing-for-mineworkers-mandatory-2020-05-18,2020,secondary_keyword_only_review
Engineering News,https://www.engineeringnews.co.za/article/amcu-urges-greater-mineral-beneficiation-nationalisation-of-mines-2017-05-02,https://engineeringnews.co.za/article/amcu-urges-greater-mineral-beneficiation-nationalisation-of-mines-2017-05-02,2017,secondary_keyword_only_review
Engineering News,https://www.engineeringnews.co.za/article/amcu-vows-to-continue-illegal-strike-at-sibanye-2016-05-30,https://engineeringnews.co.za/article/amcu-vows-to-continue-illegal-strike-at-sibanye-2016-05-30,2016,secondary_keyword_only_review
Engineering News,https://www.engineeringnews.co.za/article/amcu-vows-to-fight-mining-job-cuts-2016-03-18,https://engineeringnews.co.za/article/amcu-vows-to-fight-mining-job-cuts-2016-03-18,2016,secondary_keyword_only_review
Engineering News,https://www.engineeringnews.co.za/article/amcu-vows-to-grind-sibanye-to-a-halt-over-wages-2016-04-04,https://engineeringnews.co.za/article/amcu-vows-to-grind-sibanye-to-a-halt-over-wages-2016-04-04,2016,secondary_keyword_only_review
Engineering News,https://www.engineeringnews.co.za/article/amcu-warns-of-possible-sibanye-platinum-strike-as-negotiations-continue-2019-08-13,https://engineeringnews.co.za/article/amcu-warns-of-possible-sibanye-platinum-strike-as-negotiations-continue-2019-08-13,2019,secondary_keyword_only_review
Engineering News,https://www.engineeringnews.co.za/article/amcu-will-not-buy-amplats-mines-gama-2014-08-20,https://engineeringnews.co.za/article/amcu-will-not-buy-amplats-mines-gama-2014-08-20,2014,secondary_keyword_only_review
Engineering News,https://www.engineeringnews.co.za/article/amcu-will-not-return-to-work-without-r12-500-basic-wage-2014-03-27,https://engineeringnews.co.za/article/amcu-will-not-return-to-work-without-r12-500-basic-wage-2014-03-27,2014,secondary_keyword_only_review
Engineering News,https://www.engineeringnews.co.za/article/amcu-willing-to-move-on-wage-demands-wants-to-negotiate-directly-with-ceos-2014-02-20,https://engineeringnews.co.za/article/amcu-willing-to-move-on-wage-demands-wants-to-negotiate-directly-with-ceos-2014-02-20,2014,secondary_keyword_only_review
Engineering News,https://www.engineeringnews.co.za/article/amcu-workers-to-strike-at-sibanyes-south-africa-gold-mines-2018-11-19,https://engineeringnews.co.za/article/amcu-workers-to-strike-at-sibanyes-south-africa-gold-mines-2018-11-19,2018,secondary_keyword_only_review
Engineering News,https://www.engineeringnews.co.za/article/amcus-urgent-court-application-starts-2013-01-23,https://engineeringnews.co.za/article/amcus-urgent-court-application-starts-2013-01-23,2013,secondary_keyword_only_review
Engineering News,https://www.engineeringnews.co.za/article/amplats-amcu-sign-three-year-wage-agreement-2016-10-28,https://engineeringnews.co.za/article/amplats-amcu-sign-three-year-wage-agreement-2016-10-28,2016,secondary_keyword_only_review
Engineering News,https://www.engineeringnews.co.za/article/amplats-implats-refute-amcu-tax-wage-evasion-claims-2014-05-30,https://engineeringnews.co.za/article/amplats-implats-refute-amcu-tax-wage-evasion-claims-2014-05-30,2014,secondary_keyword_only_review
Engineering News,https://www.engineeringnews.co.za/article/amplats-in-discussions-with-sibanye-2015-09-03,https://engineeringnews.co.za/article/amplats-in-discussions-with-sibanye-2015-09-03,2015,secondary_keyword_only_review
Engineering News,https://www.engineeringnews.co.za/article/amplats-in-discussions-with-sibanye-2015-09-11,https://engineeringnews.co.za/article/amplats-in-discussions-with-sibanye-2015-09-11,2015,secondary_keyword_only_review
Engineering News,https://www.engineeringnews.co.za/article/amplats-sells-platinum-mines-to-sibanye-2015-09-11,https://engineeringnews.co.za/article/amplats-sells-platinum-mines-to-sibanye-2015-09-11,2015,secondary_keyword_only_review
Engineering News,https://www.engineeringnews.co.za/article/amplats-sells-rustenburg-platinum-mines-to-sibanye-for-r45bn-2015-09-09,https://engineeringnews.co.za/article/amplats-sells-rustenburg-platinum-mines-to-sibanye-for-r45bn-2015-09-09,2015,secondary_keyword_only_review
Engineering News,https://www.engineeringnews.co.za/article/amplats-sibanye-included-in-2021-bloomberg-gender-equality-index-2021-01-27,https://engineeringnews.co.za/article/amplats-sibanye-included-in-2021-bloomberg-gender-equality-index-2021-01-27,2021,secondary_keyword_only_review
Engineering News,https://www.engineeringnews.co.za/article/amplats-signs-with-amcu-2013-03-04,https://engineeringnews.co.za/article/amplats-signs-with-amcu-2013-03-04,2013,secondary_keyword_only_review
Engineering News,https://www.engineeringnews.co.za/article/amplats-sues-amcu-union-for-platinum-strike-damages-2014-02-17,https://engineeringnews.co.za/article/amplats-sues-amcu-union-for-platinum-strike-damages-2014-02-17,2014,secondary_keyword_only_review
Engineering News,https://www.engineeringnews.co.za/article/analysts-raise-local-platinum-gold-expansion-opportunities-for-cash-flush-sibanye-2020-08-30,https://engineeringnews.co.za/article/analysts-raise-local-platinum-gold-expansion-opportunities-for-cash-flush-sibanye-2020-08-30,2020,secondary_keyword_only_review
Engineering News,https://www.engineeringnews.co.za/article/anc-sold-its-people-to-the-highest-bidder-says-amcu-leader-2015-08-21,https://engineeringnews.co.za/article/anc-sold-its-people-to-the-highest-bidder-says-amcu-leader-2015-08-21,2015,secondary_keyword_only_review
Engineering News,https://www.engineeringnews.co.za/article/anglo-american-platinum-calls-for-constructive-engagement-with-amcu-2014-01-23,https://engineeringnews.co.za/article/anglo-american-platinum-calls-for-constructive-engagement-with-amcu-2014-01-23,2014,secondary_keyword_only_review
Engineering News,https://www.engineeringnews.co.za/article/anglo-american-platinum-completes-sale-of-rustenburg-operations-to-sibanye-2016-11-01,https://engineeringnews.co.za/article/anglo-american-platinum-completes-sale-of-rustenburg-operations-to-sibanye-2016-11-01,2016,secondary_keyword_only_review
Engineering News,https://www.engineeringnews.co.za/article/anglo-american-platinum-receives-notice-of-intention-to-strike-from-amcu-2014-01-21,https://engineeringnews.co.za/article/anglo-american-platinum-receives-notice-of-intention-to-strike-from-amcu-2014-01-21,2014,secondary_keyword_only_review
Engineering News,https://www.engineeringnews.co.za/article/anglogold-reaches-three-year-wage-deal-with-amcu-uasa-solidarity-2018-09-17,https://engineeringnews.co.za/article/anglogold-reaches-three-year-wage-deal-with-amcu-uasa-solidarity-2018-09-17,2018,secondary_keyword_only_review
Engineering News,https://www.engineeringnews.co.za/article/another-mineworker-dies-at-a-sibanye-stillwater-operation-2021-12-01,https://engineeringnews.co.za/article/another-mineworker-dies-at-a-sibanye-stillwater-operation-2021-12-01,2021,secondary_keyword_only_review
Engineering News,https://www.engineeringnews.co.za/article/appian-files-12bn-claim-against-sibanye-2022-05-30,https://engineeringnews.co.za/article/appian-files-12bn-claim-against-sibanye-2022-05-30,2022,secondary_keyword_only_review
Engineering News,https://www.engineeringnews.co.za/article/appian-intends-to-rigorously-enforce-its-legal-rights-in-sibanye-deal-drop-2022-03-02,https://engineeringnews.co.za/article/appian-intends-to-rigorously-enforce-its-legal-rights-in-sibanye-deal-drop-2022-03-02,2022,secondary_keyword_only_review
Engineering News,https://www.engineeringnews.co.za/article/aquarius-shareholders-approve-takeover-by-sibanye-2016-01-18,https://engineeringnews.co.za/article/aquarius-shareholders-approve-takeover-by-sibanye-2016-01-18,2016,secondary_keyword_only_review
Engineering News,https://www.engineeringnews.co.za/article/aquarius-shareholders-approve-takeover-by-sibanye-2016-01-29,https://engineeringnews.co.za/article/aquarius-shareholders-approve-takeover-by-sibanye-2016-01-29,2016,secondary_keyword_only_review
Engineering News,https://www.engineeringnews.co.za/article/aquarius-shareholders-to-vote-on-sibanye-deal-in-january-2015-12-15,https://engineeringnews.co.za/article/aquarius-shareholders-to-vote-on-sibanye-deal-in-january-2015-12-15,2015,secondary_keyword_only_review
Engineering News,https://www.engineeringnews.co.za/article/as-s-african-govt-aims-at-q2-signing-of-revamped-mprda-sibanye-ceo-bemoans-investors-lack-of-confidence-2016-03-25,https://engineeringnews.co.za/article/as-s-african-govt-aims-at-q2-signing-of-revamped-mprda-sibanye-ceo-bemoans-investors-lack-of-confidence-2016-03-25,2016,secondary_keyword_only_review
Engineering News,https://www.engineeringnews.co.za/article/as-sa-govt-aims-at-q2-signing-of-revamped-mprda-sibanye-ceo-bemoans-foreign-investor-confidence-2016-03-11,https://engineeringnews.co.za/article/as-sa-govt-aims-at-q2-signing-of-revamped-mprda-sibanye-ceo-bemoans-foreign-investor-confidence-2016-03-11,2016,secondary_keyword_only_review
Engineering News,https://www.engineeringnews.co.za/article/as-stakeholders-negotiate-platinum-strike-costs-rise-2014-06-09,https://engineeringnews.co.za/article/as-stakeholders-negotiate-platinum-strike-costs-rise-2014-06-09,2014,secondary_keyword_only_review
Engineering News,https://www.engineeringnews.co.za/article/attempt-to-deregister-amcu-as-union-a-political-attack-says-mathunjwa-2019-04-26,https://engineeringnews.co.za/article/attempt-to-deregister-amcu-as-union-a-political-attack-says-mathunjwa-2019-04-26,2019,secondary_keyword_only_review
Engineering News,https://www.engineeringnews.co.za/article/barrick-gold-sibanye-stillwater-anglogold-ashanti-and-perseus-gold-ceos-join-nedbank-cibs-gold-roundtable-at-the-virtual-investment-programme-2021-03-29,https://engineeringnews.co.za/article/barrick-gold-sibanye-stillwater-anglogold-ashanti-and-perseus-gold-ceos-join-nedbank-cibs-gold-roundtable-at-the-virtual-investment-programme-2021-03-29,2021,secondary_keyword_only_review
Engineering News,https://www.engineeringnews.co.za/article/black-owned-merafes-doubles-earnings-benefits-from-platinum-strike-2014-08-12,https://engineeringnews.co.za/article/black-owned-merafes-doubles-earnings-benefits-from-platinum-strike-2014-08-12,2014,secondary_keyword_only_review
Engineering News,https://www.engineeringnews.co.za/article/blackrock-lifts-stake-in-sibanye-stillwater-to-5-2020-10-15,https://engineeringnews.co.za/article/blackrock-lifts-stake-in-sibanye-stillwater-to-5-2020-10-15,2020,secondary_keyword_only_review
Engineering News,https://www.engineeringnews.co.za/article/blitz-delivering-ahead-of-schedule-sibanye-stillwater-2017-10-02,https://engineeringnews.co.za/article/blitz-delivering-ahead-of-schedule-sibanye-stillwater-2017-10-02,2017,secondary_keyword_only_review
Engineering News,https://www.engineeringnews.co.za/article/body-of-missing-sibanye-employee-recovered-2018-06-14,https://engineeringnews.co.za/article/body-of-missing-sibanye-employee-recovered-2018-06-14,2018,secondary_keyword_only_review
Engineering News,https://www.engineeringnews.co.za/article/broadening-esg-has-provided-clear-paths-to-economic-benefit-sibanye-stillwater-2021-09-10,https://engineeringnews.co.za/article/broadening-esg-has-provided-clear-paths-to-economic-benefit-sibanye-stillwater-2021-09-10,2021,secondary_keyword_only_review
Engineering News,https://www.engineeringnews.co.za/article/budgets-withholding-tax-rise-may-alter-sibanyes-dividend-stance-2017-02-23,https://engineeringnews.co.za/article/budgets-withholding-tax-rise-may-alter-sibanyes-dividend-stance-2017-02-23,2017,secondary_keyword_only_review
Engineering News,https://www.engineeringnews.co.za/article/budgets-withholding-tax-rise-may-alter-sibanyes-dividend-stance-2017-03-03,https://engineeringnews.co.za/article/budgets-withholding-tax-rise-may-alter-sibanyes-dividend-stance-2017-03-03,2017,secondary_keyword_only_review
Engineering News,https://www.engineeringnews.co.za/article/bushveld-amcu-signs-five-year-wage-agreement-2022-06-10,https://engineeringnews.co.za/article/bushveld-amcu-signs-five-year-wage-agreement-2022-06-10,2022,secondary_keyword_only_review
Engineering News,https://www.engineeringnews.co.za/article/bushveld-minerals-amcu-resolve-industrial-action-2018-09-25,https://engineeringnews.co.za/article/bushveld-minerals-amcu-resolve-industrial-action-2018-09-25,2018,secondary_keyword_only_review
Engineering News,https://www.engineeringnews.co.za/article/ccma-amcu-to-meet-on-friday-2014-02-13,https://engineeringnews.co.za/article/ccma-amcu-to-meet-on-friday-2014-02-13,2014,secondary_keyword_only_review
Engineering News,https://www.engineeringnews.co.za/article/ccma-facilitated-talks-continue-constructively-amcu-expects-new-offer-2014-01-28,https://engineeringnews.co.za/article/ccma-facilitated-talks-continue-constructively-amcu-expects-new-offer-2014-01-28,2014,secondary_keyword_only_review
Engineering News,https://www.engineeringnews.co.za/article/ccma-issues-certificate-of-nonresolution-sibanye-urges-unions-to-accept-its-offer-2022-01-14,https://engineeringnews.co.za/article/ccma-issues-certificate-of-nonresolution-sibanye-urges-unions-to-accept-its-offer-2022-01-14,2022,secondary_keyword_only_review
Engineering News,https://www.engineeringnews.co.za/article/chamber-shoots-down-amcu-underpayment-claims-2015-08-13,https://engineeringnews.co.za/article/chamber-shoots-down-amcu-underpayment-claims-2015-08-13,2015,secondary_keyword_only_review
Engineering News,https://www.engineeringnews.co.za/article/changes-at-anglo-the-jse-sibanye-make-headlines-2023-06-02,https://engineeringnews.co.za/article/changes-at-anglo-the-jse-sibanye-make-headlines-2023-06-02,2023,secondary_keyword_only_review
Engineering News,https://www.engineeringnews.co.za/article/chicago-pneumatic-generator-give-away-a-showstopper-at-sibanye-gold-mte-2018-07-11,https://engineeringnews.co.za/article/chicago-pneumatic-generator-give-away-a-showstopper-at-sibanye-gold-mte-2018-07-11,2018,secondary_keyword_only_review
Engineering News,https://www.engineeringnews.co.za/article/class-action-lawsuit-filed-against-south-africas-sibanye-stillwater-following-fatalities-2018-06-28,https://engineeringnews.co.za/article/class-action-lawsuit-filed-against-south-africas-sibanye-stillwater-following-fatalities-2018-06-28,2018,secondary_keyword_only_review
Engineering News,https://www.engineeringnews.co.za/article/com-to-receive-formal-response-on-collective-bargaining-proposal-amcu-indicates-rejection-2013-04-16,https://engineeringnews.co.za/article/com-to-receive-formal-response-on-collective-bargaining-proposal-amcu-indicates-rejection-2013-04-16,2013,secondary_keyword_only_review
Engineering News,https://www.engineeringnews.co.za/article/committed-collective-vs-ambivalent-amcu-2013-07-12,https://engineeringnews.co.za/article/committed-collective-vs-ambivalent-amcu-2013-07-12,2013,secondary_keyword_only_review
Engineering News,https://www.engineeringnews.co.za/article/compcom-gives-drdgold-conditional-thumbs-up-to-buy-sibanye-tailings-assets-2018-02-02,https://engineeringnews.co.za/article/compcom-gives-drdgold-conditional-thumbs-up-to-buy-sibanye-tailings-assets-2018-02-02,2018,secondary_keyword_only_review
Engineering News,https://www.engineeringnews.co.za/article/cooke-underground-closes-but-1-640-beatrix-jobs-saved-sibanye-2017-11-01,https://engineeringnews.co.za/article/cooke-underground-closes-but-1-640-beatrix-jobs-saved-sibanye-2017-11-01,2017,secondary_keyword_only_review
Engineering News,https://www.engineeringnews.co.za/article/cooke-underground-closes-but-1-640-beatrix-jobs-saved-sibanye-2017-11-10,https://engineeringnews.co.za/article/cooke-underground-closes-but-1-640-beatrix-jobs-saved-sibanye-2017-11-10,2017,secondary_keyword_only_review
Engineering News,https://www.engineeringnews.co.za/article/csir-sibanye-stillwater-southern-palladium-make-headlines-2022-05-20,https://engineeringnews.co.za/article/csir-sibanye-stillwater-southern-palladium-make-headlines-2022-05-20,2022,secondary_keyword_only_review
Engineering News,https://www.engineeringnews.co.za/article/decarbonisation-creating-greatest-investment-opportunity-of-our-lifetime-sibanye-stillwater-2022-03-03,https://engineeringnews.co.za/article/decarbonisation-creating-greatest-investment-opportunity-of-our-lifetime-sibanye-stillwater-2022-03-03,2022,secondary_keyword_only_review
Engineering News,https://www.engineeringnews.co.za/article/decarbonisation-creating-greatest-investment-opportunity-of-our-lifetime-sibanye-stillwater-2022-03-18,https://engineeringnews.co.za/article/decarbonisation-creating-greatest-investment-opportunity-of-our-lifetime-sibanye-stillwater-2022-03-18,2022,secondary_keyword_only_review
Engineering News,https://www.engineeringnews.co.za/article/defence-force-needed-to-quell-huge-illegal-mining-threat-sibanye-gold-2014-02-20,https://engineeringnews.co.za/article/defence-force-needed-to-quell-huge-illegal-mining-threat-sibanye-gold-2014-02-20,2014,secondary_keyword_only_review
Engineering News,https://www.engineeringnews.co.za/article/defence-force-needed-to-quell-huge-illegal-mining-threat-sibanye-gold-2014-02-28,https://engineeringnews.co.za/article/defence-force-needed-to-quell-huge-illegal-mining-threat-sibanye-gold-2014-02-28,2014,secondary_keyword_only_review
Engineering News,https://www.engineeringnews.co.za/article/delaware-court-rules-in-sibanyes-favour-in-stillwater-case-2019-08-23,https://engineeringnews.co.za/article/delaware-court-rules-in-sibanyes-favour-in-stillwater-case-2019-08-23,2019,secondary_keyword_only_review
Engineering News,https://www.engineeringnews.co.za/article/delaware-supreme-court-affirms-sibanye-deal-price-decision-2020-10-16,https://engineeringnews.co.za/article/delaware-supreme-court-affirms-sibanye-deal-price-decision-2020-10-16,2020,secondary_keyword_only_review
Engineering News,https://www.engineeringnews.co.za/article/diamondcorp-amcu-sign-four-year-wage-deal-2015-02-18,https://engineeringnews.co.za/article/diamondcorp-amcu-sign-four-year-wage-deal-2015-02-18,2015,secondary_keyword_only_review
Engineering News,https://www.engineeringnews.co.za/article/digitisation-slashes-sibanye-stillwaters-loco-incidents-2021-09-29,https://engineeringnews.co.za/article/digitisation-slashes-sibanye-stillwaters-loco-incidents-2021-09-29,2021,secondary_keyword_only_review
Engineering News,https://www.engineeringnews.co.za/article/digitisation-slashes-sibanye-stillwaters-loco-incidents-2021-10-15,https://engineeringnews.co.za/article/digitisation-slashes-sibanye-stillwaters-loco-incidents-2021-10-15,2021,secondary_keyword_only_review
Engineering News,https://www.engineeringnews.co.za/article/diversification-benefits-sibanye-stillwater-as-strong-rand-bites-south-african-gold-operations-2018-05-03,https://engineeringnews.co.za/article/diversification-benefits-sibanye-stillwater-as-strong-rand-bites-south-african-gold-operations-2018-05-03,2018,secondary_keyword_only_review
Engineering News,https://www.engineeringnews.co.za/article/diversification-benefits-sibanye-stillwater-as-strong-rand-bites-south-african-gold-operations-2018-05-11,https://engineeringnews.co.za/article/diversification-benefits-sibanye-stillwater-as-strong-rand-bites-south-african-gold-operations-2018-05-11,2018,secondary_keyword_only_review
Engineering News,https://www.engineeringnews.co.za/article/dmr-lifts-section-54-notice-at-sibanyes-beatrix-3-shaft-2013-03-01,https://engineeringnews.co.za/article/dmr-lifts-section-54-notice-at-sibanyes-beatrix-3-shaft-2013-03-01,2013,secondary_keyword_only_review
Engineering News,https://www.engineeringnews.co.za/article/dol-denies-amcu-deregistration-claims-2014-02-13,https://engineeringnews.co.za/article/dol-denies-amcu-deregistration-claims-2014-02-13,2014,secondary_keyword_only_review
Engineering News,https://www.engineeringnews.co.za/article/drdgold-delivers-another-dividend-supportive-of-possible-sibanye-buyout-2019-09-03,https://engineeringnews.co.za/article/drdgold-delivers-another-dividend-supportive-of-possible-sibanye-buyout-2019-09-03,2019,secondary_keyword_only_review
Engineering News,https://www.engineeringnews.co.za/article/drdgold-delivers-another-dividend-supportive-of-possible-sibanye-buyout-2019-09-13,https://engineeringnews.co.za/article/drdgold-delivers-another-dividend-supportive-of-possible-sibanye-buyout-2019-09-13,2019,secondary_keyword_only_review
Engineering News,https://www.engineeringnews.co.za/article/drdgold-shareholders-approve-wrtrp-deal-with-sibanye-stillwater-2018-03-28,https://engineeringnews.co.za/article/drdgold-shareholders-approve-wrtrp-deal-with-sibanye-stillwater-2018-03-28,2018,secondary_keyword_only_review
Engineering News,https://www.engineeringnews.co.za/article/economy-failed-miners-says-amcus-mathunjwa-2013-08-16,https://engineeringnews.co.za/article/economy-failed-miners-says-amcus-mathunjwa-2013-08-16,2013,secondary_keyword_only_review
Engineering News,https://www.engineeringnews.co.za/article/eff-supports-amcu-strike-2014-03-26,https://engineeringnews.co.za/article/eff-supports-amcu-strike-2014-03-26,2014,secondary_keyword_only_review
Engineering News,https://www.engineeringnews.co.za/article/employee-killed-in-incident-at-sibanyes-khomanani-mine-2018-06-26,https://engineeringnews.co.za/article/employee-killed-in-incident-at-sibanyes-khomanani-mine-2018-06-26,2018,secondary_keyword_only_review
Engineering News,https://www.engineeringnews.co.za/article/energy-constraints-more-troublesome-than-platinum-strike-fmf-2014-06-12,https://engineeringnews.co.za/article/energy-constraints-more-troublesome-than-platinum-strike-fmf-2014-06-12,2014,secondary_keyword_only_review
Engineering News,https://www.engineeringnews.co.za/article/energy-constraints-more-troublesome-than-platinum-strike-fmf-2014-06-27,https://engineeringnews.co.za/article/energy-constraints-more-troublesome-than-platinum-strike-fmf-2014-06-27,2014,secondary_keyword_only_review
Engineering News,https://www.engineeringnews.co.za/article/enviro-friendly-battery-electric-loco-on-track-for-underground-testing-at-sibanye-stillwater-2021-08-15,https://engineeringnews.co.za/article/enviro-friendly-battery-electric-loco-on-track-for-underground-testing-at-sibanye-stillwater-2021-08-15,2021,secondary_keyword_only_review
Engineering News,https://www.engineeringnews.co.za/article/false-evidence-by-saps-to-implicate-amcu-in-threats-to-kill-police-officers-2013-09-23,https://engineeringnews.co.za/article/false-evidence-by-saps-to-implicate-amcu-in-threats-to-kill-police-officers-2013-09-23,2013,secondary_keyword_only_review
Engineering News,https://www.engineeringnews.co.za/article/first-output-from-lace-mine-due-in-h2-despite-amcu-strike-2015-01-29,https://engineeringnews.co.za/article/first-output-from-lace-mine-due-in-h2-despite-amcu-strike-2015-01-29,2015,secondary_keyword_only_review
Engineering News,https://www.engineeringnews.co.za/article/first-output-from-lace-mine-due-in-h2-despite-amcu-strike-2015-02-06,https://engineeringnews.co.za/article/first-output-from-lace-mine-due-in-h2-despite-amcu-strike-2015-02-06,2015,secondary_keyword_only_review
Engineering News,https://www.engineeringnews.co.za/article/first-phase-of-financing-completed-between-keliber-and-sibanye-stillwater-2021-03-19,https://engineeringnews.co.za/article/first-phase-of-financing-completed-between-keliber-and-sibanye-stillwater-2021-03-19,2021,secondary_keyword_only_review
Engineering News,https://www.engineeringnews.co.za/article/four-killed-in-conveyor-accident-at-sibanyes-burnstone-gold-mine-2023-04-14,https://engineeringnews.co.za/article/four-killed-in-conveyor-accident-at-sibanyes-burnstone-gold-mine-2023-04-14,2023,secondary_keyword_only_review
Engineering News,https://www.engineeringnews.co.za/article/froneman-shows-off-sibanye-in-us-as-stillwater-deal-advances-2017-03-10,https://engineeringnews.co.za/article/froneman-shows-off-sibanye-in-us-as-stillwater-deal-advances-2017-03-10,2017,secondary_keyword_only_review
Engineering News,https://www.engineeringnews.co.za/article/froneman-shows-sibanye-off-in-us-as-stillwater-deal-edges-forward-2017-02-27,https://engineeringnews.co.za/article/froneman-shows-sibanye-off-in-us-as-stillwater-deal-edges-forward-2017-02-27,2017,secondary_keyword_only_review
Engineering News,https://www.engineeringnews.co.za/article/froneman-tells-world-sibanye-has-significant-confidence-hydrogen-economy-2021-11-26,https://engineeringnews.co.za/article/froneman-tells-world-sibanye-has-significant-confidence-hydrogen-economy-2021-11-26,2021,secondary_keyword_only_review
Engineering News,https://www.engineeringnews.co.za/article/gabons-mining-education-move-sibanye-supporting-education-new-mining-research-thrust-2016-07-15,https://engineeringnews.co.za/article/gabons-mining-education-move-sibanye-supporting-education-new-mining-research-thrust-2016-07-15,2016,secondary_keyword_only_review
Engineering News,https://www.engineeringnews.co.za/article/gen-mining-and-sibanye-ink-definitive-marathon-agreement-2019-06-26,https://engineeringnews.co.za/article/gen-mining-and-sibanye-ink-definitive-marathon-agreement-2019-06-26,2019,secondary_keyword_only_review
Engineering News,https://www.engineeringnews.co.za/article/gen-mining-interested-in-sibanyes-marathon-pgms-deposit-2019-04-18,https://engineeringnews.co.za/article/gen-mining-interested-in-sibanyes-marathon-pgms-deposit-2019-04-18,2019,secondary_keyword_only_review
Engineering News,https://www.engineeringnews.co.za/article/geothermal-lithium-is-greenest-says-sibanye-stillwaters-froneman-2021-09-29,https://engineeringnews.co.za/article/geothermal-lithium-is-greenest-says-sibanye-stillwaters-froneman-2021-09-29,2021,secondary_keyword_only_review
Engineering News,https://www.engineeringnews.co.za/article/glencore-sibanye-stillwater-exploration-investment-make-headlines-2023-05-11,https://engineeringnews.co.za/article/glencore-sibanye-stillwater-exploration-investment-make-headlines-2023-05-11,2023,secondary_keyword_only_review
Engineering News,https://www.engineeringnews.co.za/article/gold-fields-sets-sibanye-listing-dates-2013-01-10,https://engineeringnews.co.za/article/gold-fields-sets-sibanye-listing-dates-2013-01-10,2013,secondary_keyword_only_review
Engineering News,https://www.engineeringnews.co.za/article/gold-fields-yet-to-convince-bondholders-sibanye-spin-off-was-a-successful-strategy-2013-04-19,https://engineeringnews.co.za/article/gold-fields-yet-to-convince-bondholders-sibanye-spin-off-was-a-successful-strategy-2013-04-19,2013,secondary_keyword_only_review
Engineering News,https://www.engineeringnews.co.za/article/gold-majors-amcu-continue-to-thrash-out-issues-of-representation-2015-07-15,https://engineeringnews.co.za/article/gold-majors-amcu-continue-to-thrash-out-issues-of-representation-2015-07-15,2015,secondary_keyword_only_review
Engineering News,https://www.engineeringnews.co.za/article/gold-mines-urged-to-make-amends-to-oppressed-workers-as-amcu-seeks-two-fold-wage-increase-2015-05-13,https://engineeringnews.co.za/article/gold-mines-urged-to-make-amends-to-oppressed-workers-as-amcu-seeks-two-fold-wage-increase-2015-05-13,2015,secondary_keyword_only_review
Engineering News,https://www.engineeringnews.co.za/article/gold-mines-urged-to-make-amends-to-oppressed-workers-as-amcu-seeks-two-fold-wage-increase-2015-05-22,https://engineeringnews.co.za/article/gold-mines-urged-to-make-amends-to-oppressed-workers-as-amcu-seeks-two-fold-wage-increase-2015-05-22,2015,secondary_keyword_only_review
Engineering News,https://www.engineeringnews.co.za/article/gold-one-decreases-shareholding-in-sibanye-stillwater-2020-08-13,https://engineeringnews.co.za/article/gold-one-decreases-shareholding-in-sibanye-stillwater-2020-08-13,2020,secondary_keyword_only_review
Engineering News,https://www.engineeringnews.co.za/article/gold-one-mine-situation-tense-as-police-fire-rubber-bullets-at-protesting-amcu-workers-2023-11-13,https://engineeringnews.co.za/article/gold-one-mine-situation-tense-as-police-fire-rubber-bullets-at-protesting-amcu-workers-2023-11-13,2023,secondary_keyword_only_review
Engineering News,https://www.engineeringnews.co.za/article/gold-producer-representatives-meet-with-amcu-2013-09-16,https://engineeringnews.co.za/article/gold-producer-representatives-meet-with-amcu-2013-09-16,2013,secondary_keyword_only_review
Engineering News,https://www.engineeringnews.co.za/article/gold-producers-complete-union-representation-verification-amcu-numbers-steady-2015-07-08,https://engineeringnews.co.za/article/gold-producers-complete-union-representation-verification-amcu-numbers-steady-2015-07-08,2015,secondary_keyword_only_review
Engineering News,https://www.engineeringnews.co.za/article/gold-producers-complete-union-representation-verification-amcu-numbers-steady-2015-07-17,https://engineeringnews.co.za/article/gold-producers-complete-union-representation-verification-amcu-numbers-steady-2015-07-17,2015,secondary_keyword_only_review
Engineering News,https://www.engineeringnews.co.za/article/gold-producers-declare-dispute-with-amcu-2013-07-29,https://engineeringnews.co.za/article/gold-producers-declare-dispute-with-amcu-2013-07-29,2013,secondary_keyword_only_review
Engineering News,https://www.engineeringnews.co.za/article/gold-producers-will-not-engage-in-further-wage-negotiations-with-amcu-strydom-2013-09-11,https://engineeringnews.co.za/article/gold-producers-will-not-engage-in-further-wage-negotiations-with-amcu-strydom-2013-09-11,2013,secondary_keyword_only_review
Engineering News,https://www.engineeringnews.co.za/article/gold-producers-will-not-engage-in-further-wage-negotiations-with-amcu-strydom-2013-09-20,https://engineeringnews.co.za/article/gold-producers-will-not-engage-in-further-wage-negotiations-with-amcu-strydom-2013-09-20,2013,secondary_keyword_only_review
Engineering News,https://www.engineeringnews.co.za/article/gold-strike-to-push-sibanye-stillwater-to-interim-loss-2019-08-27,https://engineeringnews.co.za/article/gold-strike-to-push-sibanye-stillwater-to-interim-loss-2019-08-27,2019,secondary_keyword_only_review
Engineering News,https://www.engineeringnews.co.za/article/gold-wage-talks-deadlock-again-between-sibanye-and-amcu-2018-09-20,https://engineeringnews.co.za/article/gold-wage-talks-deadlock-again-between-sibanye-and-amcu-2018-09-20,2018,secondary_keyword_only_review
Engineering News,https://www.engineeringnews.co.za/article/govt-must-subsidise-mining-companies-that-plead-poverty-amcu-2013-08-02,https://engineeringnews.co.za/article/govt-must-subsidise-mining-companies-that-plead-poverty-amcu-2013-08-02,2013,secondary_keyword_only_review
Engineering News,https://www.engineeringnews.co.za/article/govt-must-subsidise-mining-companies-that-plead-poverty-amcu-2013-08-16,https://engineeringnews.co.za/article/govt-must-subsidise-mining-companies-that-plead-poverty-amcu-2013-08-16,2013,secondary_keyword_only_review
Engineering News,https://www.engineeringnews.co.za/article/green-175-mw-power-for-sibanye-stillwater-platinum-group-metal-mines-2021-10-15,https://engineeringnews.co.za/article/green-175-mw-power-for-sibanye-stillwater-platinum-group-metal-mines-2021-10-15,2021,secondary_keyword_only_review
Engineering News,https://www.engineeringnews.co.za/article/green-175-mw-power-for-sibanye-stillwater-platinum-group-metals-mines-2021-09-27,https://engineeringnews.co.za/article/green-175-mw-power-for-sibanye-stillwater-platinum-group-metals-mines-2021-09-27,2021,secondary_keyword_only_review
Engineering News,https://www.engineeringnews.co.za/article/green-hydrogen-given-huge-boost-as-heraeus-sibanye-attain-iridium-thrifting-breakthrough-2023-11-14,https://engineeringnews.co.za/article/green-hydrogen-given-huge-boost-as-heraeus-sibanye-attain-iridium-thrifting-breakthrough-2023-11-14,2023,secondary_keyword_only_review
Engineering News,https://www.engineeringnews.co.za/article/hydrogen-economy-providing-pgm-opportunity-similar-to-emissions-boost-of-90s-sibanye-2021-05-18,https://engineeringnews.co.za/article/hydrogen-economy-providing-pgm-opportunity-similar-to-emissions-boost-of-90s-sibanye-2021-05-18,2021,secondary_keyword_only_review
Engineering News,https://www.engineeringnews.co.za/article/hydrogen-fast-tracking-will-be-much-quicker-than-imagined-sibanye-stillwater-2020-10-18,https://engineeringnews.co.za/article/hydrogen-fast-tracking-will-be-much-quicker-than-imagined-sibanye-stillwater-2020-10-18,2020,secondary_keyword_only_review
Engineering News,https://www.engineeringnews.co.za/article/hydrogen-fast-tracking-will-be-much-quicker-than-imagined-sibanye-stillwater-2020-10-30,https://engineeringnews.co.za/article/hydrogen-fast-tracking-will-be-much-quicker-than-imagined-sibanye-stillwater-2020-10-30,2020,secondary_keyword_only_review
Engineering News,https://www.engineeringnews.co.za/article/hydrogen-fuel-cell-technology-not-too-far-away-sibanye-stillwater-2020-02-04,https://engineeringnews.co.za/article/hydrogen-fuel-cell-technology-not-too-far-away-sibanye-stillwater-2020-02-04,2020,secondary_keyword_only_review
Engineering News,https://www.engineeringnews.co.za/article/hydrogen-fuel-cell-technology-not-too-far-away-sibanye-stillwater-2020-02-21,https://engineeringnews.co.za/article/hydrogen-fuel-cell-technology-not-too-far-away-sibanye-stillwater-2020-02-21,2020,secondary_keyword_only_review
Engineering News,https://www.engineeringnews.co.za/article/hydrogen-fuel-cells-the-next-big-disruptive-technology-sibanye-stillwater-2020-02-19,https://engineeringnews.co.za/article/hydrogen-fuel-cells-the-next-big-disruptive-technology-sibanye-stillwater-2020-02-19,2020,secondary_keyword_only_review
Engineering News,https://www.engineeringnews.co.za/article/hydrogen-providing-pgm-opportunity-similar-to-90s-emissions-boost-sibanye-stillwater-2021-06-04,https://engineeringnews.co.za/article/hydrogen-providing-pgm-opportunity-similar-to-90s-emissions-boost-sibanye-stillwater-2021-06-04,2021,secondary_keyword_only_review
Engineering News,https://www.engineeringnews.co.za/article/idc-rbm-sibanye-make-headlines-2021-08-27,https://engineeringnews.co.za/article/idc-rbm-sibanye-make-headlines-2021-08-27,2021,secondary_keyword_only_review
Engineering News,https://www.engineeringnews.co.za/article/illegal-mining-a-substantial-burden-on-south-african-economy-warns-sibanye-2017-06-28,https://engineeringnews.co.za/article/illegal-mining-a-substantial-burden-on-south-african-economy-warns-sibanye-2017-06-28,2017,secondary_keyword_only_review
Engineering News,https://www.engineeringnews.co.za/article/impairment-silicosis-claims-provision-to-push-sibanye-to-h1-loss-of-at-least-r48-billion-2017-08-17,https://engineeringnews.co.za/article/impairment-silicosis-claims-provision-to-push-sibanye-to-h1-loss-of-at-least-r48-billion-2017-08-17,2017,secondary_keyword_only_review
Engineering News,https://www.engineeringnews.co.za/article/impairments-weigh-on-sibanyes-fy-headline-earnings-2015-02-09,https://engineeringnews.co.za/article/impairments-weigh-on-sibanyes-fy-headline-earnings-2015-02-09,2015,secondary_keyword_only_review
Engineering News,https://www.engineeringnews.co.za/article/implats-amcu-sign-five-year-wage-deal-2022-06-28,https://engineeringnews.co.za/article/implats-amcu-sign-five-year-wage-deal-2022-06-28,2022,secondary_keyword_only_review
Engineering News,https://www.engineeringnews.co.za/article/implats-says-amcu-wage-talks-to-resume-in-2014-2013-12-12,https://engineeringnews.co.za/article/implats-says-amcu-wage-talks-to-resume-in-2014-2013-12-12,2013,secondary_keyword_only_review
Engineering News,https://www.engineeringnews.co.za/article/injured-sibanye-employees-stable-one-discharged-from-hospital-2018-05-11,https://engineeringnews.co.za/article/injured-sibanye-employees-stable-one-discharged-from-hospital-2018-05-11,2018,secondary_keyword_only_review
Engineering News,https://www.engineeringnews.co.za/article/investec-asset-management-raises-sibanye-shareholding-to-540-2019-12-05,https://engineeringnews.co.za/article/investec-asset-management-raises-sibanye-shareholding-to-540-2019-12-05,2019,secondary_keyword_only_review
Engineering News,https://www.engineeringnews.co.za/article/investec-lifts-shareholding-in-sibanye-above-5-2019-01-15,https://engineeringnews.co.za/article/investec-lifts-shareholding-in-sibanye-above-5-2019-01-15,2019,secondary_keyword_only_review
Engineering News,https://www.engineeringnews.co.za/article/investec-lifts-sibanye-shareholding-to-about-519-2019-02-06,https://engineeringnews.co.za/article/investec-lifts-sibanye-shareholding-to-about-519-2019-02-06,2019,secondary_keyword_only_review
Engineering News,https://www.engineeringnews.co.za/article/ioneer-completes-sibanye-stillwater-placement-2021-10-28,https://engineeringnews.co.za/article/ioneer-completes-sibanye-stillwater-placement-2021-10-28,2021,secondary_keyword_only_review
Engineering News,https://www.engineeringnews.co.za/article/ioneersibanye-stillwater-deal-gets-reserve-bank-approval-2021-11-05,https://engineeringnews.co.za/article/ioneersibanye-stillwater-deal-gets-reserve-bank-approval-2021-11-05,2021,secondary_keyword_only_review
Engineering News,https://www.engineeringnews.co.za/article/ioneersibanye-stilwater-deal-gets-reserve-bank-approval-2021-10-20,https://engineeringnews.co.za/article/ioneersibanye-stilwater-deal-gets-reserve-bank-approval-2021-10-20,2021,secondary_keyword_only_review
Engineering News,https://www.engineeringnews.co.za/article/job-losses-at-beatrix-4-shaft-kloof-1-plant-minimisedsibanye-stillwater-reports-2023-03-09,https://engineeringnews.co.za/article/job-losses-at-beatrix-4-shaft-kloof-1-plant-minimisedsibanye-stillwater-reports-2023-03-09,2023,secondary_keyword_only_review
Engineering News,https://www.engineeringnews.co.za/article/jury-still-out-on-whether-platinum-strike-will-result-in-amcu-gaining-or-losing-members-2014-07-18-1,https://engineeringnews.co.za/article/jury-still-out-on-whether-platinum-strike-will-result-in-amcu-gaining-or-losing-members-2014-07-18-1,2014,secondary_keyword_only_review
Engineering News,https://www.engineeringnews.co.za/article/kagiso-pmi-tumbles-to-four-year-low-on-platinum-strike-2014-06-02,https://engineeringnews.co.za/article/kagiso-pmi-tumbles-to-four-year-low-on-platinum-strike-2014-06-02,2014,secondary_keyword_only_review
Engineering News,https://www.engineeringnews.co.za/article/labour-appeal-court-dismisses-amcu-appeal-2016-03-24,https://engineeringnews.co.za/article/labour-appeal-court-dismisses-amcu-appeal-2016-03-24,2016,secondary_keyword_only_review
Engineering News,https://www.engineeringnews.co.za/article/labour-appeal-court-reserves-judgment-in-amcu-appeal-2015-08-21,https://engineeringnews.co.za/article/labour-appeal-court-reserves-judgment-in-amcu-appeal-2015-08-21,2015,secondary_keyword_only_review
Engineering News,https://www.engineeringnews.co.za/article/labour-court-amcu-gold-strike-return-date-postponed-2014-03-17,https://engineeringnews.co.za/article/labour-court-amcu-gold-strike-return-date-postponed-2014-03-17,2014,secondary_keyword_only_review
Engineering News,https://www.engineeringnews.co.za/article/labour-court-declares-sibanye-wage-extension-valid-2019-03-20,https://engineeringnews.co.za/article/labour-court-declares-sibanye-wage-extension-valid-2019-03-20,2019,secondary_keyword_only_review
Engineering News,https://www.engineeringnews.co.za/article/labour-court-dismisses-amcu-interdict-against-sibanye-restructuring-2019-03-18,https://engineeringnews.co.za/article/labour-court-dismisses-amcu-interdict-against-sibanye-restructuring-2019-03-18,2019,secondary_keyword_only_review
Engineering News,https://www.engineeringnews.co.za/article/labour-court-dismisses-amcu-interdict-against-sibanye-restructuring-2019-03-29,https://engineeringnews.co.za/article/labour-court-dismisses-amcu-interdict-against-sibanye-restructuring-2019-03-29,2019,secondary_keyword_only_review
Engineering News,https://www.engineeringnews.co.za/article/labour-court-puts-temporary-hold-on-amcus-planned-gold-strike-2014-01-22,https://engineeringnews.co.za/article/labour-court-puts-temporary-hold-on-amcus-planned-gold-strike-2014-01-22,2014,secondary_keyword_only_review
Engineering News,https://www.engineeringnews.co.za/article/labour-court-puts-temporary-hold-on-amcus-planned-gold-strike-2014-01-31,https://engineeringnews.co.za/article/labour-court-puts-temporary-hold-on-amcus-planned-gold-strike-2014-01-31,2014,secondary_keyword_only_review
Engineering News,https://www.engineeringnews.co.za/article/labour-court-rejects-sibanyes-strike-stop-application-again-2019-02-08,https://engineeringnews.co.za/article/labour-court-rejects-sibanyes-strike-stop-application-again-2019-02-08,2019,secondary_keyword_only_review
Engineering News,https://www.engineeringnews.co.za/article/labour-court-rules-against-amcu-2014-06-02,https://engineeringnews.co.za/article/labour-court-rules-against-amcu-2014-06-02,2014,secondary_keyword_only_review
Engineering News,https://www.engineeringnews.co.za/article/labour-court-rules-in-favour-of-gold-miners-in-amcu-strike-case-2014-06-23,https://engineeringnews.co.za/article/labour-court-rules-in-favour-of-gold-miners-in-amcu-strike-case-2014-06-23,2014,secondary_keyword_only_review
Engineering News,https://www.engineeringnews.co.za/article/labour-court-rules-in-favour-of-gold-miners-in-amcu-strike-case-2014-07-04,https://engineeringnews.co.za/article/labour-court-rules-in-favour-of-gold-miners-in-amcu-strike-case-2014-07-04,2014,secondary_keyword_only_review
Engineering News,https://www.engineeringnews.co.za/article/lace-mine-development-bruised-but-not-halted-by-amcu-strike-2014-10-30,https://engineeringnews.co.za/article/lace-mine-development-bruised-but-not-halted-by-amcu-strike-2014-10-30,2014,secondary_keyword_only_review
Engineering News,https://www.engineeringnews.co.za/article/lily-mine-amcu-and-mine-management-dismiss-num-allegations-2016-03-24,https://engineeringnews.co.za/article/lily-mine-amcu-and-mine-management-dismiss-num-allegations-2016-03-24,2016,secondary_keyword_only_review
Engineering News,https://www.engineeringnews.co.za/article/living-wages-living-allowances-and-the-platinum-strike-2014-07-18,https://engineeringnews.co.za/article/living-wages-living-allowances-and-the-platinum-strike-2014-07-18,2014,secondary_keyword_only_review
Engineering News,https://www.engineeringnews.co.za/article/long-term-supply-contracts-shielding-sibanye-stillwater-from-pgm-price-swing-2021-09-23,https://engineeringnews.co.za/article/long-term-supply-contracts-shielding-sibanye-stillwater-from-pgm-price-swing-2021-09-23,2021,secondary_keyword_only_review
Engineering News,https://www.engineeringnews.co.za/article/lower-pgm-gold-prices-result-in-5-yy-decrease-in-sibanyes-third-quarter-ebitda-2021-10-28,https://engineeringnews.co.za/article/lower-pgm-gold-prices-result-in-5-yy-decrease-in-sibanyes-third-quarter-ebitda-2021-10-28,2021,secondary_keyword_only_review
Engineering News,https://www.engineeringnews.co.za/article/mantashe-calls-on-police-minister-to-safeguard-carletonville-community-amid-sibanye-strike-2019-03-05,https://engineeringnews.co.za/article/mantashe-calls-on-police-minister-to-safeguard-carletonville-community-amid-sibanye-strike-2019-03-05,2019,secondary_keyword_only_review
Engineering News,https://www.engineeringnews.co.za/article/mantashe-calls-on-sibanye-to-resolve-ongoing-workers-strike-2018-11-30,https://engineeringnews.co.za/article/mantashe-calls-on-sibanye-to-resolve-ongoing-workers-strike-2018-11-30,2018,secondary_keyword_only_review
Engineering News,https://www.engineeringnews.co.za/article/mantashe-meets-with-sibanye-unions-after-members-boo-ramaphosa-off-stage-on-workers-day-2022-05-04,https://engineeringnews.co.za/article/mantashe-meets-with-sibanye-unions-after-members-boo-ramaphosa-off-stage-on-workers-day-2022-05-04,2022,secondary_keyword_only_review
Engineering News,https://www.engineeringnews.co.za/article/mantashe-oliphant-welcome-end-to-sibanye-stillwater-gold-strike-2019-04-18,https://engineeringnews.co.za/article/mantashe-oliphant-welcome-end-to-sibanye-stillwater-gold-strike-2019-04-18,2019,secondary_keyword_only_review
Engineering News,https://www.engineeringnews.co.za/article/mantashe-to-receive-r1m-of-ppe-from-sibanye-stillwater-2020-05-05,https://engineeringnews.co.za/article/mantashe-to-receive-r1m-of-ppe-from-sibanye-stillwater-2020-05-05,2020,secondary_keyword_only_review
Engineering News,https://www.engineeringnews.co.za/article/mantashe-urges-sibanye-stillwater-to-prioritise-health-safety-2018-05-04,https://engineeringnews.co.za/article/mantashe-urges-sibanye-stillwater-to-prioritise-health-safety-2018-05-04,2018,secondary_keyword_only_review
Engineering News,https://www.engineeringnews.co.za/article/maphai-to-succeed-moloko-as-sibanye-chairperson-2019-05-29,https://engineeringnews.co.za/article/maphai-to-succeed-moloko-as-sibanye-chairperson-2019-05-29,2019,secondary_keyword_only_review
Engineering News,https://www.engineeringnews.co.za/article/maphai-to-succeed-moloko-as-sibanye-chairperson-2019-06-07,https://engineeringnews.co.za/article/maphai-to-succeed-moloko-as-sibanye-chairperson-2019-06-07,2019,secondary_keyword_only_review
Engineering News,https://www.engineeringnews.co.za/article/mathunjwa-confirms-platinum-strikers-holding-firm-to-wage-demands-2014-02-05,https://engineeringnews.co.za/article/mathunjwa-confirms-platinum-strikers-holding-firm-to-wage-demands-2014-02-05,2014,secondary_keyword_only_review
Engineering News,https://www.engineeringnews.co.za/article/mathunjwa-to-address-imminent-deregistration-of-amcu-2019-04-26,https://engineeringnews.co.za/article/mathunjwa-to-address-imminent-deregistration-of-amcu-2019-04-26,2019,secondary_keyword_only_review
Engineering News,https://www.engineeringnews.co.za/article/mdm-receives-order-to-execute-sibanye-golds-driefontein-dp2-cil-circuit-installation-plant-2014-04-23,https://engineeringnews.co.za/article/mdm-receives-order-to-execute-sibanye-golds-driefontein-dp2-cil-circuit-installation-plant-2014-04-23,2014,secondary_keyword_only_review
Engineering News,https://www.engineeringnews.co.za/article/miner-killed-in-accident-at-sibanyes-driefontein-mine-2018-06-01,https://engineeringnews.co.za/article/miner-killed-in-accident-at-sibanyes-driefontein-mine-2018-06-01,2018,secondary_keyword_only_review
Engineering News,https://www.engineeringnews.co.za/article/minerals-council-sibanye-condemn-false-covid-19-reports-2020-03-23,https://engineeringnews.co.za/article/minerals-council-sibanye-condemn-false-covid-19-reports-2020-03-23,2020,secondary_keyword_only_review
Engineering News,https://www.engineeringnews.co.za/article/minerals-exploration-sibanye-stillwater-structural-issues-make-headlines-2021-10-15,https://engineeringnews.co.za/article/minerals-exploration-sibanye-stillwater-structural-issues-make-headlines-2021-10-15,2021,secondary_keyword_only_review
Engineering News,https://www.engineeringnews.co.za/article/mines-chief-inspector-compiling-report-on-sibanye-stillwater-accidents-mantashe-2018-06-18,https://engineeringnews.co.za/article/mines-chief-inspector-compiling-report-on-sibanye-stillwater-accidents-mantashe-2018-06-18,2018,secondary_keyword_only_review
Engineering News,https://www.engineeringnews.co.za/article/mineworkers-held-back-at-thembelani-shaft-for-their-safety-sibanye-2019-04-30,https://engineeringnews.co.za/article/mineworkers-held-back-at-thembelani-shaft-for-their-safety-sibanye-2019-04-30,2019,secondary_keyword_only_review
Engineering News,https://www.engineeringnews.co.za/article/mining-companies-meet-with-amcu-over-new-demands-2014-06-19,https://engineeringnews.co.za/article/mining-companies-meet-with-amcu-over-new-demands-2014-06-19,2014,secondary_keyword_only_review
Engineering News,https://www.engineeringnews.co.za/article/mining-companies-reviewing-amcu-response-to-wage-offer-2014-06-17,https://engineeringnews.co.za/article/mining-companies-reviewing-amcu-response-to-wage-offer-2014-06-17,2014,secondary_keyword_only_review
Engineering News,https://www.engineeringnews.co.za/article/mining-production-down-47-as-platinum-strike-continues-2014-05-13,https://engineeringnews.co.za/article/mining-production-down-47-as-platinum-strike-continues-2014-05-13,2014,secondary_keyword_only_review
Engineering News,https://www.engineeringnews.co.za/article/mining-production-up-02-yy-79-mm-despite-ongoing-platinum-strike-2014-06-12,https://engineeringnews.co.za/article/mining-production-up-02-yy-79-mm-despite-ongoing-platinum-strike-2014-06-12,2014,secondary_keyword_only_review
Engineering News,https://www.engineeringnews.co.za/article/mining-technology-gets-boost-from-new-wits-sibanye-partnership-2017-11-09,https://engineeringnews.co.za/article/mining-technology-gets-boost-from-new-wits-sibanye-partnership-2017-11-09,2017,secondary_keyword_only_review
Engineering News,https://www.engineeringnews.co.za/article/mining-technology-gets-boost-from-new-wits-sibanye-partnership-2017-11-17,https://engineeringnews.co.za/article/mining-technology-gets-boost-from-new-wits-sibanye-partnership-2017-11-17,2017,secondary_keyword_only_review
Engineering News,https://www.engineeringnews.co.za/article/mining-unions-prepare-for-massive-strike-at-sibanyes-gold-operations-2022-02-24,https://engineeringnews.co.za/article/mining-unions-prepare-for-massive-strike-at-sibanyes-gold-operations-2022-02-24,2022,secondary_keyword_only_review
Engineering News,https://www.engineeringnews.co.za/article/minings-whos-who-leave-amcu-out-to-dry-as-accord-is-signed-2013-07-03,https://engineeringnews.co.za/article/minings-whos-who-leave-amcu-out-to-dry-as-accord-is-signed-2013-07-03,2013,secondary_keyword_only_review
Engineering News,https://www.engineeringnews.co.za/article/minister-pleads-for-resolution-at-mondays-platinum-strike-meeting-2014-06-09,https://engineeringnews.co.za/article/minister-pleads-for-resolution-at-mondays-platinum-strike-meeting-2014-06-09,2014,secondary_keyword_only_review
Engineering News,https://www.engineeringnews.co.za/article/minister-sets-up-technical-team-to-resolve-platinum-strike-2014-05-28,https://engineeringnews.co.za/article/minister-sets-up-technical-team-to-resolve-platinum-strike-2014-05-28,2014,secondary_keyword_only_review
Engineering News,https://www.engineeringnews.co.za/article/moodys-reaffirms-sibanyes-credit-rating-2018-07-06,https://engineeringnews.co.za/article/moodys-reaffirms-sibanyes-credit-rating-2018-07-06,2018,secondary_keyword_only_review
Engineering News,https://www.engineeringnews.co.za/article/moodys-upgrades-sibanye-stillwaters-credit-rating-2022-05-03,https://engineeringnews.co.za/article/moodys-upgrades-sibanye-stillwaters-credit-rating-2022-05-03,2022,secondary_keyword_only_review
Engineering News,https://www.engineeringnews.co.za/article/nearly-a-quarter-of-sibanyes-south-african-employees-now-vaccinated-2021-07-29,https://engineeringnews.co.za/article/nearly-a-quarter-of-sibanyes-south-african-employees-now-vaccinated-2021-07-29,2021,secondary_keyword_only_review
Engineering News,https://www.engineeringnews.co.za/article/nedlac-wants-platinum-strike-resolved-2014-05-19,https://engineeringnews.co.za/article/nedlac-wants-platinum-strike-resolved-2014-05-19,2014,secondary_keyword_only_review
Engineering News,https://www.engineeringnews.co.za/article/new-fund-approved-by-sibanye-to-foster-rd-2022-04-22,https://engineeringnews.co.za/article/new-fund-approved-by-sibanye-to-foster-rd-2022-04-22,2022,secondary_keyword_only_review
Engineering News,https://www.engineeringnews.co.za/article/new-horizons-for-uranium-as-a-green-metal-sibanye-stillwater-2021-09-10,https://engineeringnews.co.za/article/new-horizons-for-uranium-as-a-green-metal-sibanye-stillwater-2021-09-10,2021,secondary_keyword_only_review
Engineering News,https://www.engineeringnews.co.za/article/new-positive-wind-blowing-through-south-african-mining-sibanye-2016-07-28,https://engineeringnews.co.za/article/new-positive-wind-blowing-through-south-african-mining-sibanye-2016-07-28,2016,secondary_keyword_only_review
Engineering News,https://www.engineeringnews.co.za/article/new-positive-wind-blowing-through-south-african-mining-sibanye-2016-08-12,https://engineeringnews.co.za/article/new-positive-wind-blowing-through-south-african-mining-sibanye-2016-08-12,2016,secondary_keyword_only_review
Engineering News,https://www.engineeringnews.co.za/article/new-york-court-dismisses-class-action-against-sibanye-stillwater-2020-11-12,https://engineeringnews.co.za/article/new-york-court-dismisses-class-action-against-sibanye-stillwater-2020-11-12,2020,secondary_keyword_only_review
Engineering News,https://www.engineeringnews.co.za/article/new-york-court-dismisses-class-action-against-sibanye-stillwater-2020-11-27,https://engineeringnews.co.za/article/new-york-court-dismisses-class-action-against-sibanye-stillwater-2020-11-27,2020,secondary_keyword_only_review
Engineering News,https://www.engineeringnews.co.za/article/niron-metals-sibanye-stillwater-and-barrick-gold-make-headlines-2019-02-27,https://engineeringnews.co.za/article/niron-metals-sibanye-stillwater-and-barrick-gold-make-headlines-2019-02-27,2019,secondary_keyword_only_review
Engineering News,https://www.engineeringnews.co.za/article/no-current-negotiations-after-amcu-members-resoundingly-rejected-latest-offer-mathunjwa-2014-05-05,https://engineeringnews.co.za/article/no-current-negotiations-after-amcu-members-resoundingly-rejected-latest-offer-mathunjwa-2014-05-05,2014,secondary_keyword_only_review
Engineering News,https://www.engineeringnews.co.za/article/no-need-for-forced-retrenchments-at-amplats-if-contract-labour-terminated-amcu-2013-10-07,https://engineeringnews.co.za/article/no-need-for-forced-retrenchments-at-amplats-if-contract-labour-terminated-amcu-2013-10-07,2013,secondary_keyword_only_review
Engineering News,https://www.engineeringnews.co.za/article/no-need-to-go-deeper-to-grow-sibanye-gold-ceo-2013-02-11,https://engineeringnews.co.za/article/no-need-to-go-deeper-to-grow-sibanye-gold-ceo-2013-02-11,2013,secondary_keyword_only_review
Engineering News,https://www.engineeringnews.co.za/article/no-need-to-go-deeper-to-grow-sibanye-gold-ceo-2013-02-22,https://engineeringnews.co.za/article/no-need-to-go-deeper-to-grow-sibanye-gold-ceo-2013-02-22,2013,secondary_keyword_only_review
Engineering News,https://www.engineeringnews.co.za/article/northam-platinum-strike-continues-2013-11-19,https://engineeringnews.co.za/article/northam-platinum-strike-continues-2013-11-19,2013,secondary_keyword_only_review
Engineering News,https://www.engineeringnews.co.za/article/nothing-comes-before-safe-production-sibanye-stillwater-2018-08-23,https://engineeringnews.co.za/article/nothing-comes-before-safe-production-sibanye-stillwater-2018-08-23,2018,secondary_keyword_only_review
Engineering News,https://www.engineeringnews.co.za/article/nothing-comes-before-safe-production-sibanye-stillwater-2018-08-31,https://engineeringnews.co.za/article/nothing-comes-before-safe-production-sibanye-stillwater-2018-08-31,2018,secondary_keyword_only_review
Engineering News,https://www.engineeringnews.co.za/article/now-us-shareholders-give-nod-to-sibanye-deal-2017-04-26,https://engineeringnews.co.za/article/now-us-shareholders-give-nod-to-sibanye-deal-2017-04-26,2017,secondary_keyword_only_review
Engineering News,https://www.engineeringnews.co.za/article/num-amcu-call-for-proper-regulation-and-safety-measures-for-mineworkers-2020-04-21,https://engineeringnews.co.za/article/num-amcu-call-for-proper-regulation-and-safety-measures-for-mineworkers-2020-04-21,2020,secondary_keyword_only_review
Engineering News,https://www.engineeringnews.co.za/article/num-amcu-march-to-jse-suspended-2022-04-22,https://engineeringnews.co.za/article/num-amcu-march-to-jse-suspended-2022-04-22,2022,secondary_keyword_only_review
Engineering News,https://www.engineeringnews.co.za/article/num-amcu-to-march-to-jse-in-sibanye-wage-dispute-2022-04-21,https://engineeringnews.co.za/article/num-amcu-to-march-to-jse-in-sibanye-wage-dispute-2022-04-21,2022,secondary_keyword_only_review
Engineering News,https://www.engineeringnews.co.za/article/num-amcu-to-ramp-up-sibanye-gold-strike-down-tools-at-affiliated-platinum-mines-2022-04-12,https://engineeringnews.co.za/article/num-amcu-to-ramp-up-sibanye-gold-strike-down-tools-at-affiliated-platinum-mines-2022-04-12,2022,secondary_keyword_only_review
Engineering News,https://www.engineeringnews.co.za/article/num-calls-for-sibanyes-gold-mining-rights-to-be-revoked-2022-05-23,https://engineeringnews.co.za/article/num-calls-for-sibanyes-gold-mining-rights-to-be-revoked-2022-05-23,2022,secondary_keyword_only_review
Engineering News,https://www.engineeringnews.co.za/article/num-demands-arrests-of-perpetrators-of-violence-at-sibanye-stillwater-2019-04-04,https://engineeringnews.co.za/article/num-demands-arrests-of-perpetrators-of-violence-at-sibanye-stillwater-2019-04-04,2019,secondary_keyword_only_review
Engineering News,https://www.engineeringnews.co.za/article/num-demands-immediate-removal-of-froneman-as-sibanye-ceo-2022-03-11,https://engineeringnews.co.za/article/num-demands-immediate-removal-of-froneman-as-sibanye-ceo-2022-03-11,2022,secondary_keyword_only_review
Engineering News,https://www.engineeringnews.co.za/article/num-lambastes-sibanyes-legal-bid-against-dmr-over-section-54-stoppages-2017-01-30,https://engineeringnews.co.za/article/num-lambastes-sibanyes-legal-bid-against-dmr-over-section-54-stoppages-2017-01-30,2017,secondary_keyword_only_review
Engineering News,https://www.engineeringnews.co.za/article/num-member-dies-after-attack-at-sibanyes-cooke-operation-2016-10-06,https://engineeringnews.co.za/article/num-member-dies-after-attack-at-sibanyes-cooke-operation-2016-10-06,2016,secondary_keyword_only_review
Engineering News,https://www.engineeringnews.co.za/article/num-plans-sibanye-protest-march-2015-03-24,https://engineeringnews.co.za/article/num-plans-sibanye-protest-march-2015-03-24,2015,secondary_keyword_only_review
Engineering News,https://www.engineeringnews.co.za/article/num-to-march-against-closure-of-sibanyes-cooke-4-shaft-2016-09-05,https://engineeringnews.co.za/article/num-to-march-against-closure-of-sibanyes-cooke-4-shaft-2016-09-05,2016,secondary_keyword_only_review
Engineering News,https://www.engineeringnews.co.za/article/num-to-march-against-sale-of-sibanye-hospital-2014-03-19,https://engineeringnews.co.za/article/num-to-march-against-sale-of-sibanye-hospital-2014-03-19,2014,secondary_keyword_only_review
Engineering News,https://www.engineeringnews.co.za/article/num-uasa-unions-back-strike-at-sibanye-stillwater-gold-mines-2022-03-03,https://engineeringnews.co.za/article/num-uasa-unions-back-strike-at-sibanye-stillwater-gold-mines-2022-03-03,2022,secondary_keyword_only_review
Engineering News,https://www.engineeringnews.co.za/article/numsa-dismayed-by-labour-departments-intention-to-de-register-amcu-as-a-union-2019-04-26,https://engineeringnews.co.za/article/numsa-dismayed-by-labour-departments-intention-to-de-register-amcu-as-a-union-2019-04-26,2019,secondary_keyword_only_review
Engineering News,https://www.engineeringnews.co.za/article/ongoing-interventions-improve-sibanye-stillwater-safety-2018-11-01,https://engineeringnews.co.za/article/ongoing-interventions-improve-sibanye-stillwater-safety-2018-11-01,2018,secondary_keyword_only_review
Engineering News,https://www.engineeringnews.co.za/article/ongoing-interventions-improve-sibanye-stillwater-safety-2018-11-09,https://engineeringnews.co.za/article/ongoing-interventions-improve-sibanye-stillwater-safety-2018-11-09,2018,secondary_keyword_only_review
Engineering News,https://www.engineeringnews.co.za/article/operational-glitches-dent-sibanyes-q1-output-as-it-readies-for-wage-talk-season-2015-05-04,https://engineeringnews.co.za/article/operational-glitches-dent-sibanyes-q1-output-as-it-readies-for-wage-talk-season-2015-05-04,2015,secondary_keyword_only_review
Engineering News,https://www.engineeringnews.co.za/article/operational-glitches-dent-sibanyes-q1-output-as-it-readies-for-wage-talk-season-2015-05-15,https://engineeringnews.co.za/article/operational-glitches-dent-sibanyes-q1-output-as-it-readies-for-wage-talk-season-2015-05-15,2015,secondary_keyword_only_review
Engineering News,https://www.engineeringnews.co.za/article/operations-at-sibanyes-thembelani-shaft-resume-2019-05-03,https://engineeringnews.co.za/article/operations-at-sibanyes-thembelani-shaft-resume-2019-05-03,2019,secondary_keyword_only_review
Engineering News,https://www.engineeringnews.co.za/article/operations-resume-at-sibanyes-cooke-mine-2016-10-05,https://engineeringnews.co.za/article/operations-resume-at-sibanyes-cooke-mine-2016-10-05,2016,secondary_keyword_only_review
Engineering News,https://www.engineeringnews.co.za/article/palladium-propelled-us-buy-quickly-paying-its-own-way-sibanye-stillwater-2017-08-31,https://engineeringnews.co.za/article/palladium-propelled-us-buy-quickly-paying-its-own-way-sibanye-stillwater-2017-08-31,2017,secondary_keyword_only_review
Engineering News,https://www.engineeringnews.co.za/article/pgm-price-decline-lower-us-output-to-see-sibanye-stillwater-earnings-fall-2023-08-18,https://engineeringnews.co.za/article/pgm-price-decline-lower-us-output-to-see-sibanye-stillwater-earnings-fall-2023-08-18,2023,secondary_keyword_only_review
Engineering News,https://www.engineeringnews.co.za/article/pgms-operations-offset-strike-induced-gold-losses-at-sibanye-stillwater-2019-05-09,https://engineeringnews.co.za/article/pgms-operations-offset-strike-induced-gold-losses-at-sibanye-stillwater-2019-05-09,2019,secondary_keyword_only_review
Engineering News,https://www.engineeringnews.co.za/article/pgms-operations-offset-strike-induced-gold-losses-at-sibanye-stillwater-2019-05-09-1,https://engineeringnews.co.za/article/pgms-operations-offset-strike-induced-gold-losses-at-sibanye-stillwater-2019-05-09-1,2019,secondary_keyword_only_review
Engineering News,https://www.engineeringnews.co.za/article/pic-lifts-stake-in-sibanye-above-10-2019-10-24,https://engineeringnews.co.za/article/pic-lifts-stake-in-sibanye-above-10-2019-10-24,2019,secondary_keyword_only_review
Engineering News,https://www.engineeringnews.co.za/article/pic-lifts-stake-in-sibanye-to-15-2020-07-27,https://engineeringnews.co.za/article/pic-lifts-stake-in-sibanye-to-15-2020-07-27,2020,secondary_keyword_only_review
Engineering News,https://www.engineeringnews.co.za/article/pic-lifts-stake-in-sibanye-to-15155-2021-02-08,https://engineeringnews.co.za/article/pic-lifts-stake-in-sibanye-to-15155-2021-02-08,2021,secondary_keyword_only_review
Engineering News,https://www.engineeringnews.co.za/article/pic-secures-1083-stake-in-sibanye-stillwater-2017-11-03,https://engineeringnews.co.za/article/pic-secures-1083-stake-in-sibanye-stillwater-2017-11-03,2017,secondary_keyword_only_review
Engineering News,https://www.engineeringnews.co.za/article/pics-sibanye-stake-rises-above-107-2019-06-19,https://engineeringnews.co.za/article/pics-sibanye-stake-rises-above-107-2019-06-19,2019,secondary_keyword_only_review
Engineering News,https://www.engineeringnews.co.za/article/platinum-acquisitions-canadas-first-nations-sibanye-stillwater-make-headlines-2021-10-29,https://engineeringnews.co.za/article/platinum-acquisitions-canadas-first-nations-sibanye-stillwater-make-headlines-2021-10-29,2021,secondary_keyword_only_review
Engineering News,https://www.engineeringnews.co.za/article/platinum-bosses-plead-with-amcu-to-return-to-work-2014-02-28,https://engineeringnews.co.za/article/platinum-bosses-plead-with-amcu-to-return-to-work-2014-02-28,2014,secondary_keyword_only_review
Engineering News,https://www.engineeringnews.co.za/article/platinum-companies-amcu-meetings-continue-2014-06-20,https://engineeringnews.co.za/article/platinum-companies-amcu-meetings-continue-2014-06-20,2014,secondary_keyword_only_review
Engineering News,https://www.engineeringnews.co.za/article/platinum-companies-considering-amcus-latest-wage-proposal-2014-06-04,https://engineeringnews.co.za/article/platinum-companies-considering-amcus-latest-wage-proposal-2014-06-04,2014,secondary_keyword_only_review
Engineering News,https://www.engineeringnews.co.za/article/platinum-giants-eye-sibanyes-gold-mining-deal-as-wage-yardstick-2019-07-18,https://engineeringnews.co.za/article/platinum-giants-eye-sibanyes-gold-mining-deal-as-wage-yardstick-2019-07-18,2019,secondary_keyword_only_review
Engineering News,https://www.engineeringnews.co.za/article/platinum-investment-demand-anglo-american-sibanye-stillwater-make-headlines-2020-11-20,https://engineeringnews.co.za/article/platinum-investment-demand-anglo-american-sibanye-stillwater-make-headlines-2020-11-20,2020,secondary_keyword_only_review
Engineering News,https://www.engineeringnews.co.za/article/platinum-marketing-in-need-of-coordination-collaboration-sibanye-2016-12-12,https://engineeringnews.co.za/article/platinum-marketing-in-need-of-coordination-collaboration-sibanye-2016-12-12,2016,secondary_keyword_only_review
Engineering News,https://www.engineeringnews.co.za/article/platinum-marketing-needs-collaboration-sibanye-2017-01-20,https://engineeringnews.co.za/article/platinum-marketing-needs-collaboration-sibanye-2017-01-20,2017,secondary_keyword_only_review
Engineering News,https://www.engineeringnews.co.za/article/platinum-producers-amcu-agree-to-labour-court-mediation-2014-05-20,https://engineeringnews.co.za/article/platinum-producers-amcu-agree-to-labour-court-mediation-2014-05-20,2014,secondary_keyword_only_review
Engineering News,https://www.engineeringnews.co.za/article/platinum-producers-amcu-to-resume-talks-on-monday-2014-02-28,https://engineeringnews.co.za/article/platinum-producers-amcu-to-resume-talks-on-monday-2014-02-28,2014,secondary_keyword_only_review
Engineering News,https://www.engineeringnews.co.za/article/platinum-strike-consequences-starting-to-take-shape-2014-08-22,https://engineeringnews.co.za/article/platinum-strike-consequences-starting-to-take-shape-2014-08-22,2014,secondary_keyword_only_review
Engineering News,https://www.engineeringnews.co.za/article/platinum-strike-experience-should-strengthen-collective-bargaining-davies-2014-06-24,https://engineeringnews.co.za/article/platinum-strike-experience-should-strengthen-collective-bargaining-davies-2014-06-24,2014,secondary_keyword_only_review
Engineering News,https://www.engineeringnews.co.za/article/platinum-strike-experience-should-strengthen-collective-bargaining-davies-2014-07-04,https://engineeringnews.co.za/article/platinum-strike-experience-should-strengthen-collective-bargaining-davies-2014-07-04,2014,secondary_keyword_only_review
Engineering News,https://www.engineeringnews.co.za/article/platinum-strike-highlighting-huge-potential-opportunity-loss-for-economy-2014-04-23,https://engineeringnews.co.za/article/platinum-strike-highlighting-huge-potential-opportunity-loss-for-economy-2014-04-23,2014,secondary_keyword_only_review
Engineering News,https://www.engineeringnews.co.za/article/platinum-strike-highlighting-huge-potential-opportunity-loss-for-economy-2014-05-02,https://engineeringnews.co.za/article/platinum-strike-highlighting-huge-potential-opportunity-loss-for-economy-2014-05-02,2014,secondary_keyword_only_review
Engineering News,https://www.engineeringnews.co.za/article/platinum-strike-slashes-amplats-q1-output-by-39-2014-04-24,https://engineeringnews.co.za/article/platinum-strike-slashes-amplats-q1-output-by-39-2014-04-24,2014,secondary_keyword_only_review
Engineering News,https://www.engineeringnews.co.za/article/platinum-strike-threatens-contractor-longevity-2014-05-23,https://engineeringnews.co.za/article/platinum-strike-threatens-contractor-longevity-2014-05-23,2014,secondary_keyword_only_review
Engineering News,https://www.engineeringnews.co.za/article/platinum-strike-to-have-largest-impact-on-march-mining-production-2014-05-12,https://engineeringnews.co.za/article/platinum-strike-to-have-largest-impact-on-march-mining-production-2014-05-12,2014,secondary_keyword_only_review
Engineering News,https://www.engineeringnews.co.za/article/platinum-strikers-could-have-shot-themselves-in-the-foot-2014-09-26,https://engineeringnews.co.za/article/platinum-strikers-could-have-shot-themselves-in-the-foot-2014-09-26,2014,secondary_keyword_only_review
Engineering News,https://www.engineeringnews.co.za/article/platinum-strikes-costing-sa-r400-milion-a-day-2014-02-04,https://engineeringnews.co.za/article/platinum-strikes-costing-sa-r400-milion-a-day-2014-02-04,2014,secondary_keyword_only_review
Engineering News,https://www.engineeringnews.co.za/article/platinum-strikes-costing-sa-r400-million-a-day-2014-02-14,https://engineeringnews.co.za/article/platinum-strikes-costing-sa-r400-million-a-day-2014-02-14,2014,secondary_keyword_only_review
Engineering News,https://www.engineeringnews.co.za/article/prestigious-brigadier-stokes-memorial-award-awarded-to-sibanyes-froneman-2021-08-12,https://engineeringnews.co.za/article/prestigious-brigadier-stokes-memorial-award-awarded-to-sibanyes-froneman-2021-08-12,2021,secondary_keyword_only_review
Engineering News,https://www.engineeringnews.co.za/article/price-spiking-palladium-must-be-substituted-with-platinum-sibanye-stillwater-2020-02-19,https://engineeringnews.co.za/article/price-spiking-palladium-must-be-substituted-with-platinum-sibanye-stillwater-2020-02-19,2020,secondary_keyword_only_review
Engineering News,https://www.engineeringnews.co.za/article/producers-to-oppose-amcu-direct-communication-court-application-2014-05-14,https://engineeringnews.co.za/article/producers-to-oppose-amcu-direct-communication-court-application-2014-05-14,2014,secondary_keyword_only_review
Engineering News,https://www.engineeringnews.co.za/article/production-at-sibanyes-cooke-operations-to-resume-on-monday-2017-06-30,https://engineeringnews.co.za/article/production-at-sibanyes-cooke-operations-to-resume-on-monday-2017-06-30,2017,secondary_keyword_only_review
Engineering News,https://www.engineeringnews.co.za/article/project-development-hindered-by-platinum-strike-2014-06-27,https://engineeringnews.co.za/article/project-development-hindered-by-platinum-strike-2014-06-27,2014,secondary_keyword_only_review
Engineering News,https://www.engineeringnews.co.za/article/proposed-stillwater-acquisition-nets-sibanye-deal-of-the-year-award-2017-02-16,https://engineeringnews.co.za/article/proposed-stillwater-acquisition-nets-sibanye-deal-of-the-year-award-2017-02-16,2017,secondary_keyword_only_review
Engineering News,https://www.engineeringnews.co.za/article/proudly-south-african-sibanye-gold-debuts-well-in-new-york-2013-02-22,https://engineeringnews.co.za/article/proudly-south-african-sibanye-gold-debuts-well-in-new-york-2013-02-22,2013,secondary_keyword_only_review
Engineering News,https://www.engineeringnews.co.za/article/proudly-south-african-sibanye-gold-debuts-well-in-new-york-2013-03-08,https://engineeringnews.co.za/article/proudly-south-african-sibanye-gold-debuts-well-in-new-york-2013-03-08,2013,secondary_keyword_only_review
Engineering News,https://www.engineeringnews.co.za/article/r23bn-to-be-spent-on-burnstone-gold-project-sibanye-stillwater-2021-03-05,https://engineeringnews.co.za/article/r23bn-to-be-spent-on-burnstone-gold-project-sibanye-stillwater-2021-03-05,2021,secondary_keyword_only_review
Engineering News,https://www.engineeringnews.co.za/article/r23bn-to-be-spent-on-burnstone-gold-project-sibanye-stillwater-2021-03-26,https://engineeringnews.co.za/article/r23bn-to-be-spent-on-burnstone-gold-project-sibanye-stillwater-2021-03-26,2021,secondary_keyword_only_review
Engineering News,https://www.engineeringnews.co.za/article/race-for-anglogold-assets-may-pit-sibanye-against-rival-harmony-2019-05-10,https://engineeringnews.co.za/article/race-for-anglogold-assets-may-pit-sibanye-against-rival-harmony-2019-05-10,2019,secondary_keyword_only_review
Engineering News,https://www.engineeringnews.co.za/article/ramaphosa-mourns-mining-disaster-deaths-at-sibanye-stillwaters-driefontein-operations-2018-05-05,https://engineeringnews.co.za/article/ramaphosa-mourns-mining-disaster-deaths-at-sibanye-stillwaters-driefontein-operations-2018-05-05,2018,secondary_keyword_only_review
Engineering News,https://www.engineeringnews.co.za/article/record-quarter-sibanye-forecasting-best-ever-2015-gold-output-2015-01-27,https://engineeringnews.co.za/article/record-quarter-sibanye-forecasting-best-ever-2015-gold-output-2015-01-27,2015,secondary_keyword_only_review
Engineering News,https://www.engineeringnews.co.za/article/record-quarter-sibanye-forecasting-best-ever-2015-gold-output-2015-02-06,https://engineeringnews.co.za/article/record-quarter-sibanye-forecasting-best-ever-2015-gold-output-2015-02-06,2015,secondary_keyword_only_review
Engineering News,https://www.engineeringnews.co.za/article/record-rand-gold-price-prompts-sibanye-to-call-employees-unions-back-to-the-table-2016-02-25,https://engineeringnews.co.za/article/record-rand-gold-price-prompts-sibanye-to-call-employees-unions-back-to-the-table-2016-02-25,2016,secondary_keyword_only_review
Engineering News,https://www.engineeringnews.co.za/article/record-rand-gold-price-prompts-sibanye-to-call-employees-unions-back-to-the-table-2016-03-04,https://engineeringnews.co.za/article/record-rand-gold-price-prompts-sibanye-to-call-employees-unions-back-to-the-table-2016-03-04,2016,secondary_keyword_only_review
Engineering News,https://www.engineeringnews.co.za/article/red-tape-costing-sa-miners-their-competitive-edge-laments-sibanye-stillwater-boss-2021-02-04,https://engineeringnews.co.za/article/red-tape-costing-sa-miners-their-competitive-edge-laments-sibanye-stillwater-boss-2021-02-04,2021,secondary_keyword_only_review
Engineering News,https://www.engineeringnews.co.za/article/redemption-of-450m-convertible-bonds-completed-sibanye-2020-10-21,https://engineeringnews.co.za/article/redemption-of-450m-convertible-bonds-completed-sibanye-2020-10-21,2020,secondary_keyword_only_review
Engineering News,https://www.engineeringnews.co.za/article/refurbished-wits-innovation-bridge-marks-multimillion-rand-sibanye-stillwater-sponsorship-2023-07-13,https://engineeringnews.co.za/article/refurbished-wits-innovation-bridge-marks-multimillion-rand-sibanye-stillwater-sponsorship-2023-07-13,2023,secondary_keyword_only_review
Engineering News,https://www.engineeringnews.co.za/article/renewables-now-critical-part-of-metal-mining-thinking-says-sibanye-stillwater-2023-11-14,https://engineeringnews.co.za/article/renewables-now-critical-part-of-metal-mining-thinking-says-sibanye-stillwater-2023-11-14,2023,secondary_keyword_only_review
Engineering News,https://www.engineeringnews.co.za/article/rick-menell-appointed-sibanye-lead-independent-director-2020-02-17,https://engineeringnews.co.za/article/rick-menell-appointed-sibanye-lead-independent-director-2020-02-17,2020,secondary_keyword_only_review
Engineering News,https://www.engineeringnews.co.za/article/sa-platinum-firms-to-meet-mediators-tuesday-amcu-2014-02-10,https://engineeringnews.co.za/article/sa-platinum-firms-to-meet-mediators-tuesday-amcu-2014-02-10,2014,secondary_keyword_only_review
Engineering News,https://www.engineeringnews.co.za/article/safety-dominates-sibanye-results-presentation-as-125-profit-surge-takes-back-seat-2016-08-25,https://engineeringnews.co.za/article/safety-dominates-sibanye-results-presentation-as-125-profit-surge-takes-back-seat-2016-08-25,2016,secondary_keyword_only_review
Engineering News,https://www.engineeringnews.co.za/article/safety-dominates-sibanye-results-presentation-as-125-profit-surge-takes-back-seat-2016-09-02,https://engineeringnews.co.za/article/safety-dominates-sibanye-results-presentation-as-125-profit-surge-takes-back-seat-2016-09-02,2016,secondary_keyword_only_review
Engineering News,https://www.engineeringnews.co.za/article/safrica-deputy-president-to-meet-mining-firms-unions-as-platinum-strike-drags-on-2014-03-24,https://engineeringnews.co.za/article/safrica-deputy-president-to-meet-mining-firms-unions-as-platinum-strike-drags-on-2014-03-24,2014,secondary_keyword_only_review
Engineering News,https://www.engineeringnews.co.za/article/safricas-amcu-says-wage-offer-may-not-be-ready-for-vote-2014-04-24,https://engineeringnews.co.za/article/safricas-amcu-says-wage-offer-may-not-be-ready-for-vote-2014-04-24,2014,secondary_keyword_only_review
Engineering News,https://www.engineeringnews.co.za/article/saimm-awards-its-most-prestigious-prize-to-neal-froneman-ceo-of-sibanye-stillwater-2021-08-12,https://engineeringnews.co.za/article/saimm-awards-its-most-prestigious-prize-to-neal-froneman-ceo-of-sibanye-stillwater-2021-08-12,2021,secondary_keyword_only_review
Engineering News,https://www.engineeringnews.co.za/article/search-for-fifth-miner-continues-at-sibanye-kloof-mine-2018-06-13,https://engineeringnews.co.za/article/search-for-fifth-miner-continues-at-sibanye-kloof-mine-2018-06-13,2018,secondary_keyword_only_review
Engineering News,https://www.engineeringnews.co.za/article/several-platinum-opportunities-already-abandoned---sibanye-gold-2014-09-16,https://engineeringnews.co.za/article/several-platinum-opportunities-already-abandoned---sibanye-gold-2014-09-16,2014,secondary_keyword_only_review
Engineering News,https://www.engineeringnews.co.za/article/shabangu-denies-encouraging-amplats-to-sue-amcu-2014-02-21,https://engineeringnews.co.za/article/shabangu-denies-encouraging-amplats-to-sue-amcu-2014-02-21,2014,secondary_keyword_only_review
Engineering News,https://www.engineeringnews.co.za/article/share-prices-soar-as-sibanye-bids-r4bn-cash-for-aquarius-platinum-2015-10-16,https://engineeringnews.co.za/article/share-prices-soar-as-sibanye-bids-r4bn-cash-for-aquarius-platinum-2015-10-16,2015,secondary_keyword_only_review
Engineering News,https://www.engineeringnews.co.za/article/shareholders-approve-internal-restructuring-of-sibanye-gold-2020-01-23,https://engineeringnews.co.za/article/shareholders-approve-internal-restructuring-of-sibanye-gold-2020-01-23,2020,secondary_keyword_only_review
Engineering News,https://www.engineeringnews.co.za/article/sibanye-2012-earnings-up-16-year-on-year-2013-03-01,https://engineeringnews.co.za/article/sibanye-2012-earnings-up-16-year-on-year-2013-03-01,2013,secondary_keyword_only_review
Engineering News,https://www.engineeringnews.co.za/article/sibanye-2013-production-above-guidance-2014-01-31,https://engineeringnews.co.za/article/sibanye-2013-production-above-guidance-2014-01-31,2014,secondary_keyword_only_review
Engineering News,https://www.engineeringnews.co.za/article/sibanye-achieves-iso-45001-accreditation-at-south-african-gold-pgm-operations-2021-11-18,https://engineeringnews.co.za/article/sibanye-achieves-iso-45001-accreditation-at-south-african-gold-pgm-operations-2021-11-18,2021,secondary_keyword_only_review
Engineering News,https://www.engineeringnews.co.za/article/sibanye-achieves-joint-first-place-in-2023-sdti-research-report-2023-08-23,https://engineeringnews.co.za/article/sibanye-achieves-joint-first-place-in-2023-sdti-research-report-2023-08-23,2023,secondary_keyword_only_review
Engineering News,https://www.engineeringnews.co.za/article/sibanye-achieves-responsible-sourcing-accreditation-for-south-african-pgm-operations-2021-02-02,https://engineeringnews.co.za/article/sibanye-achieves-responsible-sourcing-accreditation-for-south-african-pgm-operations-2021-02-02,2021,secondary_keyword_only_review
Engineering News,https://www.engineeringnews.co.za/article/sibanye-adds-global-experience-to-safety-panel-2019-01-17,https://engineeringnews.co.za/article/sibanye-adds-global-experience-to-safety-panel-2019-01-17,2019,secondary_keyword_only_review
Engineering News,https://www.engineeringnews.co.za/article/sibanye-adds-three-to-board-2013-10-02,https://engineeringnews.co.za/article/sibanye-adds-three-to-board-2013-10-02,2013,secondary_keyword_only_review
Engineering News,https://www.engineeringnews.co.za/article/sibanye-advances-battery-metals-strategy-through-acquisition-of-french-nickel-refinery-2021-07-30,https://engineeringnews.co.za/article/sibanye-advances-battery-metals-strategy-through-acquisition-of-french-nickel-refinery-2021-07-30,2021,secondary_keyword_only_review
Engineering News,https://www.engineeringnews.co.za/article/sibanye-advances-buyout-of-sandouville-asset-2021-11-04,https://engineeringnews.co.za/article/sibanye-advances-buyout-of-sandouville-asset-2021-11-04,2021,secondary_keyword_only_review
Engineering News,https://www.engineeringnews.co.za/article/sibanye-advances-buyout-of-sandouville-asset-2021-11-19,https://engineeringnews.co.za/article/sibanye-advances-buyout-of-sandouville-asset-2021-11-19,2021,secondary_keyword_only_review
Engineering News,https://www.engineeringnews.co.za/article/sibanye-advances-carbon-neutrality-with-first-utility-scale-renewable-energy-project-2023-05-29,https://engineeringnews.co.za/article/sibanye-advances-carbon-neutrality-with-first-utility-scale-renewable-energy-project-2023-05-29,2023,secondary_keyword_only_review
Engineering News,https://www.engineeringnews.co.za/article/sibanye-advances-carbon-neutrality-with-first-utility-scale-renewable-energy-project-2023-06-16,https://engineeringnews.co.za/article/sibanye-advances-carbon-neutrality-with-first-utility-scale-renewable-energy-project-2023-06-16,2023,secondary_keyword_only_review
Engineering News,https://www.engineeringnews.co.za/article/sibanye-aiming-to-become-south-africas-mining-champion-2015-10-08,https://engineeringnews.co.za/article/sibanye-aiming-to-become-south-africas-mining-champion-2015-10-08,2015,secondary_keyword_only_review
Engineering News,https://www.engineeringnews.co.za/article/sibanye-among-three-new-icmm-members-2020-02-27,https://engineeringnews.co.za/article/sibanye-among-three-new-icmm-members-2020-02-27,2020,secondary_keyword_only_review
Engineering News,https://www.engineeringnews.co.za/article/sibanye-announces-early-tender-results-for-bond-notes-buyback-2018-09-18,https://engineeringnews.co.za/article/sibanye-announces-early-tender-results-for-bond-notes-buyback-2018-09-18,2018,secondary_keyword_only_review
Engineering News,https://www.engineeringnews.co.za/article/sibanye-announces-maiden-lithium-reserve-of-196000-t-2023-02-17,https://engineeringnews.co.za/article/sibanye-announces-maiden-lithium-reserve-of-196000-t-2023-02-17,2023,secondary_keyword_only_review
Engineering News,https://www.engineeringnews.co.za/article/sibanye-announces-r84m-community-upliftment-investment-2023-12-12,https://engineeringnews.co.za/article/sibanye-announces-r84m-community-upliftment-investment-2023-12-12,2023,secondary_keyword_only_review
Engineering News,https://www.engineeringnews.co.za/article/sibanye-announces-senior-management-appointments-2022-03-28,https://engineeringnews.co.za/article/sibanye-announces-senior-management-appointments-2022-03-28,2022,secondary_keyword_only_review
Engineering News,https://www.engineeringnews.co.za/article/sibanye-announces-senior-management-changes-2021-01-22,https://engineeringnews.co.za/article/sibanye-announces-senior-management-changes-2021-01-22,2021,secondary_keyword_only_review
Engineering News,https://www.engineeringnews.co.za/article/sibanye-appoints-chief-regional-officer-for-europe-2021-12-14,https://engineeringnews.co.za/article/sibanye-appoints-chief-regional-officer-for-europe-2021-12-14,2021,secondary_keyword_only_review
Engineering News,https://www.engineeringnews.co.za/article/sibanye-appoints-chief-regional-officers-for-americas-southern-africa-2022-05-31,https://engineeringnews.co.za/article/sibanye-appoints-chief-regional-officers-for-americas-southern-africa-2022-05-31,2022,secondary_keyword_only_review
Engineering News,https://www.engineeringnews.co.za/article/sibanye-appoints-coo-for-us-region-2017-07-24,https://engineeringnews.co.za/article/sibanye-appoints-coo-for-us-region-2017-07-24,2017,secondary_keyword_only_review
Engineering News,https://www.engineeringnews.co.za/article/sibanye-appoints-maziya-as-new-non-executive-director-2017-05-24,https://engineeringnews.co.za/article/sibanye-appoints-maziya-as-new-non-executive-director-2017-05-24,2017,secondary_keyword_only_review
Engineering News,https://www.engineeringnews.co.za/article/sibanye-appoints-new-evp-for-us-pgms-operations-announces-other-management-changes-2023-08-29,https://engineeringnews.co.za/article/sibanye-appoints-new-evp-for-us-pgms-operations-announces-other-management-changes-2023-08-29,2023,secondary_keyword_only_review
Engineering News,https://www.engineeringnews.co.za/article/sibanye-appoints-non-independent-non-executive-directors-2019-12-18,https://engineeringnews.co.za/article/sibanye-appoints-non-independent-non-executive-directors-2019-12-18,2019,secondary_keyword_only_review
Engineering News,https://www.engineeringnews.co.za/article/sibanye-appoints-southern-africa-executive-vp-2017-07-13,https://engineeringnews.co.za/article/sibanye-appoints-southern-africa-executive-vp-2017-07-13,2017,secondary_keyword_only_review
Engineering News,https://www.engineeringnews.co.za/article/sibanye-appoints-vp-to-head-up-us-region-2017-07-03,https://engineeringnews.co.za/article/sibanye-appoints-vp-to-head-up-us-region-2017-07-03,2017,secondary_keyword_only_review
Engineering News,https://www.engineeringnews.co.za/article/sibanye-approves-development-of-phase-2-of-keliber-lithium-project-2023-10-06,https://engineeringnews.co.za/article/sibanye-approves-development-of-phase-2-of-keliber-lithium-project-2023-10-06,2023,secondary_keyword_only_review
Engineering News,https://www.engineeringnews.co.za/article/sibanye-approves-feasibility-study-on-marathon-project-mulls-interest-increase-2021-04-30,https://engineeringnews.co.za/article/sibanye-approves-feasibility-study-on-marathon-project-mulls-interest-increase-2021-04-30,2021,secondary_keyword_only_review
Engineering News,https://www.engineeringnews.co.za/article/sibanye-aquarius-deal-jumps-final-hurdle-2016-03-22,https://engineeringnews.co.za/article/sibanye-aquarius-deal-jumps-final-hurdle-2016-03-22,2016,secondary_keyword_only_review
Engineering News,https://www.engineeringnews.co.za/article/sibanye-aquarius-deal-jumps-final-hurdle-2016-04-01,https://engineeringnews.co.za/article/sibanye-aquarius-deal-jumps-final-hurdle-2016-04-01,2016,secondary_keyword_only_review
Engineering News,https://www.engineeringnews.co.za/article/sibanye-assumes-full-ownership-of-kroondal-from-amplats-earlier-than-expected-2023-11-01,https://engineeringnews.co.za/article/sibanye-assumes-full-ownership-of-kroondal-from-amplats-earlier-than-expected-2023-11-01,2023,secondary_keyword_only_review
Engineering News,https://www.engineeringnews.co.za/article/sibanye-awards-51-bursaries-2022-02-07,https://engineeringnews.co.za/article/sibanye-awards-51-bursaries-2022-02-07,2022,secondary_keyword_only_review
Engineering News,https://www.engineeringnews.co.za/article/sibanye-backs-out-of-brazilian-base-metal-mines-acquisition-2022-01-24,https://engineeringnews.co.za/article/sibanye-backs-out-of-brazilian-base-metal-mines-acquisition-2022-01-24,2022,secondary_keyword_only_review
Engineering News,https://www.engineeringnews.co.za/article/sibanye-bags-saimm-gold-sector-safety-awards-2014-08-25,https://engineeringnews.co.za/article/sibanye-bags-saimm-gold-sector-safety-awards-2014-08-25,2014,secondary_keyword_only_review
Engineering News,https://www.engineeringnews.co.za/article/sibanye-bags-saimm-gold-sector-safety-awards-2014-09-05,https://engineeringnews.co.za/article/sibanye-bags-saimm-gold-sector-safety-awards-2014-09-05,2014,secondary_keyword_only_review
Engineering News,https://www.engineeringnews.co.za/article/sibanye-banks-on-us-mines-high-palladium-price-as-south-african-strike-spreads-2019-01-15,https://engineeringnews.co.za/article/sibanye-banks-on-us-mines-high-palladium-price-as-south-african-strike-spreads-2019-01-15,2019,secondary_keyword_only_review
Engineering News,https://www.engineeringnews.co.za/article/sibanye-becomes-latest-gold-producer-to-ink-3yr-wage-deal-with-unions-2015-10-22,https://engineeringnews.co.za/article/sibanye-becomes-latest-gold-producer-to-ink-3yr-wage-deal-with-unions-2015-10-22,2015,secondary_keyword_only_review
Engineering News,https://www.engineeringnews.co.za/article/sibanye-bides-time-on-battery-metals-push-as-asset-prices-soar-2022-05-10,https://engineeringnews.co.za/article/sibanye-bides-time-on-battery-metals-push-as-asset-prices-soar-2022-05-10,2022,secondary_keyword_only_review
Engineering News,https://www.engineeringnews.co.za/article/sibanye-bids-r407m-for-wits-gold-2013-12-11,https://engineeringnews.co.za/article/sibanye-bids-r407m-for-wits-gold-2013-12-11,2013,secondary_keyword_only_review
Engineering News,https://www.engineeringnews.co.za/article/sibanye-blames-workers-not-following-rules-as-mine-deaths-spike-2018-06-12,https://engineeringnews.co.za/article/sibanye-blames-workers-not-following-rules-as-mine-deaths-spike-2018-06-12,2018,secondary_keyword_only_review
Engineering News,https://www.engineeringnews.co.za/article/sibanye-bolsters-support-for-higher-education-with-r15m-grant-to-uj-2017-08-18,https://engineeringnews.co.za/article/sibanye-bolsters-support-for-higher-education-with-r15m-grant-to-uj-2017-08-18,2017,secondary_keyword_only_review
Engineering News,https://www.engineeringnews.co.za/article/sibanye-boosts-its-financial-assistance-programmes-for-employees-2015-06-26,https://engineeringnews.co.za/article/sibanye-boosts-its-financial-assistance-programmes-for-employees-2015-06-26,2015,secondary_keyword_only_review
Engineering News,https://www.engineeringnews.co.za/article/sibanye-boosts-its-financial-assistance-programmes-for-employees-2015-07-10,https://engineeringnews.co.za/article/sibanye-boosts-its-financial-assistance-programmes-for-employees-2015-07-10,2015,secondary_keyword_only_review
Engineering News,https://www.engineeringnews.co.za/article/sibanye-buys-back-about-3-of-shares-in-issue-2021-09-13,https://engineeringnews.co.za/article/sibanye-buys-back-about-3-of-shares-in-issue-2021-09-13,2021,secondary_keyword_only_review
Engineering News,https://www.engineeringnews.co.za/article/sibanye-cements-lithium-expansion-with-keliber-foundation-stone-laying-2023-05-11,https://engineeringnews.co.za/article/sibanye-cements-lithium-expansion-with-keliber-foundation-stone-laying-2023-05-11,2023,secondary_keyword_only_review
Engineering News,https://www.engineeringnews.co.za/article/sibanye-ceo-eyes-future-gold-ma-worth-as-much-as-5bn-2020-02-24,https://engineeringnews.co.za/article/sibanye-ceo-eyes-future-gold-ma-worth-as-much-as-5bn-2020-02-24,2020,secondary_keyword_only_review
Engineering News,https://www.engineeringnews.co.za/article/sibanye-ceo-lauded-at-international-conference-2015-12-04,https://engineeringnews.co.za/article/sibanye-ceo-lauded-at-international-conference-2015-12-04,2015,secondary_keyword_only_review
Engineering News,https://www.engineeringnews.co.za/article/sibanye-ceo-says-seismic-events-a-fact-of-life-for-south-africa-mines-2018-06-07,https://engineeringnews.co.za/article/sibanye-ceo-says-seismic-events-a-fact-of-life-for-south-africa-mines-2018-06-07,2018,secondary_keyword_only_review
Engineering News,https://www.engineeringnews.co.za/article/sibanye-ceo-says-zambias-mopani-copper-mines-investment-not-onerous-2023-10-05,https://engineeringnews.co.za/article/sibanye-ceo-says-zambias-mopani-copper-mines-investment-not-onerous-2023-10-05,2023,secondary_keyword_only_review
Engineering News,https://www.engineeringnews.co.za/article/sibanye-ceo-sees-wage-strike-unlikely-at-platinum-mines-2019-10-25,https://engineeringnews.co.za/article/sibanye-ceo-sees-wage-strike-unlikely-at-platinum-mines-2019-10-25,2019,secondary_keyword_only_review
Engineering News,https://www.engineeringnews.co.za/article/sibanye-ceo-warns-of-platinum-mining-job-losses-as-price-plummets-2023-10-04,https://engineeringnews.co.za/article/sibanye-ceo-warns-of-platinum-mining-job-losses-as-price-plummets-2023-10-04,2023,secondary_keyword_only_review
Engineering News,https://www.engineeringnews.co.za/article/sibanye-closes-5m-equity-investment-in-keliber-2022-03-17,https://engineeringnews.co.za/article/sibanye-closes-5m-equity-investment-in-keliber-2022-03-17,2022,secondary_keyword_only_review
Engineering News,https://www.engineeringnews.co.za/article/sibanye-commits-additional-r30m-to-wits-digimine-2019-04-09,https://engineeringnews.co.za/article/sibanye-commits-additional-r30m-to-wits-digimine-2019-04-09,2019,secondary_keyword_only_review
Engineering News,https://www.engineeringnews.co.za/article/sibanye-commits-additional-r30m-to-wits-digimine-2019-04-19,https://engineeringnews.co.za/article/sibanye-commits-additional-r30m-to-wits-digimine-2019-04-19,2019,secondary_keyword_only_review
Engineering News,https://www.engineeringnews.co.za/article/sibanye-concludes-buyout-of-1999-stake-in-new-century-2021-12-08,https://engineeringnews.co.za/article/sibanye-concludes-buyout-of-1999-stake-in-new-century-2021-12-08,2021,secondary_keyword_only_review
Engineering News,https://www.engineeringnews.co.za/article/sibanye-concludes-consultations-with-labour-over-kloof-4-restructuring-2023-12-01,https://engineeringnews.co.za/article/sibanye-concludes-consultations-with-labour-over-kloof-4-restructuring-2023-12-01,2023,secondary_keyword_only_review
Engineering News,https://www.engineeringnews.co.za/article/sibanye-concludes-r8bn-share-buyback-2021-10-05,https://engineeringnews.co.za/article/sibanye-concludes-r8bn-share-buyback-2021-10-05,2021,secondary_keyword_only_review
Engineering News,https://www.engineeringnews.co.za/article/sibanye-concludes-wcc-due-diligence-revised-term-sheet-expected-2016-02-02,https://engineeringnews.co.za/article/sibanye-concludes-wcc-due-diligence-revised-term-sheet-expected-2016-02-02,2016,secondary_keyword_only_review
Engineering News,https://www.engineeringnews.co.za/article/sibanye-concludes-wcc-due-diligence-revised-term-sheet-expected-2016-02-12,https://engineeringnews.co.za/article/sibanye-concludes-wcc-due-diligence-revised-term-sheet-expected-2016-02-12,2016,secondary_keyword_only_review
Engineering News,https://www.engineeringnews.co.za/article/sibanye-condemns-violent-protest-at-its-south-african-gold-mines-2018-12-11,https://engineeringnews.co.za/article/sibanye-condemns-violent-protest-at-its-south-african-gold-mines-2018-12-11,2018,secondary_keyword_only_review
Engineering News,https://www.engineeringnews.co.za/article/sibanye-considers-closing-unprofitable-shafts-at-gold-mines-2019-02-12,https://engineeringnews.co.za/article/sibanye-considers-closing-unprofitable-shafts-at-gold-mines-2019-02-12,2019,secondary_keyword_only_review
Engineering News,https://www.engineeringnews.co.za/article/sibanye-considers-restructuring-gold-operations-says-fy-loss-to-narrow-to-r1bn-2019-02-14,https://engineeringnews.co.za/article/sibanye-considers-restructuring-gold-operations-says-fy-loss-to-narrow-to-r1bn-2019-02-14,2019,secondary_keyword_only_review
Engineering News,https://www.engineeringnews.co.za/article/sibanye-continues-to-increase-geographical-diversity-through-m-2021-04-30,https://engineeringnews.co.za/article/sibanye-continues-to-increase-geographical-diversity-through-m-2021-04-30,2021,secondary_keyword_only_review
Engineering News,https://www.engineeringnews.co.za/article/sibanye-continues-to-increase-geographical-diversity-through-mas-says-froneman-2021-04-14,https://engineeringnews.co.za/article/sibanye-continues-to-increase-geographical-diversity-through-mas-says-froneman-2021-04-14,2021,secondary_keyword_only_review
Engineering News,https://www.engineeringnews.co.za/article/sibanye-creates-gold-tailings-deal-with-drdgold-2017-11-23,https://engineeringnews.co.za/article/sibanye-creates-gold-tailings-deal-with-drdgold-2017-11-23,2017,secondary_keyword_only_review
Engineering News,https://www.engineeringnews.co.za/article/sibanye-declares-us-resource-under-proudly-south-african-code-2017-11-14,https://engineeringnews.co.za/article/sibanye-declares-us-resource-under-proudly-south-african-code-2017-11-14,2017,secondary_keyword_only_review
Engineering News,https://www.engineeringnews.co.za/article/sibanye-declares-us-resource-under-proudly-south-african-code-2017-11-24,https://engineeringnews.co.za/article/sibanye-declares-us-resource-under-proudly-south-african-code-2017-11-24,2017,secondary_keyword_only_review
Engineering News,https://www.engineeringnews.co.za/article/sibanye-digs-in-as-amcu-opts-for-protected-strike-2016-04-04,https://engineeringnews.co.za/article/sibanye-digs-in-as-amcu-opts-for-protected-strike-2016-04-04,2016,secondary_keyword_only_review
Engineering News,https://www.engineeringnews.co.za/article/sibanye-dismisses-1-514-striking-workers-at-cooke-2017-06-15,https://engineeringnews.co.za/article/sibanye-dismisses-1-514-striking-workers-at-cooke-2017-06-15,2017,secondary_keyword_only_review
Engineering News,https://www.engineeringnews.co.za/article/sibanye-displays-new-mining-machine-at-joburg-indaba-2015-10-14,https://engineeringnews.co.za/article/sibanye-displays-new-mining-machine-at-joburg-indaba-2015-10-14,2015,secondary_keyword_only_review
Engineering News,https://www.engineeringnews.co.za/article/sibanye-displays-new-mining-machine-at-joburg-indaba-2015-10-23,https://engineeringnews.co.za/article/sibanye-displays-new-mining-machine-at-joburg-indaba-2015-10-23,2015,secondary_keyword_only_review
Engineering News,https://www.engineeringnews.co.za/article/sibanye-dives-deeper-into-circular-economy-with-155m-deal-2023-11-24,https://engineeringnews.co.za/article/sibanye-dives-deeper-into-circular-economy-with-155m-deal-2023-11-24,2023,secondary_keyword_only_review
Engineering News,https://www.engineeringnews.co.za/article/sibanye-donates-r25m-to-mining-engineering-education-2014-08-08,https://engineeringnews.co.za/article/sibanye-donates-r25m-to-mining-engineering-education-2014-08-08,2014,secondary_keyword_only_review
Engineering News,https://www.engineeringnews.co.za/article/sibanye-donates-r30m-to-uj-wits-2017-08-15,https://engineeringnews.co.za/article/sibanye-donates-r30m-to-uj-wits-2017-08-15,2017,secondary_keyword_only_review
Engineering News,https://www.engineeringnews.co.za/article/sibanye-donates-r52m-to-wits-for-bridge-refurbishment-scholarships-2021-08-19,https://engineeringnews.co.za/article/sibanye-donates-r52m-to-wits-for-bridge-refurbishment-scholarships-2021-08-19,2021,secondary_keyword_only_review
Engineering News,https://www.engineeringnews.co.za/article/sibanye-elects-not-to-up-stake-in-canada-palladiumcopper-venture-2021-07-22,https://engineeringnews.co.za/article/sibanye-elects-not-to-up-stake-in-canada-palladiumcopper-venture-2021-07-22,2021,secondary_keyword_only_review
Engineering News,https://www.engineeringnews.co.za/article/sibanye-enters-into-500m-streaming-deal-with-wheaton-international-2018-07-16,https://engineeringnews.co.za/article/sibanye-enters-into-500m-streaming-deal-with-wheaton-international-2018-07-16,2018,secondary_keyword_only_review
Engineering News,https://www.engineeringnews.co.za/article/sibanye-enters-into-500m-streaming-deal-with-wheaton-international-2018-07-27,https://engineeringnews.co.za/article/sibanye-enters-into-500m-streaming-deal-with-wheaton-international-2018-07-27,2018,secondary_keyword_only_review
Engineering News,https://www.engineeringnews.co.za/article/sibanye-enters-into-strategic-exploration-partnership-to-unlock-value-in-argentina-2018-06-29,https://engineeringnews.co.za/article/sibanye-enters-into-strategic-exploration-partnership-to-unlock-value-in-argentina-2018-06-29,2018,secondary_keyword_only_review
Engineering News,https://www.engineeringnews.co.za/article/sibanye-enters-section-189-consultations-at-beleaguered-beatrix-mine-2013-04-02,https://engineeringnews.co.za/article/sibanye-enters-section-189-consultations-at-beleaguered-beatrix-mine-2013-04-02,2013,secondary_keyword_only_review
Engineering News,https://www.engineeringnews.co.za/article/sibanye-establishes-board-investment-committee-2021-02-17,https://engineeringnews.co.za/article/sibanye-establishes-board-investment-committee-2021-02-17,2021,secondary_keyword_only_review
Engineering News,https://www.engineeringnews.co.za/article/sibanye-exercises-option-on-australian-copper-mine-2023-11-01,https://engineeringnews.co.za/article/sibanye-exercises-option-on-australian-copper-mine-2023-11-01,2023,secondary_keyword_only_review
Engineering News,https://www.engineeringnews.co.za/article/sibanye-exercises-option-on-australian-copper-mine-2023-11-17,https://engineeringnews.co.za/article/sibanye-exercises-option-on-australian-copper-mine-2023-11-17,2023,secondary_keyword_only_review
Engineering News,https://www.engineeringnews.co.za/article/sibanye-expands-tailings-retreatment-exposure-by-acquiring-1999-stake-in-australian-company-2021-10-27,https://engineeringnews.co.za/article/sibanye-expands-tailings-retreatment-exposure-by-acquiring-1999-stake-in-australian-company-2021-10-27,2021,secondary_keyword_only_review
Engineering News,https://www.engineeringnews.co.za/article/sibanye-expects-further-improvements-after-better-second-quarter-2019-08-08,https://engineeringnews.co.za/article/sibanye-expects-further-improvements-after-better-second-quarter-2019-08-08,2019,secondary_keyword_only_review
Engineering News,https://www.engineeringnews.co.za/article/sibanye-expects-half-year-earnings-of-120c-a-share-2013-10-23,https://engineeringnews.co.za/article/sibanye-expects-half-year-earnings-of-120c-a-share-2013-10-23,2013,secondary_keyword_only_review
Engineering News,https://www.engineeringnews.co.za/article/sibanye-expects-higher-h1-eps-2014-07-25,https://engineeringnews.co.za/article/sibanye-expects-higher-h1-eps-2014-07-25,2014,secondary_keyword_only_review
Engineering News,https://www.engineeringnews.co.za/article/sibanye-expects-lower-fy-earnings-2016-02-23,https://engineeringnews.co.za/article/sibanye-expects-lower-fy-earnings-2016-02-23,2016,secondary_keyword_only_review
Engineering News,https://www.engineeringnews.co.za/article/sibanye-expects-significant-improvement-in-2020-profit-earnings-2021-02-05,https://engineeringnews.co.za/article/sibanye-expects-significant-improvement-in-2020-profit-earnings-2021-02-05,2021,secondary_keyword_only_review
Engineering News,https://www.engineeringnews.co.za/article/sibanye-expects-triple-digit-surge-in-h1-earnings-2016-07-27,https://engineeringnews.co.za/article/sibanye-expects-triple-digit-surge-in-h1-earnings-2016-07-27,2016,secondary_keyword_only_review
Engineering News,https://www.engineeringnews.co.za/article/sibanye-exploring-further-means-of-treating-water-extracting-value-2022-10-06,https://engineeringnews.co.za/article/sibanye-exploring-further-means-of-treating-water-extracting-value-2022-10-06,2022,secondary_keyword_only_review
Engineering News,https://www.engineeringnews.co.za/article/sibanye-exploring-further-means-of-treating-water-extracting-value-2022-10-21,https://engineeringnews.co.za/article/sibanye-exploring-further-means-of-treating-water-extracting-value-2022-10-21,2022,secondary_keyword_only_review
Engineering News,https://www.engineeringnews.co.za/article/sibanye-extends-investment-into-21st-century-mining-tech-human-capital-2021-01-26,https://engineeringnews.co.za/article/sibanye-extends-investment-into-21st-century-mining-tech-human-capital-2021-01-26,2021,secondary_keyword_only_review
Engineering News,https://www.engineeringnews.co.za/article/sibanye-extends-union-wage-agreements-to-all-employees-ends-amcu-strike-2018-12-13,https://engineeringnews.co.za/article/sibanye-extends-union-wage-agreements-to-all-employees-ends-amcu-strike-2018-12-13,2018,secondary_keyword_only_review
Engineering News,https://www.engineeringnews.co.za/article/sibanye-eyes-platinum-opportunities-as-sector-overdue-for-consolidation-2014-06-04,https://engineeringnews.co.za/article/sibanye-eyes-platinum-opportunities-as-sector-overdue-for-consolidation-2014-06-04,2014,secondary_keyword_only_review
Engineering News,https://www.engineeringnews.co.za/article/sibanye-eyes-platinum-opportunities-as-sector-overdue-for-consolidation-2014-06-13,https://engineeringnews.co.za/article/sibanye-eyes-platinum-opportunities-as-sector-overdue-for-consolidation-2014-06-13,2014,secondary_keyword_only_review
Engineering News,https://www.engineeringnews.co.za/article/sibanye-eyes-r3bn-150-mw-solar-power-station-2015-02-19,https://engineeringnews.co.za/article/sibanye-eyes-r3bn-150-mw-solar-power-station-2015-02-19,2015,secondary_keyword_only_review
Engineering News,https://www.engineeringnews.co.za/article/sibanye-eyes-r3bn-150-mw-solar-power-station-2015-02-19-2,https://engineeringnews.co.za/article/sibanye-eyes-r3bn-150-mw-solar-power-station-2015-02-19-2,2015,secondary_keyword_only_review
Engineering News,https://www.engineeringnews.co.za/article/sibanye-eyes-uranium-growth-as-volatile-market-improves-2014-06-04,https://engineeringnews.co.za/article/sibanye-eyes-uranium-growth-as-volatile-market-improves-2014-06-04,2014,secondary_keyword_only_review
Engineering News,https://www.engineeringnews.co.za/article/sibanye-faces-strike-threat-over-union-wage-demand-2018-11-19,https://engineeringnews.co.za/article/sibanye-faces-strike-threat-over-union-wage-demand-2018-11-19,2018,secondary_keyword_only_review
Engineering News,https://www.engineeringnews.co.za/article/sibanye-finalises-terms-of-1bn-rights-offering-2017-05-18,https://engineeringnews.co.za/article/sibanye-finalises-terms-of-1bn-rights-offering-2017-05-18,2017,secondary_keyword_only_review
Engineering News,https://www.engineeringnews.co.za/article/sibanye-firming-up-funding-for-gold-from-dumps-project-2016-08-19,https://engineeringnews.co.za/article/sibanye-firming-up-funding-for-gold-from-dumps-project-2016-08-19,2016,secondary_keyword_only_review
Engineering News,https://www.engineeringnews.co.za/article/sibanye-firming-up-tailings-project-funding-2016-08-10,https://engineeringnews.co.za/article/sibanye-firming-up-tailings-project-funding-2016-08-10,2016,secondary_keyword_only_review
Engineering News,https://www.engineeringnews.co.za/article/sibanye-fy-gold-output-to-exceed-guidance-2014-02-04,https://engineeringnews.co.za/article/sibanye-fy-gold-output-to-exceed-guidance-2014-02-04,2014,secondary_keyword_only_review
Engineering News,https://www.engineeringnews.co.za/article/sibanye-gets-extended-rcf-limits-to-december-31-2019-01-11,https://engineeringnews.co.za/article/sibanye-gets-extended-rcf-limits-to-december-31-2019-01-11,2019,secondary_keyword_only_review
Engineering News,https://www.engineeringnews.co.za/article/sibanye-gets-green-light-to-administer-covid-19-vaccines-in-south-africa-2021-06-24,https://engineeringnews.co.za/article/sibanye-gets-green-light-to-administer-covid-19-vaccines-in-south-africa-2021-06-24,2021,secondary_keyword_only_review
Engineering News,https://www.engineeringnews.co.za/article/sibanye-gets-positive-boost-from-ratings-agencies-2017-06-07,https://engineeringnews.co.za/article/sibanye-gets-positive-boost-from-ratings-agencies-2017-06-07,2017,secondary_keyword_only_review
Engineering News,https://www.engineeringnews.co.za/article/sibanye-gold-amends-increases-bridge-loan-2013-07-11,https://engineeringnews.co.za/article/sibanye-gold-amends-increases-bridge-loan-2013-07-11,2013,secondary_keyword_only_review
Engineering News,https://www.engineeringnews.co.za/article/sibanye-gold-appoints-corporate-affairs-vp-2013-01-08,https://engineeringnews.co.za/article/sibanye-gold-appoints-corporate-affairs-vp-2013-01-08,2013,secondary_keyword_only_review
Engineering News,https://www.engineeringnews.co.za/article/sibanye-gold-awards-dfs-contract-award-for-tailings-retreatment-project-2014-07-15,https://engineeringnews.co.za/article/sibanye-gold-awards-dfs-contract-award-for-tailings-retreatment-project-2014-07-15,2014,secondary_keyword_only_review
Engineering News,https://www.engineeringnews.co.za/article/sibanye-gold-begins-intensive-search-for-appropriate-mining-technology-2014-08-06,https://engineeringnews.co.za/article/sibanye-gold-begins-intensive-search-for-appropriate-mining-technology-2014-08-06,2014,secondary_keyword_only_review
Engineering News,https://www.engineeringnews.co.za/article/sibanye-gold-begins-intensive-search-for-appropriate-mining-technology-2014-08-08,https://engineeringnews.co.za/article/sibanye-gold-begins-intensive-search-for-appropriate-mining-technology-2014-08-08,2014,secondary_keyword_only_review
Engineering News,https://www.engineeringnews.co.za/article/sibanye-gold-confirms-beatrix-4-shaft-production-resumed-2013-02-26,https://engineeringnews.co.za/article/sibanye-gold-confirms-beatrix-4-shaft-production-resumed-2013-02-26,2013,secondary_keyword_only_review
Engineering News,https://www.engineeringnews.co.za/article/sibanye-gold-continues-its-contrarian-path-with-its-purchase-of-a-us-mining-company-2017-08-03,https://engineeringnews.co.za/article/sibanye-gold-continues-its-contrarian-path-with-its-purchase-of-a-us-mining-company-2017-08-03,2017,secondary_keyword_only_review
Engineering News,https://www.engineeringnews.co.za/article/sibanye-gold-declares-37c-interim-dividend-following-wage-agreement-2013-09-12,https://engineeringnews.co.za/article/sibanye-gold-declares-37c-interim-dividend-following-wage-agreement-2013-09-12,2013,secondary_keyword_only_review
Engineering News,https://www.engineeringnews.co.za/article/sibanye-gold-declares-37c-interim-dividend-following-wage-agreement-2013-09-20,https://engineeringnews.co.za/article/sibanye-gold-declares-37c-interim-dividend-following-wage-agreement-2013-09-20,2013,secondary_keyword_only_review
Engineering News,https://www.engineeringnews.co.za/article/sibanye-gold-declares-dividend-on-strong-june-quarter-2015-08-06,https://engineeringnews.co.za/article/sibanye-gold-declares-dividend-on-strong-june-quarter-2015-08-06,2015,secondary_keyword_only_review
Engineering News,https://www.engineeringnews.co.za/article/sibanye-gold-declares-r785m-dividend-2016-08-25,https://engineeringnews.co.za/article/sibanye-gold-declares-r785m-dividend-2016-08-25,2016,secondary_keyword_only_review
Engineering News,https://www.engineeringnews.co.za/article/sibanye-gold-encouraging-family-living-2013-08-22,https://engineeringnews.co.za/article/sibanye-gold-encouraging-family-living-2013-08-22,2013,secondary_keyword_only_review
Engineering News,https://www.engineeringnews.co.za/article/sibanye-gold-exercises-option-on-450m-convertible-bonds-2020-09-18,https://engineeringnews.co.za/article/sibanye-gold-exercises-option-on-450m-convertible-bonds-2020-09-18,2020,secondary_keyword_only_review
Engineering News,https://www.engineeringnews.co.za/article/sibanye-gold-firming-up-funding-for-large-west-rand-tailings-project-2016-08-08,https://engineeringnews.co.za/article/sibanye-gold-firming-up-funding-for-large-west-rand-tailings-project-2016-08-08,2016,secondary_keyword_only_review
Engineering News,https://www.engineeringnews.co.za/article/sibanye-gold-going-all-out-to-win-workers-hearts-minds-froneman-2014-02-05,https://engineeringnews.co.za/article/sibanye-gold-going-all-out-to-win-workers-hearts-minds-froneman-2014-02-05,2014,secondary_keyword_only_review
Engineering News,https://www.engineeringnews.co.za/article/sibanye-gold-going-all-out-to-win-workers-hearts-minds-froneman-2014-02-14,https://engineeringnews.co.za/article/sibanye-gold-going-all-out-to-win-workers-hearts-minds-froneman-2014-02-14,2014,secondary_keyword_only_review
Engineering News,https://www.engineeringnews.co.za/article/sibanye-gold-hands-over-100-family-units-to-employees-2013-08-09,https://engineeringnews.co.za/article/sibanye-gold-hands-over-100-family-units-to-employees-2013-08-09,2013,secondary_keyword_only_review
Engineering News,https://www.engineeringnews.co.za/article/sibanye-gold-issues-trading-statement-2013-07-22,https://engineeringnews.co.za/article/sibanye-gold-issues-trading-statement-2013-07-22,2013,secondary_keyword_only_review
Engineering News,https://www.engineeringnews.co.za/article/sibanye-gold-miners-in-s-africa-stuck-underground-not-in-danger-2018-02-01,https://engineeringnews.co.za/article/sibanye-gold-miners-in-s-africa-stuck-underground-not-in-danger-2018-02-01,2018,secondary_keyword_only_review
Engineering News,https://www.engineeringnews.co.za/article/sibanye-gold-miners-to-strike-over-pay-until-wage-demands-met-2022-02-14,https://engineeringnews.co.za/article/sibanye-gold-miners-to-strike-over-pay-until-wage-demands-met-2022-02-14,2022,secondary_keyword_only_review
Engineering News,https://www.engineeringnews.co.za/article/sibanye-gold-moves-to-secure-coal-for-generation-of-own-electricity-2015-09-17,https://engineeringnews.co.za/article/sibanye-gold-moves-to-secure-coal-for-generation-of-own-electricity-2015-09-17,2015,secondary_keyword_only_review
Engineering News,https://www.engineeringnews.co.za/article/sibanye-gold-output-not-impacted-by-sa-rolling-electricity-blackouts-2014-03-06,https://engineeringnews.co.za/article/sibanye-gold-output-not-impacted-by-sa-rolling-electricity-blackouts-2014-03-06,2014,secondary_keyword_only_review
Engineering News,https://www.engineeringnews.co.za/article/sibanye-gold-preparing-to-spend-upped-r39bn-capex-2016-02-29,https://engineeringnews.co.za/article/sibanye-gold-preparing-to-spend-upped-r39bn-capex-2016-02-29,2016,secondary_keyword_only_review
Engineering News,https://www.engineeringnews.co.za/article/sibanye-gold-preparing-to-spend-upped-r39bn-capex-2016-03-11,https://engineeringnews.co.za/article/sibanye-gold-preparing-to-spend-upped-r39bn-capex-2016-03-11,2016,secondary_keyword_only_review
Engineering News,https://www.engineeringnews.co.za/article/sibanye-gold-set-to-pay-r1bn-a-year-minimum-dividend-to-2028-2014-07-31,https://engineeringnews.co.za/article/sibanye-gold-set-to-pay-r1bn-a-year-minimum-dividend-to-2028-2014-07-31,2014,secondary_keyword_only_review
Engineering News,https://www.engineeringnews.co.za/article/sibanye-gold-set-to-pay-r1bn-a-year-minimum-dividend-to-2028-2014-08-01,https://engineeringnews.co.za/article/sibanye-gold-set-to-pay-r1bn-a-year-minimum-dividend-to-2028-2014-08-01,2014,secondary_keyword_only_review
Engineering News,https://www.engineeringnews.co.za/article/sibanye-gold-showing-much-needed-corporate-patriotism-2016-07-31,https://engineeringnews.co.za/article/sibanye-gold-showing-much-needed-corporate-patriotism-2016-07-31,2016,secondary_keyword_only_review
Engineering News,https://www.engineeringnews.co.za/article/sibanye-gold-solar-power-project-south-africa-2015-04-10,https://engineeringnews.co.za/article/sibanye-gold-solar-power-project-south-africa-2015-04-10,2015,secondary_keyword_only_review
Engineering News,https://www.engineeringnews.co.za/article/sibanye-gold-starts-restructuring-process-new-holding-company-created-2019-10-04,https://engineeringnews.co.za/article/sibanye-gold-starts-restructuring-process-new-holding-company-created-2019-10-04,2019,secondary_keyword_only_review
Engineering News,https://www.engineeringnews.co.za/article/sibanye-gold-turns-killer-gas-into-low-price-electricity-at-beatrix-mine-2013-03-20,https://engineeringnews.co.za/article/sibanye-gold-turns-killer-gas-into-low-price-electricity-at-beatrix-mine-2013-03-20,2013,secondary_keyword_only_review
Engineering News,https://www.engineeringnews.co.za/article/sibanye-gold-turns-killer-gas-into-low-price-electricity-at-beatrix-mine-2013-04-05,https://engineeringnews.co.za/article/sibanye-gold-turns-killer-gas-into-low-price-electricity-at-beatrix-mine-2013-04-05,2013,secondary_keyword_only_review
Engineering News,https://www.engineeringnews.co.za/article/sibanye-gold-upbeat-on-high-value-surface-project-2015-08-06,https://engineeringnews.co.za/article/sibanye-gold-upbeat-on-high-value-surface-project-2015-08-06,2015,secondary_keyword_only_review
Engineering News,https://www.engineeringnews.co.za/article/sibanye-gold-upbeat-on-high-value-surface-project-2015-08-06-1,https://engineeringnews.co.za/article/sibanye-gold-upbeat-on-high-value-surface-project-2015-08-06-1,2015,secondary_keyword_only_review
Engineering News,https://www.engineeringnews.co.za/article/sibanye-golds-earnings-skyrocketing-2016-10-27,https://engineeringnews.co.za/article/sibanye-golds-earnings-skyrocketing-2016-10-27,2016,secondary_keyword_only_review
Engineering News,https://www.engineeringnews.co.za/article/sibanye-golds-holistic-approach-is-boost-for-minings-image-2016-08-12,https://engineeringnews.co.za/article/sibanye-golds-holistic-approach-is-boost-for-minings-image-2016-08-12,2016,secondary_keyword_only_review
Engineering News,https://www.engineeringnews.co.za/article/sibanye-golds-platinum-entry-receives-double-boost-2016-03-17,https://engineeringnews.co.za/article/sibanye-golds-platinum-entry-receives-double-boost-2016-03-17,2016,secondary_keyword_only_review
Engineering News,https://www.engineeringnews.co.za/article/sibanye-golds-platinum-entry-receives-double-boost-2016-04-01,https://engineeringnews.co.za/article/sibanye-golds-platinum-entry-receives-double-boost-2016-04-01,2016,secondary_keyword_only_review
Engineering News,https://www.engineeringnews.co.za/article/sibanye-golds-tailings-project-launch-likely-in-next-six-months-2016-12-14,https://engineeringnews.co.za/article/sibanye-golds-tailings-project-launch-likely-in-next-six-months-2016-12-14,2016,secondary_keyword_only_review
Engineering News,https://www.engineeringnews.co.za/article/sibanye-granted-interdict-against-num-amcu-2018-11-23,https://engineeringnews.co.za/article/sibanye-granted-interdict-against-num-amcu-2018-11-23,2018,secondary_keyword_only_review
Engineering News,https://www.engineeringnews.co.za/article/sibanye-guides-soaring-earnings-after-quarterly-operating-profit-rockets-2016-04-25,https://engineeringnews.co.za/article/sibanye-guides-soaring-earnings-after-quarterly-operating-profit-rockets-2016-04-25,2016,secondary_keyword_only_review
Engineering News,https://www.engineeringnews.co.za/article/sibanye-guides-soaring-earnings-after-quarterly-operating-profit-rockets-2016-05-06,https://engineeringnews.co.za/article/sibanye-guides-soaring-earnings-after-quarterly-operating-profit-rockets-2016-05-06,2016,secondary_keyword_only_review
Engineering News,https://www.engineeringnews.co.za/article/sibanye-h1-earnings-to-fall-2015-07-24,https://engineeringnews.co.za/article/sibanye-h1-earnings-to-fall-2015-07-24,2015,secondary_keyword_only_review
Engineering News,https://www.engineeringnews.co.za/article/sibanye-half-year-results-surprise-on-upside-2018-08-23,https://engineeringnews.co.za/article/sibanye-half-year-results-surprise-on-upside-2018-08-23,2018,secondary_keyword_only_review
Engineering News,https://www.engineeringnews.co.za/article/sibanye-halts-beatrix-ops-amid-union-conflict-2015-02-06,https://engineeringnews.co.za/article/sibanye-halts-beatrix-ops-amid-union-conflict-2015-02-06,2015,secondary_keyword_only_review
Engineering News,https://www.engineeringnews.co.za/article/sibanye-halts-cooke-operations-after-employees-injured-in-attack-2016-10-04,https://engineeringnews.co.za/article/sibanye-halts-cooke-operations-after-employees-injured-in-attack-2016-10-04,2016,secondary_keyword_only_review
Engineering News,https://www.engineeringnews.co.za/article/sibanye-halves-job-losses-at-its-south-african-gold-operations-2019-06-05,https://engineeringnews.co.za/article/sibanye-halves-job-losses-at-its-south-african-gold-operations-2019-06-05,2019,secondary_keyword_only_review
Engineering News,https://www.engineeringnews.co.za/article/sibanye-halves-job-losses-at-its-south-african-gold-operations-2019-06-14,https://engineeringnews.co.za/article/sibanye-halves-job-losses-at-its-south-african-gold-operations-2019-06-14,2019,secondary_keyword_only_review
Engineering News,https://www.engineeringnews.co.za/article/sibanye-harmony-gold-fields-among-miners-listed-in-the-2023-bloomberg-gender-equality-index-2023-01-31,https://engineeringnews.co.za/article/sibanye-harmony-gold-fields-among-miners-listed-in-the-2023-bloomberg-gender-equality-index-2023-01-31,2023,secondary_keyword_only_review
Engineering News,https://www.engineeringnews.co.za/article/sibanye-harmony-swap-mining-rights-at-adjacent-joel-beatrix-mines-2013-11-08,https://engineeringnews.co.za/article/sibanye-harmony-swap-mining-rights-at-adjacent-joel-beatrix-mines-2013-11-08,2013,secondary_keyword_only_review
Engineering News,https://www.engineeringnews.co.za/article/sibanye-heraeus-partner-to-bring-green-hydrogen-electrocatalysts-to-the-market-2022-08-18,https://engineeringnews.co.za/article/sibanye-heraeus-partner-to-bring-green-hydrogen-electrocatalysts-to-the-market-2022-08-18,2022,secondary_keyword_only_review
Engineering News,https://www.engineeringnews.co.za/article/sibanye-heraeus-partner-to-bring-green-hydrogen-electrocatalysts-to-the-market-2022-09-02,https://engineeringnews.co.za/article/sibanye-heraeus-partner-to-bring-green-hydrogen-electrocatalysts-to-the-market-2022-09-02,2022,secondary_keyword_only_review
Engineering News,https://www.engineeringnews.co.za/article/sibanye-highlights-importance-of-wetland-preservation-2021-02-02,https://engineeringnews.co.za/article/sibanye-highlights-importance-of-wetland-preservation-2021-02-02,2021,secondary_keyword_only_review
Engineering News,https://www.engineeringnews.co.za/article/sibanye-hikes-mineral-reserves-2014-02-17,https://engineeringnews.co.za/article/sibanye-hikes-mineral-reserves-2014-02-17,2014,secondary_keyword_only_review
Engineering News,https://www.engineeringnews.co.za/article/sibanye-in-r4bn-cash-bid-for-aquarius-platinum-2015-10-06,https://engineeringnews.co.za/article/sibanye-in-r4bn-cash-bid-for-aquarius-platinum-2015-10-06,2015,secondary_keyword_only_review
Engineering News,https://www.engineeringnews.co.za/article/sibanye-in-r6m-free-state-education-boost-2016-07-06,https://engineeringnews.co.za/article/sibanye-in-r6m-free-state-education-boost-2016-07-06,2016,secondary_keyword_only_review
Engineering News,https://www.engineeringnews.co.za/article/sibanye-in-r6m-free-state-education-boost-2016-07-15,https://engineeringnews.co.za/article/sibanye-in-r6m-free-state-education-boost-2016-07-15,2016,secondary_keyword_only_review
Engineering News,https://www.engineeringnews.co.za/article/sibanye-inoculates-779-employees-in-south-africa-with-covid-19-vaccine-2021-06-28,https://engineeringnews.co.za/article/sibanye-inoculates-779-employees-in-south-africa-with-covid-19-vaccine-2021-06-28,2021,secondary_keyword_only_review
Engineering News,https://www.engineeringnews.co.za/article/sibanye-interested-in-anglos-south-african-coal-assets-2015-11-20,https://engineeringnews.co.za/article/sibanye-interested-in-anglos-south-african-coal-assets-2015-11-20,2015,secondary_keyword_only_review
Engineering News,https://www.engineeringnews.co.za/article/sibanye-interested-in-zambias-mopani-copper-mines-froneman-2022-10-05,https://engineeringnews.co.za/article/sibanye-interested-in-zambias-mopani-copper-mines-froneman-2022-10-05,2022,secondary_keyword_only_review
Engineering News,https://www.engineeringnews.co.za/article/sibanye-investing-r39bn-in-gold-mines-2016-04-20,https://engineeringnews.co.za/article/sibanye-investing-r39bn-in-gold-mines-2016-04-20,2016,secondary_keyword_only_review
Engineering News,https://www.engineeringnews.co.za/article/sibanye-johnson-matthey-partner-to-boost-battery-technology-low-carbon-development-2021-03-19,https://engineeringnews.co.za/article/sibanye-johnson-matthey-partner-to-boost-battery-technology-low-carbon-development-2021-03-19,2021,secondary_keyword_only_review
Engineering News,https://www.engineeringnews.co.za/article/sibanye-keeps-workers-safe-during-underground-fire-incident-at-kroondal-2020-03-10,https://engineeringnews.co.za/article/sibanye-keeps-workers-safe-during-underground-fire-incident-at-kroondal-2020-03-10,2020,secondary_keyword_only_review
Engineering News,https://www.engineeringnews.co.za/article/sibanye-kicks-off-consultations-on-cooke-4-restructuring-plans-2014-09-12,https://engineeringnews.co.za/article/sibanye-kicks-off-consultations-on-cooke-4-restructuring-plans-2014-09-12,2014,secondary_keyword_only_review
Engineering News,https://www.engineeringnews.co.za/article/sibanye-launches-400m-bond-buyback-2018-09-04,https://engineeringnews.co.za/article/sibanye-launches-400m-bond-buyback-2018-09-04,2018,secondary_keyword_only_review
Engineering News,https://www.engineeringnews.co.za/article/sibanye-launches-500m-bond-offering-2023-11-21,https://engineeringnews.co.za/article/sibanye-launches-500m-bond-offering-2023-11-21,2023,secondary_keyword_only_review
Engineering News,https://www.engineeringnews.co.za/article/sibanye-lifts-gold-output-26-qq-in-improved-q2-2015-07-16,https://engineeringnews.co.za/article/sibanye-lifts-gold-output-26-qq-in-improved-q2-2015-07-16,2015,secondary_keyword_only_review
Engineering News,https://www.engineeringnews.co.za/article/sibanye-lifts-stake-in-drdgold-to-501-2020-01-10,https://engineeringnews.co.za/article/sibanye-lifts-stake-in-drdgold-to-501-2020-01-10,2020,secondary_keyword_only_review
Engineering News,https://www.engineeringnews.co.za/article/sibanye-linked-finnish-developer-takes-new-step-towards-battery-grade-lithium-goal-2021-07-01,https://engineeringnews.co.za/article/sibanye-linked-finnish-developer-takes-new-step-towards-battery-grade-lithium-goal-2021-07-01,2021,secondary_keyword_only_review
Engineering News,https://www.engineeringnews.co.za/article/sibanye-linked-finnish-developer-takes-next-step-towards-battery-grade-lithium-goal-2021-07-16,https://engineeringnews.co.za/article/sibanye-linked-finnish-developer-takes-next-step-towards-battery-grade-lithium-goal-2021-07-16,2021,secondary_keyword_only_review
Engineering News,https://www.engineeringnews.co.za/article/sibanye-looking-to-cut-another-2-000-jobs-as-restructure-bears-fruit-2013-08-13,https://engineeringnews.co.za/article/sibanye-looking-to-cut-another-2-000-jobs-as-restructure-bears-fruit-2013-08-13,2013,secondary_keyword_only_review
Engineering News,https://www.engineeringnews.co.za/article/sibanye-looking-to-cut-another-2-000-jobs-as-restructure-bears-fruit-2013-08-23,https://engineeringnews.co.za/article/sibanye-looking-to-cut-another-2-000-jobs-as-restructure-bears-fruit-2013-08-23,2013,secondary_keyword_only_review
Engineering News,https://www.engineeringnews.co.za/article/sibanye-looks-forward-to-more-positive-second-half-performance-2019-08-29,https://engineeringnews.co.za/article/sibanye-looks-forward-to-more-positive-second-half-performance-2019-08-29,2019,secondary_keyword_only_review
Engineering News,https://www.engineeringnews.co.za/article/sibanye-maintains-fy-output-guidance-2014-10-22,https://engineeringnews.co.za/article/sibanye-maintains-fy-output-guidance-2014-10-22,2014,secondary_keyword_only_review
Engineering News,https://www.engineeringnews.co.za/article/sibanye-march-quarter-output-up-36-despite-operational-hiccups-2013-05-08,https://engineeringnews.co.za/article/sibanye-march-quarter-output-up-36-despite-operational-hiccups-2013-05-08,2013,secondary_keyword_only_review
Engineering News,https://www.engineeringnews.co.za/article/sibanye-march-quarter-output-up-36-despite-operational-hiccups-2013-05-17,https://engineeringnews.co.za/article/sibanye-march-quarter-output-up-36-despite-operational-hiccups-2013-05-17,2013,secondary_keyword_only_review
Engineering News,https://www.engineeringnews.co.za/article/sibanye-marks-transformational-moment-on-nyse-2020-02-28,https://engineeringnews.co.za/article/sibanye-marks-transformational-moment-on-nyse-2020-02-28,2020,secondary_keyword_only_review
Engineering News,https://www.engineeringnews.co.za/article/sibanye-may-cut-up-to-7-400-jobs-in-proposed-restructure-of-beatrix-west-cooke-operations-2017-08-03,https://engineeringnews.co.za/article/sibanye-may-cut-up-to-7-400-jobs-in-proposed-restructure-of-beatrix-west-cooke-operations-2017-08-03,2017,secondary_keyword_only_review
Engineering News,https://www.engineeringnews.co.za/article/sibanye-may-resume-dividend-payments-if-metals-prices-hold-2019-10-31,https://engineeringnews.co.za/article/sibanye-may-resume-dividend-payments-if-metals-prices-hold-2019-10-31,2019,secondary_keyword_only_review
Engineering News,https://www.engineeringnews.co.za/article/sibanye-may-retrench-up-to-330-platinum-mine-employees-2017-01-26,https://engineeringnews.co.za/article/sibanye-may-retrench-up-to-330-platinum-mine-employees-2017-01-26,2017,secondary_keyword_only_review
Engineering News,https://www.engineeringnews.co.za/article/sibanye-may-wind-down-gold-mines-in-south-africas-fading-sector-2021-07-14,https://engineeringnews.co.za/article/sibanye-may-wind-down-gold-mines-in-south-africas-fading-sector-2021-07-14,2021,secondary_keyword_only_review
Engineering News,https://www.engineeringnews.co.za/article/sibanye-merger-with-aquarius-platinum-and-rustenburg-platinum-mines-approved-2016-03-18,https://engineeringnews.co.za/article/sibanye-merger-with-aquarius-platinum-and-rustenburg-platinum-mines-approved-2016-03-18,2016,secondary_keyword_only_review
Engineering News,https://www.engineeringnews.co.za/article/sibanye-mineral-reserves-increase-12-to-199moz-2015-02-05,https://engineeringnews.co.za/article/sibanye-mineral-reserves-increase-12-to-199moz-2015-02-05,2015,secondary_keyword_only_review
Engineering News,https://www.engineeringnews.co.za/article/sibanye-negotiating-new-work-shift-arrangements-with-unions-2014-08-12,https://engineeringnews.co.za/article/sibanye-negotiating-new-work-shift-arrangements-with-unions-2014-08-12,2014,secondary_keyword_only_review
Engineering News,https://www.engineeringnews.co.za/article/sibanye-negotiating-new-work-shift-arrangements-with-unions-2014-08-22,https://engineeringnews.co.za/article/sibanye-negotiating-new-work-shift-arrangements-with-unions-2014-08-22,2014,secondary_keyword_only_review
Engineering News,https://www.engineeringnews.co.za/article/sibanye-newshelf-in-breach-of-merger-conditions-competition-commission-2014-11-14,https://engineeringnews.co.za/article/sibanye-newshelf-in-breach-of-merger-conditions-competition-commission-2014-11-14,2014,secondary_keyword_only_review
Engineering News,https://www.engineeringnews.co.za/article/sibanye-newshelf-in-breach-of-merger-conditions-competition-commission-2014-11-28,https://engineeringnews.co.za/article/sibanye-newshelf-in-breach-of-merger-conditions-competition-commission-2014-11-28,2014,secondary_keyword_only_review
Engineering News,https://www.engineeringnews.co.za/article/sibanye-nonexec-director-barry-davison-retires-in-may-2019-03-15,https://engineeringnews.co.za/article/sibanye-nonexec-director-barry-davison-retires-in-may-2019-03-15,2019,secondary_keyword_only_review
Engineering News,https://www.engineeringnews.co.za/article/sibanye-now-largest-shareholder-of-keliber-2021-09-20,https://engineeringnews.co.za/article/sibanye-now-largest-shareholder-of-keliber-2021-09-20,2021,secondary_keyword_only_review
Engineering News,https://www.engineeringnews.co.za/article/sibanye-observes-water-month-with-groundwater-initiatives-2022-03-31,https://engineeringnews.co.za/article/sibanye-observes-water-month-with-groundwater-initiatives-2022-03-31,2022,secondary_keyword_only_review
Engineering News,https://www.engineeringnews.co.za/article/sibanye-obtains-a-rating-for-climate-change-disclosure-2020-01-20,https://engineeringnews.co.za/article/sibanye-obtains-a-rating-for-climate-change-disclosure-2020-01-20,2020,secondary_keyword_only_review
Engineering News,https://www.engineeringnews.co.za/article/sibanye-operating-profit-steady-on-6-lower-gold-output-2016-02-25,https://engineeringnews.co.za/article/sibanye-operating-profit-steady-on-6-lower-gold-output-2016-02-25,2016,secondary_keyword_only_review
Engineering News,https://www.engineeringnews.co.za/article/sibanye-opts-to-pay-back-353m-in-bonds-early-2021-07-02,https://engineeringnews.co.za/article/sibanye-opts-to-pay-back-353m-in-bonds-early-2021-07-02,2021,secondary_keyword_only_review
Engineering News,https://www.engineeringnews.co.za/article/sibanye-platinums-favourable-wage-agreement-creates-certainty-solidarity-2017-10-18,https://engineeringnews.co.za/article/sibanye-platinums-favourable-wage-agreement-creates-certainty-solidarity-2017-10-18,2017,secondary_keyword_only_review
Engineering News,https://www.engineeringnews.co.za/article/sibanye-prepares-for-the-future-with-new-senior-management-appointments-2021-04-23,https://engineeringnews.co.za/article/sibanye-prepares-for-the-future-with-new-senior-management-appointments-2021-04-23,2021,secondary_keyword_only_review
Engineering News,https://www.engineeringnews.co.za/article/sibanye-prepares-south-african-ops-for-downtime-warns-of-depressed-guidance-2020-03-25,https://engineeringnews.co.za/article/sibanye-prepares-south-african-ops-for-downtime-warns-of-depressed-guidance-2020-03-25,2020,secondary_keyword_only_review
Engineering News,https://www.engineeringnews.co.za/article/sibanye-prides-itself-in-having-the-rock-star-metals-of-the-moment-2020-09-11,https://engineeringnews.co.za/article/sibanye-prides-itself-in-having-the-rock-star-metals-of-the-moment-2020-09-11,2020,secondary_keyword_only_review
Engineering News,https://www.engineeringnews.co.za/article/sibanye-proceeds-with-lockout-of-workers-at-its-gold-mines-2022-03-10,https://engineeringnews.co.za/article/sibanye-proceeds-with-lockout-of-workers-at-its-gold-mines-2022-03-10,2022,secondary_keyword_only_review
Engineering News,https://www.engineeringnews.co.za/article/sibanye-production-lifts-earnings-off-lower-gold-price-declares-dividend-2014-02-20,https://engineeringnews.co.za/article/sibanye-production-lifts-earnings-off-lower-gold-price-declares-dividend-2014-02-20,2014,secondary_keyword_only_review
Engineering News,https://www.engineeringnews.co.za/article/sibanye-proposes-buyout-of-shares-from-holders-of-fewer-than-400-shares-2020-11-02,https://engineeringnews.co.za/article/sibanye-proposes-buyout-of-shares-from-holders-of-fewer-than-400-shares-2020-11-02,2020,secondary_keyword_only_review
Engineering News,https://www.engineeringnews.co.za/article/sibanye-provides-200m-financial-assistance-to-thor-us-holdco-2017-06-05,https://engineeringnews.co.za/article/sibanye-provides-200m-financial-assistance-to-thor-us-holdco-2017-06-05,2017,secondary_keyword_only_review
Engineering News,https://www.engineeringnews.co.za/article/sibanye-provides-200m-financial-assistance-to-thor-us-holdco-2017-06-16,https://engineeringnews.co.za/article/sibanye-provides-200m-financial-assistance-to-thor-us-holdco-2017-06-16,2017,secondary_keyword_only_review
Engineering News,https://www.engineeringnews.co.za/article/sibanye-pursuing-rapid-self-generation-to-improve-energy-supply-2023-05-09,https://engineeringnews.co.za/article/sibanye-pursuing-rapid-self-generation-to-improve-energy-supply-2023-05-09,2023,secondary_keyword_only_review
Engineering News,https://www.engineeringnews.co.za/article/sibanye-pursuing-rapid-self-generation-to-improve-energy-supply-2023-05-26,https://engineeringnews.co.za/article/sibanye-pursuing-rapid-self-generation-to-improve-energy-supply-2023-05-26,2023,secondary_keyword_only_review
Engineering News,https://www.engineeringnews.co.za/article/sibanye-puts-hand-up-to-be-south-africas-new-mining-champion-2015-09-11,https://engineeringnews.co.za/article/sibanye-puts-hand-up-to-be-south-africas-new-mining-champion-2015-09-11,2015,secondary_keyword_only_review
Engineering News,https://www.engineeringnews.co.za/article/sibanye-q3-production-up-10-full-year-guidance-maintained-2014-10-28,https://engineeringnews.co.za/article/sibanye-q3-production-up-10-full-year-guidance-maintained-2014-10-28,2014,secondary_keyword_only_review
Engineering News,https://www.engineeringnews.co.za/article/sibanye-raises-105bn-in-oversubscribed-bond-offering-2017-06-21,https://engineeringnews.co.za/article/sibanye-raises-105bn-in-oversubscribed-bond-offering-2017-06-21,2017,secondary_keyword_only_review
Engineering News,https://www.engineeringnews.co.za/article/sibanye-raises-r17bn-in-share-placement-2019-04-10,https://engineeringnews.co.za/article/sibanye-raises-r17bn-in-share-placement-2019-04-10,2019,secondary_keyword_only_review
Engineering News,https://www.engineeringnews.co.za/article/sibanye-ranks-fourth-in-biodiversity-disclosure-project-2021-12-08,https://engineeringnews.co.za/article/sibanye-ranks-fourth-in-biodiversity-disclosure-project-2021-12-08,2021,secondary_keyword_only_review
Engineering News,https://www.engineeringnews.co.za/article/sibanye-rbplat-make-progress-with-employee-vaccinations-2021-07-22,https://engineeringnews.co.za/article/sibanye-rbplat-make-progress-with-employee-vaccinations-2021-07-22,2021,secondary_keyword_only_review
Engineering News,https://www.engineeringnews.co.za/article/sibanye-reaches-significant-milestones-in-transaction-with-regulus-2018-09-25,https://engineeringnews.co.za/article/sibanye-reaches-significant-milestones-in-transaction-with-regulus-2018-09-25,2018,secondary_keyword_only_review
Engineering News,https://www.engineeringnews.co.za/article/sibanye-reaches-wage-agreement-with-stillwater-union-2017-06-19,https://engineeringnews.co.za/article/sibanye-reaches-wage-agreement-with-stillwater-union-2017-06-19,2017,secondary_keyword_only_review
Engineering News,https://www.engineeringnews.co.za/article/sibanye-receives-memorandum-of-demands-from-amcu-2019-01-22,https://engineeringnews.co.za/article/sibanye-receives-memorandum-of-demands-from-amcu-2019-01-22,2019,secondary_keyword_only_review
Engineering News,https://www.engineeringnews.co.za/article/sibanye-recognised-by-rand-water-for-water-conservation-2019-12-02,https://engineeringnews.co.za/article/sibanye-recognised-by-rand-water-for-water-conservation-2019-12-02,2019,secondary_keyword_only_review
Engineering News,https://www.engineeringnews.co.za/article/sibanye-recognised-by-rand-water-for-water-conservation-2019-12-13,https://engineeringnews.co.za/article/sibanye-recognised-by-rand-water-for-water-conservation-2019-12-13,2019,secondary_keyword_only_review
Engineering News,https://www.engineeringnews.co.za/article/sibanye-records-a--rating-for-carbon-climate-change-disclosure-2021-02-11,https://engineeringnews.co.za/article/sibanye-records-a--rating-for-carbon-climate-change-disclosure-2021-02-11,2021,secondary_keyword_only_review
Engineering News,https://www.engineeringnews.co.za/article/sibanye-reduces-cooke-4-job-losses-2015-02-02,https://engineeringnews.co.za/article/sibanye-reduces-cooke-4-job-losses-2015-02-02,2015,secondary_keyword_only_review
Engineering News,https://www.engineeringnews.co.za/article/sibanye-reduces-cooke-4-job-losses-2015-02-13,https://engineeringnews.co.za/article/sibanye-reduces-cooke-4-job-losses-2015-02-13,2015,secondary_keyword_only_review
Engineering News,https://www.engineeringnews.co.za/article/sibanye-reduces-debt-2013-03-26,https://engineeringnews.co.za/article/sibanye-reduces-debt-2013-03-26,2013,secondary_keyword_only_review
Engineering News,https://www.engineeringnews.co.za/article/sibanye-refinances-increases-dollar-denominated-facility-to-1bn-2023-04-11,https://engineeringnews.co.za/article/sibanye-refinances-increases-dollar-denominated-facility-to-1bn-2023-04-11,2023,secondary_keyword_only_review
Engineering News,https://www.engineeringnews.co.za/article/sibanye-reiterates-the-need-to-maintain-sustainable-gold-operations-as-wage-negotiations-drag-on-2021-11-10,https://engineeringnews.co.za/article/sibanye-reiterates-the-need-to-maintain-sustainable-gold-operations-as-wage-negotiations-drag-on-2021-11-10,2021,secondary_keyword_only_review
Engineering News,https://www.engineeringnews.co.za/article/sibanye-released-as-guarantor-of-1bn-gold-fields-bond-2015-04-29,https://engineeringnews.co.za/article/sibanye-released-as-guarantor-of-1bn-gold-fields-bond-2015-04-29,2015,secondary_keyword_only_review
Engineering News,https://www.engineeringnews.co.za/article/sibanye-released-as-guarantor-of-1bn-gold-fields-bond-2015-05-08,https://engineeringnews.co.za/article/sibanye-released-as-guarantor-of-1bn-gold-fields-bond-2015-05-08,2015,secondary_keyword_only_review
Engineering News,https://www.engineeringnews.co.za/article/sibanye-report-strong-growth-in-pgm-gold-reserves-2021-02-15,https://engineeringnews.co.za/article/sibanye-report-strong-growth-in-pgm-gold-reserves-2021-02-15,2021,secondary_keyword_only_review
Engineering News,https://www.engineeringnews.co.za/article/sibanye-reports-fatality-at-beatrix-2013-02-28,https://engineeringnews.co.za/article/sibanye-reports-fatality-at-beatrix-2013-02-28,2013,secondary_keyword_only_review
Engineering News,https://www.engineeringnews.co.za/article/sibanye-reports-fatality-rescue-operation-at-cooke-2016-02-02,https://engineeringnews.co.za/article/sibanye-reports-fatality-rescue-operation-at-cooke-2016-02-02,2016,secondary_keyword_only_review
Engineering News,https://www.engineeringnews.co.za/article/sibanye-reports-good-pgms-performance-but-gold-output-falls-amid-strike-2019-01-10,https://engineeringnews.co.za/article/sibanye-reports-good-pgms-performance-but-gold-output-falls-amid-strike-2019-01-10,2019,secondary_keyword_only_review
Engineering News,https://www.engineeringnews.co.za/article/sibanye-reports-good-pgms-performance-but-gold-output-falls-amid-strike-2019-01-18,https://engineeringnews.co.za/article/sibanye-reports-good-pgms-performance-but-gold-output-falls-amid-strike-2019-01-18,2019,secondary_keyword_only_review
Engineering News,https://www.engineeringnews.co.za/article/sibanye-reports-lowers-fy-earnings-2015-02-19,https://engineeringnews.co.za/article/sibanye-reports-lowers-fy-earnings-2015-02-19,2015,secondary_keyword_only_review
Engineering News,https://www.engineeringnews.co.za/article/sibanye-reports-pleasing-results-for-march-quarter-2017-05-04,https://engineeringnews.co.za/article/sibanye-reports-pleasing-results-for-march-quarter-2017-05-04,2017,secondary_keyword_only_review
Engineering News,https://www.engineeringnews.co.za/article/sibanye-reports-record-earnings-record-gold-safety-cut-debt-ratio-2020-05-12,https://engineeringnews.co.za/article/sibanye-reports-record-earnings-record-gold-safety-cut-debt-ratio-2020-05-12,2020,secondary_keyword_only_review
Engineering News,https://www.engineeringnews.co.za/article/sibanye-reports-record-operating-profit-soaring-earnings-good-dividend-2017-02-23,https://engineeringnews.co.za/article/sibanye-reports-record-operating-profit-soaring-earnings-good-dividend-2017-02-23,2017,secondary_keyword_only_review
Engineering News,https://www.engineeringnews.co.za/article/sibanye-reports-record-operating-profit-soaring-earnings-good-dividend-2017-03-03,https://engineeringnews.co.za/article/sibanye-reports-record-operating-profit-soaring-earnings-good-dividend-2017-03-03,2017,secondary_keyword_only_review
Engineering News,https://www.engineeringnews.co.za/article/sibanye-reshuffles-to-bring-platinum-energy-into-pack-2016-04-18,https://engineeringnews.co.za/article/sibanye-reshuffles-to-bring-platinum-energy-into-pack-2016-04-18,2016,secondary_keyword_only_review
Engineering News,https://www.engineeringnews.co.za/article/sibanye-reshuffles-to-bring-platinum-energy-into-pack-2016-04-29,https://engineeringnews.co.za/article/sibanye-reshuffles-to-bring-platinum-energy-into-pack-2016-04-29,2016,secondary_keyword_only_review
Engineering News,https://www.engineeringnews.co.za/article/sibanye-restarts-some-safety-affected-operations-but-records-another-fatality-2022-01-20,https://engineeringnews.co.za/article/sibanye-restarts-some-safety-affected-operations-but-records-another-fatality-2022-01-20,2022,secondary_keyword_only_review
Engineering News,https://www.engineeringnews.co.za/article/sibanye-resumes-operations-at-beatrix-2015-02-10,https://engineeringnews.co.za/article/sibanye-resumes-operations-at-beatrix-2015-02-10,2015,secondary_keyword_only_review
Engineering News,https://www.engineeringnews.co.za/article/sibanye-reveals-maiden-lithium-zinc-resources-2022-03-02,https://engineeringnews.co.za/article/sibanye-reveals-maiden-lithium-zinc-resources-2022-03-02,2022,secondary_keyword_only_review
Engineering News,https://www.engineeringnews.co.za/article/sibanye-revises-fy-output-guidance-downwards-despite-improved-q3-2015-10-29,https://engineeringnews.co.za/article/sibanye-revises-fy-output-guidance-downwards-despite-improved-q3-2015-10-29,2015,secondary_keyword_only_review
Engineering News,https://www.engineeringnews.co.za/article/sibanye-revises-fy-output-guidance-downwards-despite-improved-q3-2015-11-06,https://engineeringnews.co.za/article/sibanye-revises-fy-output-guidance-downwards-despite-improved-q3-2015-11-06,2015,secondary_keyword_only_review
Engineering News,https://www.engineeringnews.co.za/article/sibanye-rights-offer-oversubscribed-2017-06-12,https://engineeringnews.co.za/article/sibanye-rights-offer-oversubscribed-2017-06-12,2017,secondary_keyword_only_review
Engineering News,https://www.engineeringnews.co.za/article/sibanye-rights-offer-oversubscribed-2017-06-23,https://engineeringnews.co.za/article/sibanye-rights-offer-oversubscribed-2017-06-23,2017,secondary_keyword_only_review
Engineering News,https://www.engineeringnews.co.za/article/sibanye-says-acts-of-violence-continue-at-its-south-african-gold-mines-2018-11-28,https://engineeringnews.co.za/article/sibanye-says-acts-of-violence-continue-at-its-south-african-gold-mines-2018-11-28,2018,secondary_keyword_only_review
Engineering News,https://www.engineeringnews.co.za/article/sibanye-says-anglogold-gold-fields-fit-acquisition-strategy-2021-03-08,https://engineeringnews.co.za/article/sibanye-says-anglogold-gold-fields-fit-acquisition-strategy-2021-03-08,2021,secondary_keyword_only_review
Engineering News,https://www.engineeringnews.co.za/article/sibanye-says-clears-most-illegal-miners-from-gold-shafts-2018-02-26,https://engineeringnews.co.za/article/sibanye-says-clears-most-illegal-miners-from-gold-shafts-2018-02-26,2018,secondary_keyword_only_review
Engineering News,https://www.engineeringnews.co.za/article/sibanye-says-concourt-dismisses-glcs-applications-2019-09-05,https://engineeringnews.co.za/article/sibanye-says-concourt-dismisses-glcs-applications-2019-09-05,2019,secondary_keyword_only_review
Engineering News,https://www.engineeringnews.co.za/article/sibanye-says-concourt-dismisses-glcs-applications-2019-09-13,https://engineeringnews.co.za/article/sibanye-says-concourt-dismisses-glcs-applications-2019-09-13,2019,secondary_keyword_only_review
Engineering News,https://www.engineeringnews.co.za/article/sibanye-says-gold-mines-shut-down-after-strike-turns-violent-2018-11-22,https://engineeringnews.co.za/article/sibanye-says-gold-mines-shut-down-after-strike-turns-violent-2018-11-22,2018,secondary_keyword_only_review
Engineering News,https://www.engineeringnews.co.za/article/sibanye-says-gold-sector-employees-have-indicated-their-support-for-a-ccma-proposed-wage-deal-2022-06-03,https://engineeringnews.co.za/article/sibanye-says-gold-sector-employees-have-indicated-their-support-for-a-ccma-proposed-wage-deal-2022-06-03,2022,secondary_keyword_only_review
Engineering News,https://www.engineeringnews.co.za/article/sibanye-says-more-workers-report-for-duty-2018-11-26,https://engineeringnews.co.za/article/sibanye-says-more-workers-report-for-duty-2018-11-26,2018,secondary_keyword_only_review
Engineering News,https://www.engineeringnews.co.za/article/sibanye-says-new-us-act-offers-opportunities-2022-08-26,https://engineeringnews.co.za/article/sibanye-says-new-us-act-offers-opportunities-2022-08-26,2022,secondary_keyword_only_review
Engineering News,https://www.engineeringnews.co.za/article/sibanye-says-on-track-to-meet-responsible-gold-principles-by-september-2022-2021-10-14,https://engineeringnews.co.za/article/sibanye-says-on-track-to-meet-responsible-gold-principles-by-september-2022-2021-10-14,2021,secondary_keyword_only_review
Engineering News,https://www.engineeringnews.co.za/article/sibanye-says-planned-amcu-union-strike-suspended-2016-04-06,https://engineeringnews.co.za/article/sibanye-says-planned-amcu-union-strike-suspended-2016-04-06,2016,secondary_keyword_only_review
Engineering News,https://www.engineeringnews.co.za/article/sibanye-says-platinum-mine-shaft-shut-until-official-inspection-2019-05-02,https://engineeringnews.co.za/article/sibanye-says-platinum-mine-shaft-shut-until-official-inspection-2019-05-02,2019,secondary_keyword_only_review
Engineering News,https://www.engineeringnews.co.za/article/sibanye-says-union-wage-demands-may-lead-to-more-closures-2018-08-24,https://engineeringnews.co.za/article/sibanye-says-union-wage-demands-may-lead-to-more-closures-2018-08-24,2018,secondary_keyword_only_review
Engineering News,https://www.engineeringnews.co.za/article/sibanye-says-unions-using-gold-strike-to-leverage-platinum-deal-2022-05-05,https://engineeringnews.co.za/article/sibanye-says-unions-using-gold-strike-to-leverage-platinum-deal-2022-05-05,2022,secondary_keyword_only_review
Engineering News,https://www.engineeringnews.co.za/article/sibanye-secures-interdict-against-illegal-strike-at-kroondal-ops-2016-05-27,https://engineeringnews.co.za/article/sibanye-secures-interdict-against-illegal-strike-at-kroondal-ops-2016-05-27,2016,secondary_keyword_only_review
Engineering News,https://www.engineeringnews.co.za/article/sibanye-secures-minimum-20-stake-in-argentina-coppergold-project-2018-10-26,https://engineeringnews.co.za/article/sibanye-secures-minimum-20-stake-in-argentina-coppergold-project-2018-10-26,2018,secondary_keyword_only_review
Engineering News,https://www.engineeringnews.co.za/article/sibanye-secures-new-r5bn-loan-facility-2019-10-25,https://engineeringnews.co.za/article/sibanye-secures-new-r5bn-loan-facility-2019-10-25,2019,secondary_keyword_only_review
Engineering News,https://www.engineeringnews.co.za/article/sibanye-secures-sarb-approval-for-stillwater-deal-2017-02-21,https://engineeringnews.co.za/article/sibanye-secures-sarb-approval-for-stillwater-deal-2017-02-21,2017,secondary_keyword_only_review
Engineering News,https://www.engineeringnews.co.za/article/sibanye-seen-as-likely-buyer-for-anglos-ageing-platinum-mines-2014-04-29,https://engineeringnews.co.za/article/sibanye-seen-as-likely-buyer-for-anglos-ageing-platinum-mines-2014-04-29,2014,secondary_keyword_only_review
Engineering News,https://www.engineeringnews.co.za/article/sibanye-sees-increase-in-gold-and-uranium-reserves-2016-02-24,https://engineeringnews.co.za/article/sibanye-sees-increase-in-gold-and-uranium-reserves-2016-02-24,2016,secondary_keyword_only_review
Engineering News,https://www.engineeringnews.co.za/article/sibanye-sees-positive-outlook-for-2016-2016-02-01,https://engineeringnews.co.za/article/sibanye-sees-positive-outlook-for-2016-2016-02-01,2016,secondary_keyword_only_review
Engineering News,https://www.engineeringnews.co.za/article/sibanye-sees-possible-further-opportunities-in-growing-battery-metals-sector-2022-09-16,https://engineeringnews.co.za/article/sibanye-sees-possible-further-opportunities-in-growing-battery-metals-sector-2022-09-16,2022,secondary_keyword_only_review
Engineering News,https://www.engineeringnews.co.za/article/sibanye-sees-possible-further-opportunities-in-growing-battery-metals-sector-2022-09-30,https://engineeringnews.co.za/article/sibanye-sees-possible-further-opportunities-in-growing-battery-metals-sector-2022-09-30,2022,secondary_keyword_only_review
Engineering News,https://www.engineeringnews.co.za/article/sibanye-sells-first-uranium-to-nuclear-fuels-corporation-2014-05-29,https://engineeringnews.co.za/article/sibanye-sells-first-uranium-to-nuclear-fuels-corporation-2014-05-29,2014,secondary_keyword_only_review
Engineering News,https://www.engineeringnews.co.za/article/sibanye-sells-first-uranium-to-nuclear-fuels-corporation-2014-06-06,https://engineeringnews.co.za/article/sibanye-sells-first-uranium-to-nuclear-fuels-corporation-2014-06-06,2014,secondary_keyword_only_review
Engineering News,https://www.engineeringnews.co.za/article/sibanye-sets-section-189-in-action-for-flailing-cooke-4-2016-07-11,https://engineeringnews.co.za/article/sibanye-sets-section-189-in-action-for-flailing-cooke-4-2016-07-11,2016,secondary_keyword_only_review
Engineering News,https://www.engineeringnews.co.za/article/sibanye-share-price-rises-on-gold-tailings-deal-with-drdgold-2017-11-22,https://engineeringnews.co.za/article/sibanye-share-price-rises-on-gold-tailings-deal-with-drdgold-2017-11-22,2017,secondary_keyword_only_review
Engineering News,https://www.engineeringnews.co.za/article/sibanye-share-price-rises-on-gold-tailings-deal-with-drdgold-2017-12-01,https://engineeringnews.co.za/article/sibanye-share-price-rises-on-gold-tailings-deal-with-drdgold-2017-12-01,2017,secondary_keyword_only_review
Engineering News,https://www.engineeringnews.co.za/article/sibanye-shareholders-approve-rustenburg-platinum-mines-deal-2016-01-18,https://engineeringnews.co.za/article/sibanye-shareholders-approve-rustenburg-platinum-mines-deal-2016-01-18,2016,secondary_keyword_only_review
Engineering News,https://www.engineeringnews.co.za/article/sibanye-shares-soar-on-rustenburg-platinum-deal-2015-09-09,https://engineeringnews.co.za/article/sibanye-shares-soar-on-rustenburg-platinum-deal-2015-09-09,2015,secondary_keyword_only_review
Engineering News,https://www.engineeringnews.co.za/article/sibanye-shares-soar-on-rustenburg-platinum-deal-2015-09-18,https://engineeringnews.co.za/article/sibanye-shares-soar-on-rustenburg-platinum-deal-2015-09-18,2015,secondary_keyword_only_review
Engineering News,https://www.engineeringnews.co.za/article/sibanye-shows-good-faith-northam-bucks-the-trend-harmony-hedges-the-rand-2016-03-04,https://engineeringnews.co.za/article/sibanye-shows-good-faith-northam-bucks-the-trend-harmony-hedges-the-rand-2016-03-04,2016,secondary_keyword_only_review
Engineering News,https://www.engineeringnews.co.za/article/sibanye-slumps-as-ceo-pushes-on-with-bid-to-buy-mopani-copper-mines-2023-08-29,https://engineeringnews.co.za/article/sibanye-slumps-as-ceo-pushes-on-with-bid-to-buy-mopani-copper-mines-2023-08-29,2023,secondary_keyword_only_review
Engineering News,https://www.engineeringnews.co.za/article/sibanye-stands-resolute-as-amcu-num-submit-strike-notice-2022-03-08,https://engineeringnews.co.za/article/sibanye-stands-resolute-as-amcu-num-submit-strike-notice-2022-03-08,2022,secondary_keyword_only_review
Engineering News,https://www.engineeringnews.co.za/article/sibanye-starts-building-359m-lithium-hydroxide-refinery-in-finland-2022-11-28,https://engineeringnews.co.za/article/sibanye-starts-building-359m-lithium-hydroxide-refinery-in-finland-2022-11-28,2022,secondary_keyword_only_review
Engineering News,https://www.engineeringnews.co.za/article/sibanye-starts-section-189-consultations-with-support-services-staff-2013-08-15,https://engineeringnews.co.za/article/sibanye-starts-section-189-consultations-with-support-services-staff-2013-08-15,2013,secondary_keyword_only_review
Engineering News,https://www.engineeringnews.co.za/article/sibanye-stillwater-2017-10-25,https://engineeringnews.co.za/article/sibanye-stillwater-2017-10-25,2017,secondary_keyword_only_review
Engineering News,https://www.engineeringnews.co.za/article/sibanye-stillwater-2020-08-27,https://engineeringnews.co.za/article/sibanye-stillwater-2020-08-27,2020,secondary_keyword_only_review
Engineering News,https://www.engineeringnews.co.za/article/sibanye-stillwater-2021-08-26,https://engineeringnews.co.za/article/sibanye-stillwater-2021-08-26,2021,secondary_keyword_only_review
Engineering News,https://www.engineeringnews.co.za/article/sibanye-stillwater-accelerates-decarbonisation-with-two-further-renewables-projects-2023-12-07,https://engineeringnews.co.za/article/sibanye-stillwater-accelerates-decarbonisation-with-two-further-renewables-projects-2023-12-07,2023,secondary_keyword_only_review
Engineering News,https://www.engineeringnews.co.za/article/sibanye-stillwater-achieves-positive-fy17-operating-results-2018-02-05,https://engineeringnews.co.za/article/sibanye-stillwater-achieves-positive-fy17-operating-results-2018-02-05,2018,secondary_keyword_only_review
Engineering News,https://www.engineeringnews.co.za/article/sibanye-stillwater-addresses-multi-front-covid-19-social-upliftment-2020-10-09,https://engineeringnews.co.za/article/sibanye-stillwater-addresses-multi-front-covid-19-social-upliftment-2020-10-09,2020,secondary_keyword_only_review
Engineering News,https://www.engineeringnews.co.za/article/sibanye-stillwater-advances-green-metals-strategy-with-1bn-nickelcopper-buy-2021-10-26,https://engineeringnews.co.za/article/sibanye-stillwater-advances-green-metals-strategy-with-1bn-nickelcopper-buy-2021-10-26,2021,secondary_keyword_only_review
Engineering News,https://www.engineeringnews.co.za/article/sibanye-stillwater-announces-450m-convertible-bond-offering-2017-09-19,https://engineeringnews.co.za/article/sibanye-stillwater-announces-450m-convertible-bond-offering-2017-09-19,2017,secondary_keyword_only_review
Engineering News,https://www.engineeringnews.co.za/article/sibanye-stillwater-announces-450m-convertible-bond-offering-2017-09-29,https://engineeringnews.co.za/article/sibanye-stillwater-announces-450m-convertible-bond-offering-2017-09-29,2017,secondary_keyword_only_review
Engineering News,https://www.engineeringnews.co.za/article/sibanye-stillwater-appoints-dataprophet-to-implement-an-ai-powered-plant-optimisation-system-2019-03-20,https://engineeringnews.co.za/article/sibanye-stillwater-appoints-dataprophet-to-implement-an-ai-powered-plant-optimisation-system-2019-03-20,2019,secondary_keyword_only_review
Engineering News,https://www.engineeringnews.co.za/article/sibanye-stillwater-appoints-new-south-african-gold-head-2021-02-04,https://engineeringnews.co.za/article/sibanye-stillwater-appoints-new-south-african-gold-head-2021-02-04,2021,secondary_keyword_only_review
Engineering News,https://www.engineeringnews.co.za/article/sibanye-stillwater-appoints-safety-exec-to-fund-study-to-enhance-risk-management-2018-06-20,https://engineeringnews.co.za/article/sibanye-stillwater-appoints-safety-exec-to-fund-study-to-enhance-risk-management-2018-06-20,2018,secondary_keyword_only_review
Engineering News,https://www.engineeringnews.co.za/article/sibanye-stillwater-appoints-safety-exec-to-fund-study-to-enhance-risk-management-2018-06-29,https://engineeringnews.co.za/article/sibanye-stillwater-appoints-safety-exec-to-fund-study-to-enhance-risk-management-2018-06-29,2018,secondary_keyword_only_review
Engineering News,https://www.engineeringnews.co.za/article/sibanye-stillwater-assessing-on-site-green-hydrogen-generation-to-power-fuel-cell-mobility-2021-02-18,https://engineeringnews.co.za/article/sibanye-stillwater-assessing-on-site-green-hydrogen-generation-to-power-fuel-cell-mobility-2021-02-18,2021,secondary_keyword_only_review
Engineering News,https://www.engineeringnews.co.za/article/sibanye-stillwater-avoids-closure-of-certain-south-african-pgm-business-units-2017-10-16,https://engineeringnews.co.za/article/sibanye-stillwater-avoids-closure-of-certain-south-african-pgm-business-units-2017-10-16,2017,secondary_keyword_only_review
Engineering News,https://www.engineeringnews.co.za/article/sibanye-stillwater-avoids-closure-of-certain-south-african-pgm-business-units-2017-10-27,https://engineeringnews.co.za/article/sibanye-stillwater-avoids-closure-of-certain-south-african-pgm-business-units-2017-10-27,2017,secondary_keyword_only_review
Engineering News,https://www.engineeringnews.co.za/article/sibanye-stillwater-building-climate-change-resilient-business-froneman-2021-10-27,https://engineeringnews.co.za/article/sibanye-stillwater-building-climate-change-resilient-business-froneman-2021-10-27,2021,secondary_keyword_only_review
Engineering News,https://www.engineeringnews.co.za/article/sibanye-stillwater-buys-half-of-ioneers-nevada-project-for-490m-2021-09-16,https://engineeringnews.co.za/article/sibanye-stillwater-buys-half-of-ioneers-nevada-project-for-490m-2021-09-16,2021,secondary_keyword_only_review
Engineering News,https://www.engineeringnews.co.za/article/sibanye-stillwater-buys-half-of-ioneers-nevada-project-for-490m-2021-10-01,https://engineeringnews.co.za/article/sibanye-stillwater-buys-half-of-ioneers-nevada-project-for-490m-2021-10-01,2021,secondary_keyword_only_review
Engineering News,https://www.engineeringnews.co.za/article/sibanye-stillwater-ceo-shrugs-off-gold-mega-merger-2023-02-07,https://engineeringnews.co.za/article/sibanye-stillwater-ceo-shrugs-off-gold-mega-merger-2023-02-07,2023,secondary_keyword_only_review
Engineering News,https://www.engineeringnews.co.za/article/sibanye-stillwater-commences-consultation-with-stakeholders-regarding-possible-restructuring-at-its-gold-operations-and-associated-services-845k-2019-02-18,https://engineeringnews.co.za/article/sibanye-stillwater-commences-consultation-with-stakeholders-regarding-possible-restructuring-at-its-gold-operations-and-associated-services-845k-2019-02-18,2019,secondary_keyword_only_review
Engineering News,https://www.engineeringnews.co.za/article/sibanye-stillwater-concludes-450m-convertible-bonds-tender-process-2018-09-05,https://engineeringnews.co.za/article/sibanye-stillwater-concludes-450m-convertible-bonds-tender-process-2018-09-05,2018,secondary_keyword_only_review
Engineering News,https://www.engineeringnews.co.za/article/sibanye-stillwater-concludes-450m-convertible-bonds-tender-process-2018-09-14,https://engineeringnews.co.za/article/sibanye-stillwater-concludes-450m-convertible-bonds-tender-process-2018-09-14,2018,secondary_keyword_only_review
Engineering News,https://www.engineeringnews.co.za/article/sibanye-stillwater-concludes-500m-gold-palladium-stream-agreement-with-wheaton-2018-07-25,https://engineeringnews.co.za/article/sibanye-stillwater-concludes-500m-gold-palladium-stream-agreement-with-wheaton-2018-07-25,2018,secondary_keyword_only_review
Engineering News,https://www.engineeringnews.co.za/article/sibanye-stillwater-concludes-deal-to-take-3805-of-drdgold-2018-08-01,https://engineeringnews.co.za/article/sibanye-stillwater-concludes-deal-to-take-3805-of-drdgold-2018-08-01,2018,secondary_keyword_only_review
Engineering News,https://www.engineeringnews.co.za/article/sibanye-stillwater-concludes-gold-wage-agreement-with-three-unions-2018-11-15,https://engineeringnews.co.za/article/sibanye-stillwater-concludes-gold-wage-agreement-with-three-unions-2018-11-15,2018,secondary_keyword_only_review
Engineering News,https://www.engineeringnews.co.za/article/sibanye-stillwater-continuing-to-assess-operational-positioning-2023-11-02,https://engineeringnews.co.za/article/sibanye-stillwater-continuing-to-assess-operational-positioning-2023-11-02,2023,secondary_keyword_only_review
Engineering News,https://www.engineeringnews.co.za/article/sibanye-stillwater-cuts-gold-production-guidance-ceo-outlines-safety-plan-2018-07-02,https://engineeringnews.co.za/article/sibanye-stillwater-cuts-gold-production-guidance-ceo-outlines-safety-plan-2018-07-02,2018,secondary_keyword_only_review
Engineering News,https://www.engineeringnews.co.za/article/sibanye-stillwater-cuts-gold-production-guidance-ceo-outlines-safety-plan-2018-07-13,https://engineeringnews.co.za/article/sibanye-stillwater-cuts-gold-production-guidance-ceo-outlines-safety-plan-2018-07-13,2018,secondary_keyword_only_review
Engineering News,https://www.engineeringnews.co.za/article/sibanye-stillwater-declares-r39bn-half-year-dividend-2022-08-25,https://engineeringnews.co.za/article/sibanye-stillwater-declares-r39bn-half-year-dividend-2022-08-25,2022,secondary_keyword_only_review
Engineering News,https://www.engineeringnews.co.za/article/sibanye-stillwater-delivers-another-record-performance-with-highest-ever-dividend-2022-03-03,https://engineeringnews.co.za/article/sibanye-stillwater-delivers-another-record-performance-with-highest-ever-dividend-2022-03-03,2022,secondary_keyword_only_review
Engineering News,https://www.engineeringnews.co.za/article/sibanye-stillwater-delivers-phenomenal-260-return-jse-2020-02-19,https://engineeringnews.co.za/article/sibanye-stillwater-delivers-phenomenal-260-return-jse-2020-02-19,2020,secondary_keyword_only_review
Engineering News,https://www.engineeringnews.co.za/article/sibanye-stillwater-dives-deeper-into-circular-economy-with-155m-deal-2023-11-09,https://engineeringnews.co.za/article/sibanye-stillwater-dives-deeper-into-circular-economy-with-155m-deal-2023-11-09,2023,secondary_keyword_only_review
Engineering News,https://www.engineeringnews.co.za/article/sibanye-stillwater-doubts-it-will-become-owner-of-worlds-deepest-gold-mine-2020-02-06,https://engineeringnews.co.za/article/sibanye-stillwater-doubts-it-will-become-owner-of-worlds-deepest-gold-mine-2020-02-06,2020,secondary_keyword_only_review
Engineering News,https://www.engineeringnews.co.za/article/sibanye-stillwater-earnings-soar-718-r13bn-dividend-declared-2020-08-27,https://engineeringnews.co.za/article/sibanye-stillwater-earnings-soar-718-r13bn-dividend-declared-2020-08-27,2020,secondary_keyword_only_review
Engineering News,https://www.engineeringnews.co.za/article/sibanye-stillwater-expects-to-report-162-yy-rise-in-interim-profit-2021-08-05,https://engineeringnews.co.za/article/sibanye-stillwater-expects-to-report-162-yy-rise-in-interim-profit-2021-08-05,2021,secondary_keyword_only_review
Engineering News,https://www.engineeringnews.co.za/article/sibanye-stillwater-expects-to-report-r444bn-attributable-loss-for-fy17-2018-02-21,https://engineeringnews.co.za/article/sibanye-stillwater-expects-to-report-r444bn-attributable-loss-for-fy17-2018-02-21,2018,secondary_keyword_only_review
Engineering News,https://www.engineeringnews.co.za/article/sibanye-stillwater-extends-helping-hand-to-new-century-2023-03-23,https://engineeringnews.co.za/article/sibanye-stillwater-extends-helping-hand-to-new-century-2023-03-23,2023,secondary_keyword_only_review
Engineering News,https://www.engineeringnews.co.za/article/sibanye-stillwater-eyes-battery-metals-2020-09-10,https://engineeringnews.co.za/article/sibanye-stillwater-eyes-battery-metals-2020-09-10,2020,secondary_keyword_only_review
Engineering News,https://www.engineeringnews.co.za/article/sibanye-stillwater-funding-wits-universitys-carbon-storage-brainstorming-techathon-2023-05-22,https://engineeringnews.co.za/article/sibanye-stillwater-funding-wits-universitys-carbon-storage-brainstorming-techathon-2023-05-22,2023,secondary_keyword_only_review
Engineering News,https://www.engineeringnews.co.za/article/sibanye-stillwater-funding-wits-universitys-carbon-storage-brainstorming-techathon-2023-06-09,https://engineeringnews.co.za/article/sibanye-stillwater-funding-wits-universitys-carbon-storage-brainstorming-techathon-2023-06-09,2023,secondary_keyword_only_review
Engineering News,https://www.engineeringnews.co.za/article/sibanye-stillwater-getting-closer-to-reaching-a-wage-settlement-with-unions-2018-11-02,https://engineeringnews.co.za/article/sibanye-stillwater-getting-closer-to-reaching-a-wage-settlement-with-unions-2018-11-02,2018,secondary_keyword_only_review
Engineering News,https://www.engineeringnews.co.za/article/sibanye-stillwater-gives-updated-guidance-on-climate-policy-other-esg-matters-2021-06-18,https://engineeringnews.co.za/article/sibanye-stillwater-gives-updated-guidance-on-climate-policy-other-esg-matters-2021-06-18,2021,secondary_keyword_only_review
Engineering News,https://www.engineeringnews.co.za/article/sibanye-stillwater-gold-operations-solar-photovoltaic-project-south-africa-2021-10-29,https://engineeringnews.co.za/article/sibanye-stillwater-gold-operations-solar-photovoltaic-project-south-africa-2021-10-29,2021,secondary_keyword_only_review
Engineering News,https://www.engineeringnews.co.za/article/sibanye-stillwater-gold-operations-solar-photovoltaic-project-south-africa-2022-03-25,https://engineeringnews.co.za/article/sibanye-stillwater-gold-operations-solar-photovoltaic-project-south-africa-2022-03-25,2022,secondary_keyword_only_review
Engineering News,https://www.engineeringnews.co.za/article/sibanye-stillwater-gold-operations-solar-photovoltaic-project-south-africa-update-2022-03-18,https://engineeringnews.co.za/article/sibanye-stillwater-gold-operations-solar-photovoltaic-project-south-africa-update-2022-03-18,2022,secondary_keyword_only_review
Engineering News,https://www.engineeringnews.co.za/article/sibanye-stillwater-gold-operations-solar-photovoltaic-project-south-africa-update-2023-04-07,https://engineeringnews.co.za/article/sibanye-stillwater-gold-operations-solar-photovoltaic-project-south-africa-update-2023-04-07,2023,secondary_keyword_only_review
Engineering News,https://www.engineeringnews.co.za/article/sibanye-stillwater-gold-operations-solar-photovoltaic-project-south-africa-update-2023-09-22,https://engineeringnews.co.za/article/sibanye-stillwater-gold-operations-solar-photovoltaic-project-south-africa-update-2023-09-22,2023,secondary_keyword_only_review
Engineering News,https://www.engineeringnews.co.za/article/sibanye-stillwater-highlights-battery-grade-nickel-sulphate-fetching-price-premium-2022-04-01,https://engineeringnews.co.za/article/sibanye-stillwater-highlights-battery-grade-nickel-sulphate-fetching-price-premium-2022-04-01,2022,secondary_keyword_only_review
Engineering News,https://www.engineeringnews.co.za/article/sibanye-stillwater-hydrox-holdings-coal-exports-to-china-make-headlines-2021-02-19,https://engineeringnews.co.za/article/sibanye-stillwater-hydrox-holdings-coal-exports-to-china-make-headlines-2021-02-19,2021,secondary_keyword_only_review
Engineering News,https://www.engineeringnews.co.za/article/sibanye-stillwater-improves-production-in-second-half-of-2020-2021-01-20,https://engineeringnews.co.za/article/sibanye-stillwater-improves-production-in-second-half-of-2020-2021-01-20,2021,secondary_keyword_only_review
Engineering News,https://www.engineeringnews.co.za/article/sibanye-stillwater-in-talks-over-anglogold-ashantis-mponeng-mine-2019-08-30,https://engineeringnews.co.za/article/sibanye-stillwater-in-talks-over-anglogold-ashantis-mponeng-mine-2019-08-30,2019,secondary_keyword_only_review
Engineering News,https://www.engineeringnews.co.za/article/sibanye-stillwater-in-talks-to-buy-brazil-nickel-and-copper-assets-2021-10-25,https://engineeringnews.co.za/article/sibanye-stillwater-in-talks-to-buy-brazil-nickel-and-copper-assets-2021-10-25,2021,secondary_keyword_only_review
Engineering News,https://www.engineeringnews.co.za/article/sibanye-stillwater-intensifies-pgms-presence-2019-08-23,https://engineeringnews.co.za/article/sibanye-stillwater-intensifies-pgms-presence-2019-08-23,2019,secondary_keyword_only_review
Engineering News,https://www.engineeringnews.co.za/article/sibanye-stillwater-invests-in-social-development-as-youth-day-approaches-2020-06-12,https://engineeringnews.co.za/article/sibanye-stillwater-invests-in-social-development-as-youth-day-approaches-2020-06-12,2020,secondary_keyword_only_review
Engineering News,https://www.engineeringnews.co.za/article/sibanye-stillwater-ixs-programme-igniting-innovation-for-the-mining-industry-2023-06-22,https://engineeringnews.co.za/article/sibanye-stillwater-ixs-programme-igniting-innovation-for-the-mining-industry-2023-06-22,2023,secondary_keyword_only_review
Engineering News,https://www.engineeringnews.co.za/article/sibanye-stillwater-launches-programme-to-propel-mining-innovators-entrepreneurs-2021-10-01,https://engineeringnews.co.za/article/sibanye-stillwater-launches-programme-to-propel-mining-innovators-entrepreneurs-2021-10-01,2021,secondary_keyword_only_review
Engineering News,https://www.engineeringnews.co.za/article/sibanye-stillwater-lifts-pgm-grade-at-brownfields-stillwater-mine-extension-2017-09-15,https://engineeringnews.co.za/article/sibanye-stillwater-lifts-pgm-grade-at-brownfields-stillwater-mine-extension-2017-09-15,2017,secondary_keyword_only_review
Engineering News,https://www.engineeringnews.co.za/article/sibanye-stillwater-looking-to-buy-gold-mines-outside-south-africa-2020-09-22,https://engineeringnews.co.za/article/sibanye-stillwater-looking-to-buy-gold-mines-outside-south-africa-2020-09-22,2020,secondary_keyword_only_review
Engineering News,https://www.engineeringnews.co.za/article/sibanye-stillwater-makes-battery-metals-entry-2021-02-23,https://engineeringnews.co.za/article/sibanye-stillwater-makes-battery-metals-entry-2021-02-23,2021,secondary_keyword_only_review
Engineering News,https://www.engineeringnews.co.za/article/sibanye-stillwater-makes-battery-metals-entry-2021-03-12,https://engineeringnews.co.za/article/sibanye-stillwater-makes-battery-metals-entry-2021-03-12,2021,secondary_keyword_only_review
Engineering News,https://www.engineeringnews.co.za/article/sibanye-stillwater-makes-leadership-changes-2020-10-05,https://engineeringnews.co.za/article/sibanye-stillwater-makes-leadership-changes-2020-10-05,2020,secondary_keyword_only_review
Engineering News,https://www.engineeringnews.co.za/article/sibanye-stillwater-market-update-draws-amcus-fury-2019-01-11,https://engineeringnews.co.za/article/sibanye-stillwater-market-update-draws-amcus-fury-2019-01-11,2019,secondary_keyword_only_review
Engineering News,https://www.engineeringnews.co.za/article/sibanye-stillwater-mourns-death-of-south-african-gold-operations-vp-2021-01-19,https://engineeringnews.co.za/article/sibanye-stillwater-mourns-death-of-south-african-gold-operations-vp-2021-01-19,2021,secondary_keyword_only_review
Engineering News,https://www.engineeringnews.co.za/article/sibanye-stillwater-moving-to-radical-transparency-on-public-tailings-disclosure-2021-09-29,https://engineeringnews.co.za/article/sibanye-stillwater-moving-to-radical-transparency-on-public-tailings-disclosure-2021-09-29,2021,secondary_keyword_only_review
Engineering News,https://www.engineeringnews.co.za/article/sibanye-stillwater-plans-to-resume-dividend-payments-in-2020-2019-05-16,https://engineeringnews.co.za/article/sibanye-stillwater-plans-to-resume-dividend-payments-in-2020-2019-05-16,2019,secondary_keyword_only_review
Engineering News,https://www.engineeringnews.co.za/article/sibanye-stillwater-platinum-group-metals-operations-solar-photovoltaic-projects-south-africa-update-2022-03-18,https://engineeringnews.co.za/article/sibanye-stillwater-platinum-group-metals-operations-solar-photovoltaic-projects-south-africa-update-2022-03-18,2022,secondary_keyword_only_review
Engineering News,https://www.engineeringnews.co.za/article/sibanye-stillwater-platinum-group-metals-pgms-operations-solar-photovoltaic-projects-south-africa-2021-10-29,https://engineeringnews.co.za/article/sibanye-stillwater-platinum-group-metals-pgms-operations-solar-photovoltaic-projects-south-africa-2021-10-29,2021,secondary_keyword_only_review
Engineering News,https://www.engineeringnews.co.za/article/sibanye-stillwater-presells-gold-to-citibank-2019-04-11,https://engineeringnews.co.za/article/sibanye-stillwater-presells-gold-to-citibank-2019-04-11,2019,secondary_keyword_only_review
Engineering News,https://www.engineeringnews.co.za/article/sibanye-stillwater-presells-gold-to-citibank-2019-04-26,https://engineeringnews.co.za/article/sibanye-stillwater-presells-gold-to-citibank-2019-04-26,2019,secondary_keyword_only_review
Engineering News,https://www.engineeringnews.co.za/article/sibanye-stillwater-prices-12bn-senior-notes-offering-2021-11-10,https://engineeringnews.co.za/article/sibanye-stillwater-prices-12bn-senior-notes-offering-2021-11-10,2021,secondary_keyword_only_review
Engineering News,https://www.engineeringnews.co.za/article/sibanye-stillwater-profit-soars-free-cash-rockets-r94bn-dividend-2021-02-18,https://engineeringnews.co.za/article/sibanye-stillwater-profit-soars-free-cash-rockets-r94bn-dividend-2021-02-18,2021,secondary_keyword_only_review
Engineering News,https://www.engineeringnews.co.za/article/sibanye-stillwater-provides-full-bursaries-to-12-top-matriculants-2021-02-26,https://engineeringnews.co.za/article/sibanye-stillwater-provides-full-bursaries-to-12-top-matriculants-2021-02-26,2021,secondary_keyword_only_review
Engineering News,https://www.engineeringnews.co.za/article/sibanye-stillwater-pushes-green-metals-strategy-with-1bn-nickelcopper-buy-2021-11-12,https://engineeringnews.co.za/article/sibanye-stillwater-pushes-green-metals-strategy-with-1bn-nickelcopper-buy-2021-11-12,2021,secondary_keyword_only_review
Engineering News,https://www.engineeringnews.co.za/article/sibanye-stillwater-raises-2018-expected-loss-to-r25bn-2019-02-20,https://engineeringnews.co.za/article/sibanye-stillwater-raises-2018-expected-loss-to-r25bn-2019-02-20,2019,secondary_keyword_only_review
Engineering News,https://www.engineeringnews.co.za/article/sibanye-stillwater-ratifies-new-wage-agreement-at-montana-mine-2022-02-23,https://engineeringnews.co.za/article/sibanye-stillwater-ratifies-new-wage-agreement-at-montana-mine-2022-02-23,2022,secondary_keyword_only_review
Engineering News,https://www.engineeringnews.co.za/article/sibanye-stillwater-receives-iso-27001-certification-2023-05-02,https://engineeringnews.co.za/article/sibanye-stillwater-receives-iso-27001-certification-2023-05-02,2023,secondary_keyword_only_review
Engineering News,https://www.engineeringnews.co.za/article/sibanye-stillwater-receives-keliber-environmental-permit-2023-02-06,https://engineeringnews.co.za/article/sibanye-stillwater-receives-keliber-environmental-permit-2023-02-06,2023,secondary_keyword_only_review
Engineering News,https://www.engineeringnews.co.za/article/sibanye-stillwater-receives-recognition-for-stillwater-acquisition-2018-06-08,https://engineeringnews.co.za/article/sibanye-stillwater-receives-recognition-for-stillwater-acquisition-2018-06-08,2018,secondary_keyword_only_review
Engineering News,https://www.engineeringnews.co.za/article/sibanye-stillwater-receives-sa-innovation-league-award-2022-05-20,https://engineeringnews.co.za/article/sibanye-stillwater-receives-sa-innovation-league-award-2022-05-20,2022,secondary_keyword_only_review
Engineering News,https://www.engineeringnews.co.za/article/sibanye-stillwater-records-third-best-earnings-as-it-celebrates-tenth-anniversary-2023-02-28,https://engineeringnews.co.za/article/sibanye-stillwater-records-third-best-earnings-as-it-celebrates-tenth-anniversary-2023-02-28,2023,secondary_keyword_only_review
Engineering News,https://www.engineeringnews.co.za/article/sibanye-stillwater-refinances-increases-us-dollar-revolving-credit-facility-2018-04-06,https://engineeringnews.co.za/article/sibanye-stillwater-refinances-increases-us-dollar-revolving-credit-facility-2018-04-06,2018,secondary_keyword_only_review
Engineering News,https://www.engineeringnews.co.za/article/sibanye-stillwater-releases-suite-of-reports-will-hold-virtual-agm-2020-04-22,https://engineeringnews.co.za/article/sibanye-stillwater-releases-suite-of-reports-will-hold-virtual-agm-2020-04-22,2020,secondary_keyword_only_review
Engineering News,https://www.engineeringnews.co.za/article/sibanye-stillwater-reports-fatality-at-driefontein-mine-2018-02-13,https://engineeringnews.co.za/article/sibanye-stillwater-reports-fatality-at-driefontein-mine-2018-02-13,2018,secondary_keyword_only_review
Engineering News,https://www.engineeringnews.co.za/article/sibanye-stillwater-reports-fatality-at-driefontein-ops-2018-05-03,https://engineeringnews.co.za/article/sibanye-stillwater-reports-fatality-at-driefontein-ops-2018-05-03,2018,secondary_keyword_only_review
Engineering News,https://www.engineeringnews.co.za/article/sibanye-stillwater-says-operational-recovery-progressing-well-2020-10-29,https://engineeringnews.co.za/article/sibanye-stillwater-says-operational-recovery-progressing-well-2020-10-29,2020,secondary_keyword_only_review
Engineering News,https://www.engineeringnews.co.za/article/sibanye-stillwater-shares-rise-on-deleveraging-plan-2018-05-31,https://engineeringnews.co.za/article/sibanye-stillwater-shares-rise-on-deleveraging-plan-2018-05-31,2018,secondary_keyword_only_review
Engineering News,https://www.engineeringnews.co.za/article/sibanye-stillwater-shoots-lights-out-with-super-record-performance-2021-08-26,https://engineeringnews.co.za/article/sibanye-stillwater-shoots-lights-out-with-super-record-performance-2021-08-26,2021,secondary_keyword_only_review
Engineering News,https://www.engineeringnews.co.za/article/sibanye-stillwater-signals-half-year-earnings-decline-2022-08-17,https://engineeringnews.co.za/article/sibanye-stillwater-signals-half-year-earnings-decline-2022-08-17,2022,secondary_keyword_only_review
Engineering News,https://www.engineeringnews.co.za/article/sibanye-stillwater-south-african-platinum-group-metals-operations-solar-photovoltaic-projects-south-africa-update-2023-04-07,https://engineeringnews.co.za/article/sibanye-stillwater-south-african-platinum-group-metals-operations-solar-photovoltaic-projects-south-africa-update-2023-04-07,2023,secondary_keyword_only_review
Engineering News,https://www.engineeringnews.co.za/article/sibanye-stillwater-south-african-platinum-group-metals-operations-solar-photovoltaic-projects-south-africa-update-2023-09-22,https://engineeringnews.co.za/article/sibanye-stillwater-south-african-platinum-group-metals-operations-solar-photovoltaic-projects-south-africa-update-2023-09-22,2023,secondary_keyword_only_review
Engineering News,https://www.engineeringnews.co.za/article/sibanye-stillwater-ssw-platinum-group-metals-operations-solar-photovoltaic-projects-south-africa-update-2022-03-25,https://engineeringnews.co.za/article/sibanye-stillwater-ssw-platinum-group-metals-operations-solar-photovoltaic-projects-south-africa-update-2022-03-25,2022,secondary_keyword_only_review
Engineering News,https://www.engineeringnews.co.za/article/sibanye-stillwater-to-build-houses-in-free-state-2019-03-13,https://engineeringnews.co.za/article/sibanye-stillwater-to-build-houses-in-free-state-2019-03-13,2019,secondary_keyword_only_review
Engineering News,https://www.engineeringnews.co.za/article/sibanye-stillwater-to-hold-agm-electronically-2020-05-19,https://engineeringnews.co.za/article/sibanye-stillwater-to-hold-agm-electronically-2020-05-19,2020,secondary_keyword_only_review
Engineering News,https://www.engineeringnews.co.za/article/sibanye-stillwater-to-start-search-for-new-audit-firm-2018-05-04,https://engineeringnews.co.za/article/sibanye-stillwater-to-start-search-for-new-audit-firm-2018-05-04,2018,secondary_keyword_only_review
Engineering News,https://www.engineeringnews.co.za/article/sibanye-stillwater-to-swing-to-h1-profit-2018-08-03,https://engineeringnews.co.za/article/sibanye-stillwater-to-swing-to-h1-profit-2018-08-03,2018,secondary_keyword_only_review
Engineering News,https://www.engineeringnews.co.za/article/sibanye-stillwater-top-brass-donate-third-of-pay-to-covid-19-fund-2020-05-01,https://engineeringnews.co.za/article/sibanye-stillwater-top-brass-donate-third-of-pay-to-covid-19-fund-2020-05-01,2020,secondary_keyword_only_review
Engineering News,https://www.engineeringnews.co.za/article/sibanye-stillwater-top-brass-donate-third-of-pay-to-solidarity-covid-19-fund-2020-04-13,https://engineeringnews.co.za/article/sibanye-stillwater-top-brass-donate-third-of-pay-to-solidarity-covid-19-fund-2020-04-13,2020,secondary_keyword_only_review
Engineering News,https://www.engineeringnews.co.za/article/sibanye-stillwater-trade-unions-ink-three-year-wage-agreement-for-kroondal-2020-10-23,https://engineeringnews.co.za/article/sibanye-stillwater-trade-unions-ink-three-year-wage-agreement-for-kroondal-2020-10-23,2020,secondary_keyword_only_review
Engineering News,https://www.engineeringnews.co.za/article/sibanye-stillwater-unions-agree-on-three-year-wage-deal-for-kroondal-2017-11-09,https://engineeringnews.co.za/article/sibanye-stillwater-unions-agree-on-three-year-wage-deal-for-kroondal-2017-11-09,2017,secondary_keyword_only_review
Engineering News,https://www.engineeringnews.co.za/article/sibanye-stillwater-welcomes-pragmatic-partial-mining-resumption-2020-04-23,https://engineeringnews.co.za/article/sibanye-stillwater-welcomes-pragmatic-partial-mining-resumption-2020-04-23,2020,secondary_keyword_only_review
Engineering News,https://www.engineeringnews.co.za/article/sibanye-stillwater-wins-ma-advisor-award-for-acquisition-of-stillwater-2018-05-02,https://engineeringnews.co.za/article/sibanye-stillwater-wins-ma-advisor-award-for-acquisition-of-stillwater-2018-05-02,2018,secondary_keyword_only_review
Engineering News,https://www.engineeringnews.co.za/article/sibanye-stillwater-wits-partner-to-digitalise-mining-industry-2018-03-28,https://engineeringnews.co.za/article/sibanye-stillwater-wits-partner-to-digitalise-mining-industry-2018-03-28,2018,secondary_keyword_only_review
Engineering News,https://www.engineeringnews.co.za/article/sibanye-stillwater-wits-partner-to-digitalise-mining-industry-2018-04-05,https://engineeringnews.co.za/article/sibanye-stillwater-wits-partner-to-digitalise-mining-industry-2018-04-05,2018,secondary_keyword_only_review
Engineering News,https://www.engineeringnews.co.za/article/sibanye-stillwaters-first-quarter-earnings-increase-despite-covid-19-disruptions-2021-05-06,https://engineeringnews.co.za/article/sibanye-stillwaters-first-quarter-earnings-increase-despite-covid-19-disruptions-2021-05-06,2021,secondary_keyword_only_review
Engineering News,https://www.engineeringnews.co.za/article/sibanye-stillwaters-gold-platinum-reserves-decrease-2018-02-19,https://engineeringnews.co.za/article/sibanye-stillwaters-gold-platinum-reserves-decrease-2018-02-19,2018,secondary_keyword_only_review
Engineering News,https://www.engineeringnews.co.za/article/sibanye-stillwaters-gold-platinum-reserves-decrease-2018-03-02,https://engineeringnews.co.za/article/sibanye-stillwaters-gold-platinum-reserves-decrease-2018-03-02,2018,secondary_keyword_only_review
Engineering News,https://www.engineeringnews.co.za/article/sibanye-stillwaters-integrated-report-highlights-green-metals-spread-2023-04-24,https://engineeringnews.co.za/article/sibanye-stillwaters-integrated-report-highlights-green-metals-spread-2023-04-24,2023,secondary_keyword_only_review
Engineering News,https://www.engineeringnews.co.za/article/sibanye-stillwaters-integrated-report-highlights-green-metals-spread-2023-05-12,https://engineeringnews.co.za/article/sibanye-stillwaters-integrated-report-highlights-green-metals-spread-2023-05-12,2023,secondary_keyword_only_review
Engineering News,https://www.engineeringnews.co.za/article/sibanye-stillwaters-us-operations-in-the-midst-of-major-growth-phase-2018-11-02,https://engineeringnews.co.za/article/sibanye-stillwaters-us-operations-in-the-midst-of-major-growth-phase-2018-11-02,2018,secondary_keyword_only_review
Engineering News,https://www.engineeringnews.co.za/article/sibanye-stillwaters-us-operations-in-the-midst-of-major-growth-phase-2018-11-16,https://engineeringnews.co.za/article/sibanye-stillwaters-us-operations-in-the-midst-of-major-growth-phase-2018-11-16,2018,secondary_keyword_only_review
Engineering News,https://www.engineeringnews.co.za/article/sibanye-stresses-importance-of-healthy-wetlands-2022-02-02,https://engineeringnews.co.za/article/sibanye-stresses-importance-of-healthy-wetlands-2022-02-02,2022,secondary_keyword_only_review
Engineering News,https://www.engineeringnews.co.za/article/sibanye-supportive-of-south-africas-phased-approach-to-resuming-mining-activity-2020-04-23,https://engineeringnews.co.za/article/sibanye-supportive-of-south-africas-phased-approach-to-resuming-mining-activity-2020-04-23,2020,secondary_keyword_only_review
Engineering News,https://www.engineeringnews.co.za/article/sibanye-supports-icmm-water-stewardship-maturity-framework-2023-12-14,https://engineeringnews.co.za/article/sibanye-supports-icmm-water-stewardship-maturity-framework-2023-12-14,2023,secondary_keyword_only_review
Engineering News,https://www.engineeringnews.co.za/article/sibanye-suspends-amcu-members-at-kroondal-2016-06-10,https://engineeringnews.co.za/article/sibanye-suspends-amcu-members-at-kroondal-2016-06-10,2016,secondary_keyword_only_review
Engineering News,https://www.engineeringnews.co.za/article/sibanye-suspends-beatrix-4-shaft-operations-following-a-fire-2013-02-20,https://engineeringnews.co.za/article/sibanye-suspends-beatrix-4-shaft-operations-following-a-fire-2013-02-20,2013,secondary_keyword_only_review
Engineering News,https://www.engineeringnews.co.za/article/sibanye-suspends-gold-guidance-but-reports-strong-first-quarter-earnings-2022-05-05,https://engineeringnews.co.za/article/sibanye-suspends-gold-guidance-but-reports-strong-first-quarter-earnings-2022-05-05,2022,secondary_keyword_only_review
Engineering News,https://www.engineeringnews.co.za/article/sibanye-suspends-kloof-4-shaft-operations-after-incident-2023-08-01,https://engineeringnews.co.za/article/sibanye-suspends-kloof-4-shaft-operations-after-incident-2023-08-01,2023,secondary_keyword_only_review
Engineering News,https://www.engineeringnews.co.za/article/sibanye-suspends-operations-at-kloof-mine-for-a-day-of-mourning-2018-06-12,https://engineeringnews.co.za/article/sibanye-suspends-operations-at-kloof-mine-for-a-day-of-mourning-2018-06-12,2018,secondary_keyword_only_review
Engineering News,https://www.engineeringnews.co.za/article/sibanye-suspends-operations-at-safety-impacted-south-african-mines-adjusts-guidance-2021-12-15,https://engineeringnews.co.za/article/sibanye-suspends-operations-at-safety-impacted-south-african-mines-adjusts-guidance-2021-12-15,2021,secondary_keyword_only_review
Engineering News,https://www.engineeringnews.co.za/article/sibanye-tables-conditional-settlement-offer-for-south-african-gold-operations-employees-2021-11-18,https://engineeringnews.co.za/article/sibanye-tables-conditional-settlement-offer-for-south-african-gold-operations-employees-2021-11-18,2021,secondary_keyword_only_review
Engineering News,https://www.engineeringnews.co.za/article/sibanye-takes-control-of-rustenburg-platinum-mines-nel-steps-down-as-platinum-division-ceo-2016-11-01,https://engineeringnews.co.za/article/sibanye-takes-control-of-rustenburg-platinum-mines-nel-steps-down-as-platinum-division-ceo-2016-11-01,2016,secondary_keyword_only_review
Engineering News,https://www.engineeringnews.co.za/article/sibanye-takes-control-of-rustenburg-platinum-mines-nel-steps-down-as-platinum-division-ceo-2016-11-11,https://engineeringnews.co.za/article/sibanye-takes-control-of-rustenburg-platinum-mines-nel-steps-down-as-platinum-division-ceo-2016-11-11,2016,secondary_keyword_only_review
Engineering News,https://www.engineeringnews.co.za/article/sibanye-takes-full-control-of-kroondal-for-r1-plus-mine-closure-rehab-costs-2022-01-31,https://engineeringnews.co.za/article/sibanye-takes-full-control-of-kroondal-for-r1-plus-mine-closure-rehab-costs-2022-01-31,2022,secondary_keyword_only_review
Engineering News,https://www.engineeringnews.co.za/article/sibanye-terminates-discussions-with-wcc-2016-02-26,https://engineeringnews.co.za/article/sibanye-terminates-discussions-with-wcc-2016-02-26,2016,secondary_keyword_only_review
Engineering News,https://www.engineeringnews.co.za/article/sibanye-tests-viability-of-underground-hydroelectric-storage-2021-10-13,https://engineeringnews.co.za/article/sibanye-tests-viability-of-underground-hydroelectric-storage-2021-10-13,2021,secondary_keyword_only_review
Engineering News,https://www.engineeringnews.co.za/article/sibanye-to-acquire-us-platinum-miner-for-r30bn-2016-12-09,https://engineeringnews.co.za/article/sibanye-to-acquire-us-platinum-miner-for-r30bn-2016-12-09,2016,secondary_keyword_only_review
Engineering News,https://www.engineeringnews.co.za/article/sibanye-to-be-included-in-ftsejse-top-40-index-2016-09-07,https://engineeringnews.co.za/article/sibanye-to-be-included-in-ftsejse-top-40-index-2016-09-07,2016,secondary_keyword_only_review
Engineering News,https://www.engineeringnews.co.za/article/sibanye-to-buy-back-up-to-5-of-its-shares-2021-06-01,https://engineeringnews.co.za/article/sibanye-to-buy-back-up-to-5-of-its-shares-2021-06-01,2021,secondary_keyword_only_review
Engineering News,https://www.engineeringnews.co.za/article/sibanye-to-complete-compulsory-acquisition-of-new-century-shares-2023-05-02,https://engineeringnews.co.za/article/sibanye-to-complete-compulsory-acquisition-of-new-century-shares-2023-05-02,2023,secondary_keyword_only_review
Engineering News,https://www.engineeringnews.co.za/article/sibanye-to-consult-labour-on-the-future-of-its-kloof-4-shaft-2023-09-14,https://engineeringnews.co.za/article/sibanye-to-consult-labour-on-the-future-of-its-kloof-4-shaft-2023-09-14,2023,secondary_keyword_only_review
Engineering News,https://www.engineeringnews.co.za/article/sibanye-to-cut-about-300-jobs-at-us-pgm-operations-2023-11-29,https://engineeringnews.co.za/article/sibanye-to-cut-about-300-jobs-at-us-pgm-operations-2023-11-29,2023,secondary_keyword_only_review
Engineering News,https://www.engineeringnews.co.za/article/sibanye-to-embark-on-refinery-construction-after-upping-stake-in-finnish-lithium-project-to-85-in-october-2022-12-16,https://engineeringnews.co.za/article/sibanye-to-embark-on-refinery-construction-after-upping-stake-in-finnish-lithium-project-to-85-in-october-2022-12-16,2022,secondary_keyword_only_review
Engineering News,https://www.engineeringnews.co.za/article/sibanye-to-go-ahead-with-wits-gold-buy-out-2014-03-31,https://engineeringnews.co.za/article/sibanye-to-go-ahead-with-wits-gold-buy-out-2014-03-31,2014,secondary_keyword_only_review
Engineering News,https://www.engineeringnews.co.za/article/sibanye-to-go-ahead-with-wits-gold-buy-out-2014-04-11,https://engineeringnews.co.za/article/sibanye-to-go-ahead-with-wits-gold-buy-out-2014-04-11,2014,secondary_keyword_only_review
Engineering News,https://www.engineeringnews.co.za/article/sibanye-to-grow-uranium-output-as-volatile-market-improves-2014-06-13,https://engineeringnews.co.za/article/sibanye-to-grow-uranium-output-as-volatile-market-improves-2014-06-13,2014,secondary_keyword_only_review
Engineering News,https://www.engineeringnews.co.za/article/sibanye-to-lose-9-452-oz-owing-to-power-failure-2013-03-18,https://engineeringnews.co.za/article/sibanye-to-lose-9-452-oz-owing-to-power-failure-2013-03-18,2013,secondary_keyword_only_review
Engineering News,https://www.engineeringnews.co.za/article/sibanye-to-proceed-with-buyout-of-shares-from-holders-of-fewer-than-400-shares-2020-12-11,https://engineeringnews.co.za/article/sibanye-to-proceed-with-buyout-of-shares-from-holders-of-fewer-than-400-shares-2020-12-11,2020,secondary_keyword_only_review
Engineering News,https://www.engineeringnews.co.za/article/sibanye-to-push-burnstone-restart-from-zero-base-2014-06-06,https://engineeringnews.co.za/article/sibanye-to-push-burnstone-restart-from-zero-base-2014-06-06,2014,secondary_keyword_only_review
Engineering News,https://www.engineeringnews.co.za/article/sibanye-to-push-burnstone-restart-from-zero-base-2014-06-11,https://engineeringnews.co.za/article/sibanye-to-push-burnstone-restart-from-zero-base-2014-06-11,2014,secondary_keyword_only_review
Engineering News,https://www.engineeringnews.co.za/article/sibanye-to-raise-stake-in-finland-lithium-firm-keliber-to-80-2022-06-30,https://engineeringnews.co.za/article/sibanye-to-raise-stake-in-finland-lithium-firm-keliber-to-80-2022-06-30,2022,secondary_keyword_only_review
Engineering News,https://www.engineeringnews.co.za/article/sibanye-to-restart-south-african-gold-mines-in-a-phased-manner-2022-06-13,https://engineeringnews.co.za/article/sibanye-to-restart-south-african-gold-mines-in-a-phased-manner-2022-06-13,2022,secondary_keyword_only_review
Engineering News,https://www.engineeringnews.co.za/article/sibanye-to-start-labour-consultations-as-beatrix-4-shaft-kloof-1-plant-face-closure-2022-11-01,https://engineeringnews.co.za/article/sibanye-to-start-labour-consultations-as-beatrix-4-shaft-kloof-1-plant-face-closure-2022-11-01,2022,secondary_keyword_only_review
Engineering News,https://www.engineeringnews.co.za/article/sibanye-to-undertake-1bn-rights-offering-to-repay-part-of-stillwater-acquisition-loan-2017-05-11,https://engineeringnews.co.za/article/sibanye-to-undertake-1bn-rights-offering-to-repay-part-of-stillwater-acquisition-loan-2017-05-11,2017,secondary_keyword_only_review
Engineering News,https://www.engineeringnews.co.za/article/sibanye-turns-killer-gas-into-electricity-at-beatrix-gold-mine-2015-02-06,https://engineeringnews.co.za/article/sibanye-turns-killer-gas-into-electricity-at-beatrix-gold-mine-2015-02-06,2015,secondary_keyword_only_review
Engineering News,https://www.engineeringnews.co.za/article/sibanye-tweaks-agreements-with-amplats-2020-03-17,https://engineeringnews.co.za/article/sibanye-tweaks-agreements-with-amplats-2020-03-17,2020,secondary_keyword_only_review
Engineering News,https://www.engineeringnews.co.za/article/sibanye-tying-up-new-century-strings-2023-03-30,https://engineeringnews.co.za/article/sibanye-tying-up-new-century-strings-2023-03-30,2023,secondary_keyword_only_review
Engineering News,https://www.engineeringnews.co.za/article/sibanye-unions-establish-picketing-rules-in-south-african-gold-wage-negotiation-process-2021-12-14,https://engineeringnews.co.za/article/sibanye-unions-establish-picketing-rules-in-south-african-gold-wage-negotiation-process-2021-12-14,2021,secondary_keyword_only_review
Engineering News,https://www.engineeringnews.co.za/article/sibanye-unions-still-unable-to-agree-on-gold-wage-increases-2021-11-24,https://engineeringnews.co.za/article/sibanye-unions-still-unable-to-agree-on-gold-wage-increases-2021-11-24,2021,secondary_keyword_only_review
Engineering News,https://www.engineeringnews.co.za/article/sibanye-updates-h1-earnings-outlook-2016-08-19,https://engineeringnews.co.za/article/sibanye-updates-h1-earnings-outlook-2016-08-19,2016,secondary_keyword_only_review
Engineering News,https://www.engineeringnews.co.za/article/sibanye-ups-2014-production-guidance-2014-06-04,https://engineeringnews.co.za/article/sibanye-ups-2014-production-guidance-2014-06-04,2014,secondary_keyword_only_review
Engineering News,https://www.engineeringnews.co.za/article/sibanye-ups-q1-gold-output-11-awaits-ruling-on-strike-2014-04-24,https://engineeringnews.co.za/article/sibanye-ups-q1-gold-output-11-awaits-ruling-on-strike-2014-04-24,2014,secondary_keyword_only_review
Engineering News,https://www.engineeringnews.co.za/article/sibanye-ups-shareholding-in-keliber-to-nearly-85-2022-10-03,https://engineeringnews.co.za/article/sibanye-ups-shareholding-in-keliber-to-nearly-85-2022-10-03,2022,secondary_keyword_only_review
Engineering News,https://www.engineeringnews.co.za/article/sibanye-ups-yearly-guidance-as-q3-performance-improves-2013-10-31,https://engineeringnews.co.za/article/sibanye-ups-yearly-guidance-as-q3-performance-improves-2013-10-31,2013,secondary_keyword_only_review
Engineering News,https://www.engineeringnews.co.za/article/sibanye-warns-of-lower-activity-from-blitz-mine-2020-03-23,https://engineeringnews.co.za/article/sibanye-warns-of-lower-activity-from-blitz-mine-2020-03-23,2020,secondary_keyword_only_review
Engineering News,https://www.engineeringnews.co.za/article/sibanye-wins-four-nsa-awards-2017-04-07,https://engineeringnews.co.za/article/sibanye-wins-four-nsa-awards-2017-04-07,2017,secondary_keyword_only_review
Engineering News,https://www.engineeringnews.co.za/article/sibanye-wins-us-thumbs-up-for-stillwater-acquisition-2017-04-18,https://engineeringnews.co.za/article/sibanye-wins-us-thumbs-up-for-stillwater-acquisition-2017-04-18,2017,secondary_keyword_only_review
Engineering News,https://www.engineeringnews.co.za/article/sibanye-wins-us-thumbs-up-for-stillwater-acquisition-2017-04-28,https://engineeringnews.co.za/article/sibanye-wins-us-thumbs-up-for-stillwater-acquisition-2017-04-28,2017,secondary_keyword_only_review
Engineering News,https://www.engineeringnews.co.za/article/sibanye-wits-collaborate-to-make-face-shields-2020-08-21,https://engineeringnews.co.za/article/sibanye-wits-collaborate-to-make-face-shields-2020-08-21,2020,secondary_keyword_only_review
Engineering News,https://www.engineeringnews.co.za/article/sibanye-works-to-rescue-two-trapped-workers-at-kloof-mine-2018-02-07,https://engineeringnews.co.za/article/sibanye-works-to-rescue-two-trapped-workers-at-kloof-mine-2018-02-07,2018,secondary_keyword_only_review
Engineering News,https://www.engineeringnews.co.za/article/sibanye-works-to-win-hearts-of-workers-with-care-programme-2014-07-03,https://engineeringnews.co.za/article/sibanye-works-to-win-hearts-of-workers-with-care-programme-2014-07-03,2014,secondary_keyword_only_review
Engineering News,https://www.engineeringnews.co.za/article/sibanye-writes-open-letter-to-amcu-amid-violent-strike-at-its-gold-operations-2018-12-05,https://engineeringnews.co.za/article/sibanye-writes-open-letter-to-amcu-amid-violent-strike-at-its-gold-operations-2018-12-05,2018,secondary_keyword_only_review
Engineering News,https://www.engineeringnews.co.za/article/sibanyes-all-shareholder-approach-2016-08-02,https://engineeringnews.co.za/article/sibanyes-all-shareholder-approach-2016-08-02,2016,secondary_keyword_only_review
Engineering News,https://www.engineeringnews.co.za/article/sibanyes-earnings-skyrocketing-2016-11-04,https://engineeringnews.co.za/article/sibanyes-earnings-skyrocketing-2016-11-04,2016,secondary_keyword_only_review
Engineering News,https://www.engineeringnews.co.za/article/sibanyes-first-quarter-gold-production-falls-on-strike-impact-2019-04-09,https://engineeringnews.co.za/article/sibanyes-first-quarter-gold-production-falls-on-strike-impact-2019-04-09,2019,secondary_keyword_only_review
Engineering News,https://www.engineeringnews.co.za/article/sibanyes-froneman-appointed-chair-drdgolds-pretorius-as-director-of-the-wgc-2023-10-04,https://engineeringnews.co.za/article/sibanyes-froneman-appointed-chair-drdgolds-pretorius-as-director-of-the-wgc-2023-10-04,2023,secondary_keyword_only_review
Engineering News,https://www.engineeringnews.co.za/article/sibanyes-gold-operations-achieve-safety-milestone-2020-01-27,https://engineeringnews.co.za/article/sibanyes-gold-operations-achieve-safety-milestone-2020-01-27,2020,secondary_keyword_only_review
Engineering News,https://www.engineeringnews.co.za/article/sibanyes-gold-operations-offset-impact-of-lower-pgm-prices-2023-08-29,https://engineeringnews.co.za/article/sibanyes-gold-operations-offset-impact-of-lower-pgm-prices-2023-08-29,2023,secondary_keyword_only_review
Engineering News,https://www.engineeringnews.co.za/article/sibanyes-interim-earnings-boosted-by-higher-prices-weaker-dollar-2020-08-14,https://engineeringnews.co.za/article/sibanyes-interim-earnings-boosted-by-higher-prices-weaker-dollar-2020-08-14,2020,secondary_keyword_only_review
Engineering News,https://www.engineeringnews.co.za/article/sibanyes-jse-listed-shares-rise-on-upbeat-trading-update-2020-02-14,https://engineeringnews.co.za/article/sibanyes-jse-listed-shares-rise-on-upbeat-trading-update-2020-02-14,2020,secondary_keyword_only_review
Engineering News,https://www.engineeringnews.co.za/article/sibanyes-jse-shares-fall-as-it-warns-of-drop-in-earnings-2023-02-21,https://engineeringnews.co.za/article/sibanyes-jse-shares-fall-as-it-warns-of-drop-in-earnings-2023-02-21,2023,secondary_keyword_only_review
Engineering News,https://www.engineeringnews.co.za/article/sibanyes-performance-pleasing-despite-gold-downturn-moloko-2013-05-13,https://engineeringnews.co.za/article/sibanyes-performance-pleasing-despite-gold-downturn-moloko-2013-05-13,2013,secondary_keyword_only_review
Engineering News,https://www.engineeringnews.co.za/article/sibanyes-performance-pleasing-despite-gold-downturn-moloko-2013-05-24,https://engineeringnews.co.za/article/sibanyes-performance-pleasing-despite-gold-downturn-moloko-2013-05-24,2013,secondary_keyword_only_review
Engineering News,https://www.engineeringnews.co.za/article/sibanyes-platinum-asset-acquisitions-nearing-completion-2015-11-30,https://engineeringnews.co.za/article/sibanyes-platinum-asset-acquisitions-nearing-completion-2015-11-30,2015,secondary_keyword_only_review
Engineering News,https://www.engineeringnews.co.za/article/sibanyes-q1-gold-production-falls-on-strike-impact-2019-04-19,https://engineeringnews.co.za/article/sibanyes-q1-gold-production-falls-on-strike-impact-2019-04-19,2019,secondary_keyword_only_review
Engineering News,https://www.engineeringnews.co.za/article/sibanyes-r15m-investment-aims-to-unlock-benefits-of-4th-industrial-revolution-for-mining-2017-08-10,https://engineeringnews.co.za/article/sibanyes-r15m-investment-aims-to-unlock-benefits-of-4th-industrial-revolution-for-mining-2017-08-10,2017,secondary_keyword_only_review
Engineering News,https://www.engineeringnews.co.za/article/sibanyes-reports-shaft-infrastructure-damage-at-stillwater-west-mine-2023-03-13,https://engineeringnews.co.za/article/sibanyes-reports-shaft-infrastructure-damage-at-stillwater-west-mine-2023-03-13,2023,secondary_keyword_only_review
Engineering News,https://www.engineeringnews.co.za/article/sibanyes-safety-performance-improves-as-initiatives-continue-2019-08-30,https://engineeringnews.co.za/article/sibanyes-safety-performance-improves-as-initiatives-continue-2019-08-30,2019,secondary_keyword_only_review
Engineering News,https://www.engineeringnews.co.za/article/sibanyes-safety-performance-improves-as-initiatives-continue-2019-09-13,https://engineeringnews.co.za/article/sibanyes-safety-performance-improves-as-initiatives-continue-2019-09-13,2019,secondary_keyword_only_review
Engineering News,https://www.engineeringnews.co.za/article/sibanyes-south-african-pgms-output-falls-on-power-curtailments-copper-cable-theft-2022-11-03,https://engineeringnews.co.za/article/sibanyes-south-african-pgms-output-falls-on-power-curtailments-copper-cable-theft-2022-11-03,2022,secondary_keyword_only_review
Engineering News,https://www.engineeringnews.co.za/article/sibanyes-stillwater-acquisition-progresses-as-it-mulls-hiking-equity-component-to-13bn-2017-02-03,https://engineeringnews.co.za/article/sibanyes-stillwater-acquisition-progresses-as-it-mulls-hiking-equity-component-to-13bn-2017-02-03,2017,secondary_keyword_only_review
Engineering News,https://www.engineeringnews.co.za/article/sibanyes-stillwater-buy-wins-strong-shareholder-support-2017-04-25,https://engineeringnews.co.za/article/sibanyes-stillwater-buy-wins-strong-shareholder-support-2017-04-25,2017,secondary_keyword_only_review
Engineering News,https://www.engineeringnews.co.za/article/sibanyes-stillwater-deal-to-come-under-april-25-spotlight-2017-03-20,https://engineeringnews.co.za/article/sibanyes-stillwater-deal-to-come-under-april-25-spotlight-2017-03-20,2017,secondary_keyword_only_review
Engineering News,https://www.engineeringnews.co.za/article/sibanyes-stillwater-deal-to-come-under-april-25-spotlight-2017-03-31,https://engineeringnews.co.za/article/sibanyes-stillwater-deal-to-come-under-april-25-spotlight-2017-03-31,2017,secondary_keyword_only_review
Engineering News,https://www.engineeringnews.co.za/article/sibanyes-stillwater-mine-suspended-for-4-6-weeks-2022-06-24,https://engineeringnews.co.za/article/sibanyes-stillwater-mine-suspended-for-4-6-weeks-2022-06-24,2022,secondary_keyword_only_review
Engineering News,https://www.engineeringnews.co.za/article/sibanyes-stillwater-platinum-deal-edges-forward-2017-01-19,https://engineeringnews.co.za/article/sibanyes-stillwater-platinum-deal-edges-forward-2017-01-19,2017,secondary_keyword_only_review
Engineering News,https://www.engineeringnews.co.za/article/sibanyes-stillwater-platinum-deal-edges-forward-2017-01-27,https://engineeringnews.co.za/article/sibanyes-stillwater-platinum-deal-edges-forward-2017-01-27,2017,secondary_keyword_only_review
Engineering News,https://www.engineeringnews.co.za/article/sibanyes-stillwater-platinum-deal-runs-deep-2016-12-09,https://engineeringnews.co.za/article/sibanyes-stillwater-platinum-deal-runs-deep-2016-12-09,2016,secondary_keyword_only_review
Engineering News,https://www.engineeringnews.co.za/article/sibanyestops-south-africa-gold-mining-operations-as-strike-begins-2022-03-10,https://engineeringnews.co.za/article/sibanyestops-south-africa-gold-mining-operations-as-strike-begins-2022-03-10,2022,secondary_keyword_only_review
Engineering News,https://www.engineeringnews.co.za/article/silver-is-smart-metal-that-fits-sibanye-stillwaters-green-space-froneman-2021-03-31,https://engineeringnews.co.za/article/silver-is-smart-metal-that-fits-sibanye-stillwaters-green-space-froneman-2021-03-31,2021,secondary_keyword_only_review
Engineering News,https://www.engineeringnews.co.za/article/simplification-of-wul-applications-key-sibanye-2017-08-18,https://engineeringnews.co.za/article/simplification-of-wul-applications-key-sibanye-2017-08-18,2017,secondary_keyword_only_review
Engineering News,https://www.engineeringnews.co.za/article/solidarity-accepts-sibanyes-final-wage-offer-2022-03-02,https://engineeringnews.co.za/article/solidarity-accepts-sibanyes-final-wage-offer-2022-03-02,2022,secondary_keyword_only_review
Engineering News,https://www.engineeringnews.co.za/article/solidarity-calls-for-action-after-illegal-miners-allegedly-kill-sibanye-stillwater-employee-2022-06-07,https://engineeringnews.co.za/article/solidarity-calls-for-action-after-illegal-miners-allegedly-kill-sibanye-stillwater-employee-2022-06-07,2022,secondary_keyword_only_review
Engineering News,https://www.engineeringnews.co.za/article/solidarity-meets-sibanye-over-amcus-wage-deal-2016-04-18,https://engineeringnews.co.za/article/solidarity-meets-sibanye-over-amcus-wage-deal-2016-04-18,2016,secondary_keyword_only_review
Engineering News,https://www.engineeringnews.co.za/article/solidarity-num-sign-agreements-with-sibanye-to-soften-job-cuts-2014-11-13,https://engineeringnews.co.za/article/solidarity-num-sign-agreements-with-sibanye-to-soften-job-cuts-2014-11-13,2014,secondary_keyword_only_review
Engineering News,https://www.engineeringnews.co.za/article/solidarity-says-to-meet-with-sibanye-management-on-retrenchments-2013-04-09,https://engineeringnews.co.za/article/solidarity-says-to-meet-with-sibanye-management-on-retrenchments-2013-04-09,2013,secondary_keyword_only_review
Engineering News,https://www.engineeringnews.co.za/article/solidarity-seeks-urgent-interdict-against-sibanye-to-block-immoral-lock-out-2022-03-09,https://engineeringnews.co.za/article/solidarity-seeks-urgent-interdict-against-sibanye-to-block-immoral-lock-out-2022-03-09,2022,secondary_keyword_only_review
Engineering News,https://www.engineeringnews.co.za/article/solidarity-suggests-sibanye-should-undergo-business-rescue-2021-12-06,https://engineeringnews.co.za/article/solidarity-suggests-sibanye-should-undergo-business-rescue-2021-12-06,2021,secondary_keyword_only_review
Engineering News,https://www.engineeringnews.co.za/article/solidarity-to-urge-members-to-accept-sibanyes-revised-gold-wage-offer-2022-02-07,https://engineeringnews.co.za/article/solidarity-to-urge-members-to-accept-sibanyes-revised-gold-wage-offer-2022-02-07,2022,secondary_keyword_only_review
Engineering News,https://www.engineeringnews.co.za/article/solidarity-uasa-members-no-longer-subject-to-lockout-at-sibanyes-gold-mines-2022-03-14,https://engineeringnews.co.za/article/solidarity-uasa-members-no-longer-subject-to-lockout-at-sibanyes-gold-mines-2022-03-14,2022,secondary_keyword_only_review
Engineering News,https://www.engineeringnews.co.za/article/south-africa-losing-out-on-billions-of-rands-sibanye-on-millions-owing-to-illegal-mining-2017-07-29,https://engineeringnews.co.za/article/south-africa-losing-out-on-billions-of-rands-sibanye-on-millions-owing-to-illegal-mining-2017-07-29,2017,secondary_keyword_only_review
Engineering News,https://www.engineeringnews.co.za/article/south-african-court-blocks-mine-union-amcu-plans-for-industry-wide-strike-2019-03-15,https://engineeringnews.co.za/article/south-african-court-blocks-mine-union-amcu-plans-for-industry-wide-strike-2019-03-15,2019,secondary_keyword_only_review
Engineering News,https://www.engineeringnews.co.za/article/south-african-government-says-it-intends-to-de-register-amcu-union-2019-04-24,https://engineeringnews.co.za/article/south-african-government-says-it-intends-to-de-register-amcu-union-2019-04-24,2019,secondary_keyword_only_review
Engineering News,https://www.engineeringnews.co.za/article/south-african-government-says-it-intends-to-deregister-amcu-2019-04-24,https://engineeringnews.co.za/article/south-african-government-says-it-intends-to-deregister-amcu-2019-04-24,2019,secondary_keyword_only_review
Engineering News,https://www.engineeringnews.co.za/article/sp-revises-outlook-to-positive-for-sibanye-stillwater-2021-05-31,https://engineeringnews.co.za/article/sp-revises-outlook-to-positive-for-sibanye-stillwater-2021-05-31,2021,secondary_keyword_only_review
Engineering News,https://www.engineeringnews.co.za/article/sp-revises-sibanyes-outlook-to-negative-owing-to-liquidity-concerns-2019-06-14,https://engineeringnews.co.za/article/sp-revises-sibanyes-outlook-to-negative-owing-to-liquidity-concerns-2019-06-14,2019,secondary_keyword_only_review
Engineering News,https://www.engineeringnews.co.za/article/stillwater-deal-advances-as-sibanye-grasps-26bn-bridge-finance-nettle-2017-02-13,https://engineeringnews.co.za/article/stillwater-deal-advances-as-sibanye-grasps-26bn-bridge-finance-nettle-2017-02-13,2017,secondary_keyword_only_review
Engineering News,https://www.engineeringnews.co.za/article/strike-hit-but-upbeat-sibanye-confident-of-value-uplift-as-precious-metals-shine-2019-02-21,https://engineeringnews.co.za/article/strike-hit-but-upbeat-sibanye-confident-of-value-uplift-as-precious-metals-shine-2019-02-21,2019,secondary_keyword_only_review
Engineering News,https://www.engineeringnews.co.za/article/striking-workers-losing-2-years-of-increase-value-as-strike-intensifies-says-sibanye-2022-04-13,https://engineeringnews.co.za/article/striking-workers-losing-2-years-of-increase-value-as-strike-intensifies-says-sibanye-2022-04-13,2022,secondary_keyword_only_review
Engineering News,https://www.engineeringnews.co.za/article/strong-platinum-leadership-needed-sibanye-2016-05-13,https://engineeringnews.co.za/article/strong-platinum-leadership-needed-sibanye-2016-05-13,2016,secondary_keyword_only_review
Engineering News,https://www.engineeringnews.co.za/article/struggle-continues-amcu-2014-03-18,https://engineeringnews.co.za/article/struggle-continues-amcu-2014-03-18,2014,secondary_keyword_only_review
Engineering News,https://www.engineeringnews.co.za/article/substituting-rhodium-with-palladium-next-says-sibanye-stillwater-2021-03-25,https://engineeringnews.co.za/article/substituting-rhodium-with-palladium-next-says-sibanye-stillwater-2021-03-25,2021,secondary_keyword_only_review
Engineering News,https://www.engineeringnews.co.za/article/successful-sibanye-refinancing-demonstrates-local-and-global-finance-partnership-opportunities-2014-05-26,https://engineeringnews.co.za/article/successful-sibanye-refinancing-demonstrates-local-and-global-finance-partnership-opportunities-2014-05-26,2014,secondary_keyword_only_review
Engineering News,https://www.engineeringnews.co.za/article/talbot-and-sibanye-stillwaters-kloof-mine-another-step-closer-to-water-independence-2023-08-17,https://engineeringnews.co.za/article/talbot-and-sibanye-stillwaters-kloof-mine-another-step-closer-to-water-independence-2023-08-17,2023,secondary_keyword_only_review
Engineering News,https://www.engineeringnews.co.za/article/tenova-awarded-sibanye-tailings-retreatment-dfs-contract-2014-07-15,https://engineeringnews.co.za/article/tenova-awarded-sibanye-tailings-retreatment-dfs-contract-2014-07-15,2014,secondary_keyword_only_review
Engineering News,https://www.engineeringnews.co.za/article/tenova-awarded-sibanye-tailings-retreatment-dfs-contract-2014-07-25,https://engineeringnews.co.za/article/tenova-awarded-sibanye-tailings-retreatment-dfs-contract-2014-07-25,2014,secondary_keyword_only_review
Engineering News,https://www.engineeringnews.co.za/article/tharisa-amcu-agree-to-two-year-wage-deal-2018-11-27,https://engineeringnews.co.za/article/tharisa-amcu-agree-to-two-year-wage-deal-2018-11-27,2018,secondary_keyword_only_review
Engineering News,https://www.engineeringnews.co.za/article/third-amcu-strike-will-lift-number-of-striking-workers-to-80-000-union-2014-01-20,https://engineeringnews.co.za/article/third-amcu-strike-will-lift-number-of-striking-workers-to-80-000-union-2014-01-20,2014,secondary_keyword_only_review
Engineering News,https://www.engineeringnews.co.za/article/third-quarter-sibanye-stillwater-operating-profit-up-41-2017-10-26,https://engineeringnews.co.za/article/third-quarter-sibanye-stillwater-operating-profit-up-41-2017-10-26,2017,secondary_keyword_only_review
Engineering News,https://www.engineeringnews.co.za/article/third-quarter-sibanye-stillwater-operating-profit-up-41-2017-11-03,https://engineeringnews.co.za/article/third-quarter-sibanye-stillwater-operating-profit-up-41-2017-11-03,2017,secondary_keyword_only_review
Engineering News,https://www.engineeringnews.co.za/article/this-cannot-continue-says-amcu-after-another-fatality-at-sibanye-stillwater-2019-10-14,https://engineeringnews.co.za/article/this-cannot-continue-says-amcu-after-another-fatality-at-sibanye-stillwater-2019-10-14,2019,secondary_keyword_only_review
Engineering News,https://www.engineeringnews.co.za/article/threat-of-deregistration-motivated-by-state-captured-by-white-monopoly-capital-says-amcu-2019-04-26,https://engineeringnews.co.za/article/threat-of-deregistration-motivated-by-state-captured-by-white-monopoly-capital-says-amcu-2019-04-26,2019,secondary_keyword_only_review
Engineering News,https://www.engineeringnews.co.za/article/three-miners-killed-in-accident-at-sibanye-gold-mine-2018-06-11,https://engineeringnews.co.za/article/three-miners-killed-in-accident-at-sibanye-gold-mine-2018-06-11,2018,secondary_keyword_only_review
Engineering News,https://www.engineeringnews.co.za/article/trapped-miner-rescued-at-sibanyes-cooke-1-shaft-2016-02-03,https://engineeringnews.co.za/article/trapped-miner-rescued-at-sibanyes-cooke-1-shaft-2016-02-03,2016,secondary_keyword_only_review
Engineering News,https://www.engineeringnews.co.za/article/trapped-miners-at-south-africas-sibanye-stillwater-gold-mine-brought-to-surface-2018-02-02,https://engineeringnews.co.za/article/trapped-miners-at-south-africas-sibanye-stillwater-gold-mine-brought-to-surface-2018-02-02,2018,secondary_keyword_only_review
Engineering News,https://www.engineeringnews.co.za/article/ug2-outperfoms-as-sibanye-stillwater-positions-for-new-world--2019-02-21,https://engineeringnews.co.za/article/ug2-outperfoms-as-sibanye-stillwater-positions-for-new-world--2019-02-21,2019,secondary_keyword_only_review
Engineering News,https://www.engineeringnews.co.za/article/ug2-outperforms-as-sibanye-positions-for-new-world--2019-03-01,https://engineeringnews.co.za/article/ug2-outperforms-as-sibanye-positions-for-new-world--2019-03-01,2019,secondary_keyword_only_review
Engineering News,https://www.engineeringnews.co.za/article/union-membership-verification-at-sibanyes-gold-operations-suspended-2019-01-16,https://engineeringnews.co.za/article/union-membership-verification-at-sibanyes-gold-operations-suspended-2019-01-16,2019,secondary_keyword_only_review
Engineering News,https://www.engineeringnews.co.za/article/union-membership-verification-at-sibanyes-gold-operations-suspended-2019-01-16-1,https://engineeringnews.co.za/article/union-membership-verification-at-sibanyes-gold-operations-suspended-2019-01-16-1,2019,secondary_keyword_only_review
Engineering News,https://www.engineeringnews.co.za/article/union-reports-fatalities-at-sibanyes-beatrix-mine-2020-10-02,https://engineeringnews.co.za/article/union-reports-fatalities-at-sibanyes-beatrix-mine-2020-10-02,2020,secondary_keyword_only_review
Engineering News,https://www.engineeringnews.co.za/article/unions-disappointed-with-concessions-made-by-sibanye-2016-04-08,https://engineeringnews.co.za/article/unions-disappointed-with-concessions-made-by-sibanye-2016-04-08,2016,secondary_keyword_only_review
Engineering News,https://www.engineeringnews.co.za/article/unions-sasol-mining-ink-wage-deal-amcu-members-go-on-strike-2016-11-10,https://engineeringnews.co.za/article/unions-sasol-mining-ink-wage-deal-amcu-members-go-on-strike-2016-11-10,2016,secondary_keyword_only_review
Engineering News,https://www.engineeringnews.co.za/article/unions-slate-amplats-state-for-legal-attacks-on-amcu-2014-02-19,https://engineeringnews.co.za/article/unions-slate-amplats-state-for-legal-attacks-on-amcu-2014-02-19,2014,secondary_keyword_only_review
Engineering News,https://www.engineeringnews.co.za/article/unions-team-up-in-wage-increase-dispute-with-sibanye-in-the-gold-sector-2021-10-01,https://engineeringnews.co.za/article/unions-team-up-in-wage-increase-dispute-with-sibanye-in-the-gold-sector-2021-10-01,2021,secondary_keyword_only_review
Engineering News,https://www.engineeringnews.co.za/article/unions-to-hold-mass-meeting-to-update-workers-on-sibanye-wage-negotiations-2022-02-11,https://engineeringnews.co.za/article/unions-to-hold-mass-meeting-to-update-workers-on-sibanye-wage-negotiations-2022-02-11,2022,secondary_keyword_only_review
Engineering News,https://www.engineeringnews.co.za/article/unnurtured-mining-industry-will-disappear-sibanye-stillwater-2017-08-30,https://engineeringnews.co.za/article/unnurtured-mining-industry-will-disappear-sibanye-stillwater-2017-08-30,2017,secondary_keyword_only_review
Engineering News,https://www.engineeringnews.co.za/article/unnurtured-mining-industry-will-disappear-sibanye-stillwater-2017-08-30-1,https://engineeringnews.co.za/article/unnurtured-mining-industry-will-disappear-sibanye-stillwater-2017-08-30-1,2017,secondary_keyword_only_review
Engineering News,https://www.engineeringnews.co.za/article/unprecedented-flooding-erodes-road-to-sibanyes-stillwater-mine-2022-06-14,https://engineeringnews.co.za/article/unprecedented-flooding-erodes-road-to-sibanyes-stillwater-mine-2022-06-14,2022,secondary_keyword_only_review
Engineering News,https://www.engineeringnews.co.za/article/us-advances-plan-to-protect-flower-near-lithium-project-sibanye-invested-in-2021-10-03,https://engineeringnews.co.za/article/us-advances-plan-to-protect-flower-near-lithium-project-sibanye-invested-in-2021-10-03,2021,secondary_keyword_only_review
Engineering News,https://www.engineeringnews.co.za/article/us-body-extends-review-of-stillwater-acquisition-sibanye-provides-update-on-reserves-2017-03-03,https://engineeringnews.co.za/article/us-body-extends-review-of-stillwater-acquisition-sibanye-provides-update-on-reserves-2017-03-03,2017,secondary_keyword_only_review
Engineering News,https://www.engineeringnews.co.za/article/vast-majority-of-platinum-strikers-wanted-to-work-kweyama-2014-08-22,https://engineeringnews.co.za/article/vast-majority-of-platinum-strikers-wanted-to-work-kweyama-2014-08-22,2014,secondary_keyword_only_review
Engineering News,https://www.engineeringnews.co.za/article/very-proudly-south-african-sibanye-stillwater-set-to-take-on-world-froneman-2020-02-19,https://engineeringnews.co.za/article/very-proudly-south-african-sibanye-stillwater-set-to-take-on-world-froneman-2020-02-19,2020,secondary_keyword_only_review
Engineering News,https://www.engineeringnews.co.za/article/violence-erupts-as-sibanye-workers-strike-at-cooke-2017-06-09,https://engineeringnews.co.za/article/violence-erupts-as-sibanye-workers-strike-at-cooke-2017-06-09,2017,secondary_keyword_only_review
Engineering News,https://www.engineeringnews.co.za/article/vw-debacle-unlikely-to-hit-platinum-demand-hard-sibanye-2015-10-07,https://engineeringnews.co.za/article/vw-debacle-unlikely-to-hit-platinum-demand-hard-sibanye-2015-10-07,2015,secondary_keyword_only_review
Engineering News,https://www.engineeringnews.co.za/article/vw-debacle-unlikely-to-hit-platinum-hard-sibanye-2015-10-16,https://engineeringnews.co.za/article/vw-debacle-unlikely-to-hit-platinum-hard-sibanye-2015-10-16,2015,secondary_keyword_only_review
Engineering News,https://www.engineeringnews.co.za/article/wait-and-see-approach-only-way-to-determine-amcus-future-2014-07-18,https://engineeringnews.co.za/article/wait-and-see-approach-only-way-to-determine-amcus-future-2014-07-18,2014,secondary_keyword_only_review
Engineering News,https://www.engineeringnews.co.za/article/wallbridge-to-operate-sibanyes-loncan-operations-in-canada-2019-10-30,https://engineeringnews.co.za/article/wallbridge-to-operate-sibanyes-loncan-operations-in-canada-2019-10-30,2019,secondary_keyword_only_review
Engineering News,https://www.engineeringnews.co.za/article/wits-gold-secures-future-for-projects-with-sibanye-transaction-2013-12-11,https://engineeringnews.co.za/article/wits-gold-secures-future-for-projects-with-sibanye-transaction-2013-12-11,2013,secondary_keyword_only_review
Engineering News,https://www.engineeringnews.co.za/article/wmi-sibanye-stress-importance-of-innovation-in-a-changing-mining-industry-2022-09-27,https://engineeringnews.co.za/article/wmi-sibanye-stress-importance-of-innovation-in-a-changing-mining-industry-2022-09-27,2022,secondary_keyword_only_review
Engineering News,https://www.engineeringnews.co.za/article/zambia-state-firm-says-zijin-sibanye-interested-in-copper-mine-2023-06-26,https://engineeringnews.co.za/article/zambia-state-firm-says-zijin-sibanye-interested-in-copper-mine-2023-06-26,2023,secondary_keyword_only_review
Engineering News,https://www.engineeringnews.co.za/article/zuma-calls-for-end-to-platinum-strike-2014-05-02,https://engineeringnews.co.za/article/zuma-calls-for-end-to-platinum-strike-2014-05-02,2014,secondary_keyword_only_review
