candidate_id,title,year,publisher,metadata_source,source_url,final_url,raw_sha256,text_sha256,text_words
OFFICIAL-001,AMCU Heads of Argument,2014,AMCU,institutional_replacement_candidates,https://www.justice.gov.za/comm-mrk/docs/201411-HoA-AMCU.pdf,https://www.justice.gov.za/comm-mrk/docs/201411-HoA-AMCU.pdf,4f2b5a56bb32eef8f4d49513e3f823eb1df9e71b82480217fec74715afaba116,2329ab8cdbe3f8fa3df7ee773e7e983be5312963fdc8b679bdef89a76073d5e8,57418
OFFICIAL-002,Bapo ba Mogale Heads of Argument,2014,Bapo ba Mogale,institutional_replacement_candidates,https://www.justice.gov.za/comm-mrk/docs/201411-HoA-BapoBaMogale.pdf,https://www.justice.gov.za/comm-mrk/docs/201411-HoA-BapoBaMogale.pdf,f95ee11427c53a93dda576ce51a8ea7ca9e088a20e5a408807aa3c40a2f37bb0,bf91091cb4bf84e25d30f185ba2eb3585778bf3380225d4784d38d5dc3502d81,4217
OFFICIAL-003,DMR-Shabangu Heads of Argument,2014,DMR / Minister Shabangu,institutional_replacement_candidates,https://www.justice.gov.za/comm-mrk/docs/201411-HoA-DMR-Shabangu.pdf,https://www.justice.gov.za/comm-mrk/docs/201411-HoA-DMR-Shabangu.pdf,2113706d2dd3caa2d41289923e5a960b2844042c990cedc78b8e057672d17f2c,5288dfb49d45a8f549d5229874e443544b52b896cbe321e8d1b7863392bdce22,4322
OFFICIAL-004,Heads of Argument of Evidence Leaders,2014,Evidence Leaders,institutional_replacement_candidates,https://www.justice.gov.za/comm-mrk/docs/201411-HoA-EvidenceLeaders.pdf,https://www.justice.gov.za/comm-mrk/docs/201411-HoA-EvidenceLeaders.pdf,a278e432d0c7e22d539d92e89710f6a5487653f084de5620bea9062ea30f893d,f4ce0be5d9baf3db8d7d074b677d63407395ef7b7bdc5299da78d6cbd1e34796,169497
OFFICIAL-005,Heads of Argument on behalf of Families,2014,Families,institutional_replacement_candidates,https://www.justice.gov.za/comm-mrk/docs/201411-HoA-Families.pdf,https://www.justice.gov.za/comm-mrk/docs/201411-HoA-Families.pdf,10cee97065638472c3bde3dbf49acb2385a68a908d57b5d7a9c9bef4bc5568a4,97197fa8184c836d151d3fbd7b4a1ab98de9f6d2e3c2f1ad892a10be1a866b60,76233
OFFICIAL-006,Heads of Argument of Injured and Arrested Persons,2014,Injured and Arrested Persons,institutional_replacement_candidates,https://www.justice.gov.za/comm-mrk/docs/201411-HoA-InjuredArrested.pdf,https://www.justice.gov.za/comm-mrk/docs/201411-HoA-InjuredArrested.pdf,432dd7ab85996f0c5a091e61a2e1e0fcb2352c2f886a814e9f005fb956c4b8a0,356f1855cd0637e8952cc67ecdc60abc4b4d9c4f5a4c2cab6c9f67b8f1af8574,73475
OFFICIAL-007,Lonmin Heads of Argument,2014,Lonmin,institutional_replacement_candidates,https://www.justice.gov.za/comm-mrk/docs/201411-HoA-Lonmin.pdf,https://www.justice.gov.za/comm-mrk/docs/201411-HoA-Lonmin.pdf,c4f2c87596610a942adf5ac339aef291b5e8e3c75372ff95e61ff01af3b14cb4,5c1f24061040aecc1558bba8d8970a60f48a6f7dcafe4ce43a04a2f74a457973,45505
OFFICIAL-008,Heads of Argument of the Legal Resources Centre (Phase 1) on behalf of the Ledingoane Family and Bench Marks Foundation,2014,Bench Marks Foundation / Ledingoane Family (represented by Legal Resources Centre),institutional_replacement_candidates,https://www.justice.gov.za/comm-mrk/docs/201411-HoA-LRC.pdf,https://www.justice.gov.za/comm-mrk/docs/201411-HoA-LRC.pdf,a2a3e9661ff56739109e52b44d1c03cdee28a2c5d4a5e6c0dfe4d3e1243d2545,a649b91c5e35c9cfc39e86fd53c0a163fe971bc0f937ee9ab30b37911d9bbb8f,69796
OFFICIAL-009,Mthethwa Heads of Argument,2014,Nathi Mthethwa,institutional_replacement_candidates,https://www.justice.gov.za/comm-mrk/docs/201411-HoA-Mthethwa.pdf,https://www.justice.gov.za/comm-mrk/docs/201411-HoA-Mthethwa.pdf,3a5b1dd209b8d180ed94f99085c9d03b23064dabbf6a41856ffde9697ef06cec,892f98b329784669fab509bbb8e55f1e9689245c0fe10bd136794bf3a7080589,6365
OFFICIAL-010,NUM & Mrs Fundi Heads of Argument,2014,NUM and Mrs Fundi,institutional_replacement_candidates,https://www.justice.gov.za/comm-mrk/docs/201411-HoA-NUM-MrsFundi.pdf,https://www.justice.gov.za/comm-mrk/docs/201411-HoA-NUM-MrsFundi.pdf,2e4ec90d5f431c7f457a1016c189e0d01f377b5de27971fd57c16540ef033984,3fdc8bf2a63f46b2df2e4212f34f53a78de15400010c50235f7f6284855cf532,43558
OFFICIAL-011,Ramaphosa Heads of Argument,2014,Cyril Ramaphosa,institutional_replacement_candidates,https://www.justice.gov.za/comm-mrk/docs/201411-HoA-Ramaphosa.pdf,https://www.justice.gov.za/comm-mrk/docs/201411-HoA-Ramaphosa.pdf,3ef8af1f25f3408d100e257fcc89e47e00be9b4af7e484c3e709f2e5c5893745,ab7a93971c586d66ee5da7a6c867d195ffbd0917fc9b5447d789395177580feb,16541
OFFICIAL-012,SAHRC Heads of Argument,2014,South African Human Rights Commission,institutional_replacement_candidates,https://www.justice.gov.za/comm-mrk/docs/201411-HoA-SAHRC.pdf,https://www.justice.gov.za/comm-mrk/docs/201411-HoA-SAHRC.pdf,34ceabb20c67c27db1464179ea8be21bf8fe520e019b6cc43af3ab95be37d458,6bdf5798adaa8e731758f3498481812084e324086335a3b606ec3e17c364d6d6,174810
OFFICIAL-013,SAPS Heads of Argument,2014,South African Police Service,institutional_replacement_candidates,https://www.justice.gov.za/comm-mrk/docs/201411-HoA-SAPS.pdf,https://www.justice.gov.za/comm-mrk/docs/201411-HoA-SAPS.pdf,9401038ee48a2c514e7c90494a834eb393ecda9a12a50158201af4623a4efa9f,a7b4478bacea28047be412d4fc4f21ff7805f53ecb495d4f70e8e656063dfe18,57831
INST-001,Marikana Commission of Inquiry: Report on matters of public national and international concern arising out of tragic incidents at Lonmin Mine in Marikana,2015,South African Human Rights Commission mirror of official Farlam report,source_overrides,https://www.sahrc.org.za/home/21/files/marikana-report-1.pdf,https://sahrc.org.za/home/21/files/marikana-report-1.pdf,6dc14bc3df9126bb337c42af38eab6efb3f598521a80ab51265bff71ad6de66c,163a99e15ce37d18416ec8c0240fbd9d2295b43369d59437a4481394241b391d,153495
INST-002,Policy Gap 6: A Review of Platinum Mining in the Bojanala District of the North West Province,2012,Bench Marks Foundation,retrieval_manifest,https://www.bench-marks.org.za/wp-content/uploads/2021/02/rustenburg_review_policy_gap_final_aug_2012.pdf,https://www.bench-marks.org.za/wp-content/uploads/2021/02/rustenburg_review_policy_gap_final_aug_2012.pdf,251a4f08358bf84872fbd216832e8f2c13582629254e594fe4825880a6869ade,11211d480bd110f3ad9a047f1571a99f6af3aa7929786c2fa79123f56b604079,51202
INST-005,Statement on behalf of the deceased miners' families represented before the Marikana Commission of Inquiry,2013,Socio-Economic Rights Institute of South Africa,retrieval_manifest,https://justice.gov.za/comm-mrk/exhibits/Exhibit-FFF-26.pdf,https://justice.gov.za/comm-mrk/exhibits/Exhibit-FFF-26.pdf,a7dc18f133703008c2714a215f68fa105efe5c971a954c7242d15707b840b095,202893e33c78b34d58da9f4c3629db2c8d187835c2ed2238dd883f94618e1f31,267
INST-003,Zero Hour: Poor Governance of Mining and the Violation of Environmental Rights in South Africa,2016,Centre for Environmental Rights,retrieval_manifest,https://cer.org.za/wp-content/uploads/2016/06/Zero-Hour-May-2016.pdf,https://cer.org.za/wp-content/uploads/2016/06/Zero-Hour-May-2016.pdf,c7ae6ae2b71b3fe1a176659468ec949ea9883f077137c7d69159990677099048,68b068f7bacb9b893de771effd880cdc25feea6c816aa8acffd40ba3d6668482,61984
MEDIA-001,Lonmin killings hurt SA as mining destination,2012,Mining Weekly,retrieval_manifest,https://www.miningweekly.com/article/lonmin-killings-hurt-sa-as-mining-destination-2012-09-10,https://www.miningweekly.com/article/lonmin-killings-hurt-sa-as-mining-destination-2012-09-10,87741867bb2c845bb6a7342767dcc42c949d4d1c594c5830169ef370af3a0cca,2baf16255b351cd39de6f66ea1a78fde9add9c6bdef55dffbc8777ceaa6f1b89,1075
MEDIA-002,Lonmin's killing fields: the inevitable tragic next move,2012,Daily Maverick,retrieval_manifest,https://www.dailymaverick.co.za/article/2012-08-17-lonmins-killing-fields-the-inevitable-tragic-next-move/,https://www.dailymaverick.co.za/article/2012-08-17-lonmins-killing-fields-the-inevitable-tragic-next-move/,73d799f4cb22fff9ba486982121baa9a1902233d7a17df243de26035ca26e0b5,7dd4399a36895df63e383406f6829917b5fc670737d155cd1b39b8b4b3510bb2,1205
MEDIA-003,Lonmin: Malema fans the flames but the victims are still out in the cold,2012,Daily Maverick,retrieval_manifest,https://www.dailymaverick.co.za/article/2012-08-18-lonmin-malema-fans-the-flames-but-the-victims-are-still-out-in-the-cold/,https://www.dailymaverick.co.za/article/2012-08-18-lonmin-malema-fans-the-flames-but-the-victims-are-still-out-in-the-cold/,29d481358517cf7ea1a7249bf88bae88046c7488e79318d59afe6fde4185aabe,ad7f9339bb80d256c291459733ad8888ed53913973663e5086f6adf3947de7b3,2194
MEDIA-004,Marikana: Police torture takes centre stage,2012,Daily Maverick,retrieval_manifest,https://www.dailymaverick.co.za/article/2012-08-28-marikana-police-torture-takes-central-stage/,https://www.dailymaverick.co.za/article/2012-08-28-marikana-police-torture-takes-central-stage/,77be38cafe8f7a7ab4b4cfa3dd352da63c77fe9ec1789d69bfa0664e087e3950,6823488070f8637201f6485e7c1678e0b25fb031012d4de1d46c2e7b658e25b5,1236
MEDIA-005,Marikana eyewitness: He raised his hands they shoot him in the head,2012,Daily Maverick,retrieval_manifest,https://www.dailymaverick.co.za/article/2012-09-06-marikana-eyewitness-he-raised-his-hands-they-shoot-him-in-the-head/,https://www.dailymaverick.co.za/article/2012-09-06-marikana-eyewitness-he-raised-his-hands-they-shoot-him-in-the-head/,b30184fc37450b3fd0eced653c57780c3285a40761488fee136b23142e5aa3da,c7e506a9597340efb24b8c3f7c2dccd1ac0452b37c03debd5fbad90883fdcd30,1165
MEDIA-006,Marikana: Mourning families and their forgotten legal rights,2012,Daily Maverick,retrieval_manifest,https://www.dailymaverick.co.za/article/2012-08-28-marikana-mourning-families-and-their-forgotten-legal-rights/,https://www.dailymaverick.co.za/article/2012-08-28-marikana-mourning-families-and-their-forgotten-legal-rights/,aca92e9a1d079c3f5854aa78fa45c92b3476a5b7bda82dab4b9b8385e9130445,75a60d9c89b60dc5f0cb4300f5c6911e952d005fa07524248f0b4470a5a8e445,1357
MEDIA-007,FIVE MINUTES: SOUTH AFRICA 16 August 2012,2012,Daily Maverick,retrieval_manifest,https://www.dailymaverick.co.za/article/2012-08-16-five-minutes-south-africa-16-august-2012/,https://www.dailymaverick.co.za/article/2012-08-16-five-minutes-south-africa-16-august-2012/,0106c99e4b7df0f259ff91d0cabba1410dbd58852c5919819f25f48e8ee610e8,a28c1b1c9591aadca97f55f17a227a89884c6e9ee63138d81d66e9917291b2c5,1013
MEDIA-008,Lonmin commemorates deceased mineworkers describes massacre as catalyst for change,2013,Mining Weekly,retrieval_manifest,https://www.miningweekly.com/article/lonmin-commemorates-deceased-mineworkers-describes-massacre-as-catalyst-for-change-2013-08-23,https://www.miningweekly.com/article/lonmin-commemorates-deceased-mineworkers-describes-massacre-as-catalyst-for-change-2013-08-23,060bfc9c8ddb4e3c604824c7b3e08e5219f659389d4e38fd9fa898a201d4644f,33df94c4dc071e31a220428290a8e9514abe0fd4d97f5a0a24b1620bb03f2d74,1096
MEDIA-009,Economy failed miners says AMCUs Mathunjwa,2013,Mining Weekly,retrieval_manifest,https://www.miningweekly.com/article/economy-failed-miners-says-amcus-mathunjwa-2013-08-16,https://www.miningweekly.com/article/economy-failed-miners-says-amcus-mathunjwa-2013-08-16,c49ad7c3d933690a2b41b6eaef6b3b54b536f02d41bfedd77336c1f291bf0673,da57ceba1c62254d7a042da0a7c3082c650170d16477a4acfa1159a6f3a7d1ed,614
MEDIA-010,Slain Marikana workers to be remembered,2013,Mining Weekly,retrieval_manifest,https://www.miningweekly.com/article/slain-marikana-workers-to-be-remembered-2013-08-13,https://www.miningweekly.com/article/slain-marikana-workers-to-be-remembered-2013-08-13,f7bf052ca8fc83e331141df7177012a846a69cea2f20480247f5ab67ed7d2e93,4e69553c50d5aebbe2143f6f911833ffe51800b29c392bdf205e7abced504227,840
MEDIA-011,Marikana one year later: the hell above and below ground,2013,Daily Maverick,retrieval_manifest,https://www.dailymaverick.co.za/article/2013-08-16-marikana-one-year-later-the-hell-above-and-below-ground/,https://www.dailymaverick.co.za/article/2013-08-16-marikana-one-year-later-the-hell-above-and-below-ground/,fe32ec5ec52193da9a1a3e6917664eaa7925ab5b4d0d2e11834853f8538c54d0,1a166f5793921ecea06af25411a5c954cb70dbc518fa068cdd77b8a0ec845f12,1744
MEDIA-012,Ramaphosa says negotiation was Marikana panacea,2014,Mining Weekly,retrieval_manifest,https://www.miningweekly.com/article/negotiation-was-marikana-panacea-ramaphosa-2014-08-11,https://www.miningweekly.com/article/negotiation-was-marikana-panacea-ramaphosa-2014-08-11,96ab575fd90f182e4e098def153f8fab01586838944f1413446090d33f2e4bdb,edab384124e0ab38110243c11517904760d71a21ed61980f0b661a57cd1431d4,1001
MEDIA-013,Ramaphosa questioned about Marikana inaction,2014,Mining Weekly,retrieval_manifest,https://www.miningweekly.com/article/ramaphosa-questioned-about-marikana-inaction-2014-08-12,https://www.miningweekly.com/article/ramaphosa-questioned-about-marikana-inaction-2014-08-12,7d31ee337f1d570100e39c98516f967f3ed88669a48859a64130b70b17a0b023,7eca024ba909dab5f7c424731ea32fcba06ec2b2c6237d280f11f8525211bb26,685
MEDIA-014,Lonmin affirms Farlam report,2015,Mining Weekly,retrieval_manifest,https://www.miningweekly.com/article/lonmin-affirms-farlam-report-2015-08-21,https://www.miningweekly.com/article/lonmin-affirms-farlam-report-2015-08-21,ae5c770b9c7908992f2da03c4a22c08b38b35bb0a55c254a36deb34f8544a422,a475ba3fa020d47c538f742760723846d547332a90f1f1a400bf75fa29cb9698,767
MEDIA-015,NUM welcomes further investigation recommendation defends member actions,2015,Mining Weekly,retrieval_manifest,https://www.miningweekly.com/article/num-welcomes-further-investigation-recommendation-defends-member-actions-2015-06-26,https://www.miningweekly.com/article/num-welcomes-further-investigation-recommendation-defends-member-actions-2015-06-26,935c909f60e232b40a9afb85adbbc65362f58a084b7bd9f21cb96d0843dc8acd,06dad4aea3bb1d14483f863d2af85a74779f3ee8cd79336a497ad6c35392f952,1203
MEDIA-016,Lonmin unveils design proposal for Marikana memorial park showcases new apartments,2017,Mining Weekly,retrieval_manifest,https://www.miningweekly.com/article/lonmin-unveils-design-proposal-for-marikana-memorial-park-showcases-new-apartments-2017-08-15,https://www.miningweekly.com/article/lonmin-unveils-design-proposal-for-marikana-memorial-park-showcases-new-apartments-2017-08-15,f3b9dbe9ca55e26361d63287d1cb50aaf84c1d98ec195a7f3412967e29fc87f3,83def0e825670814873daa068fcc12af8e098db976df5e2603884e4305ec6136,907
MEDIA-017,Six years on there is no accountability for the elite police unit shootings at Marikana Scene 2,2018,Daily Maverick,retrieval_manifest,https://www.dailymaverick.co.za/article/2018-08-16-six-years-on-there-is-no-accountability-for-the-elite-police-unit-shootings-at-marikana-scene-2/,https://www.dailymaverick.co.za/article/2018-08-16-six-years-on-there-is-no-accountability-for-the-elite-police-unit-shootings-at-marikana-scene-2/,7bb8cc6a088323ad06b67ffd4f4fd5433ba3b8bc773df35fde88750c56466e4a,6cfdce2ce3a789b738dbf0c8689dd8a7fb7395ed0201ad3d44d1829411759b00,1846
MEDIA-018,Sibanye hosts Marikana memorial lecture,2020,Mining Weekly,retrieval_manifest,https://www.miningweekly.com/article/sibanye-hosts-marikana-memorial-lecture-2020-08-14,https://www.miningweekly.com/article/sibanye-hosts-marikana-memorial-lecture-2020-08-14,4d2a15048031346ca327c05c1903effc5b9c94ffda19a389c35a4bb7be95bfce,2c8d60b709cc129a754b5efac02330a35bce85f24ff47f5c99bee0a80ec4b086,1154
MEDIA-019,Marikana: The unfolding of a never-ending tragedy,2021,Daily Maverick,retrieval_manifest,https://www.dailymaverick.co.za/article/2021-08-14-marikana-the-unfolding-of-a-never-ending-tragedy/,https://www.dailymaverick.co.za/article/2021-08-14-marikana-the-unfolding-of-a-never-ending-tragedy/,aeff6c18b3c01ea4e92eefa352927b4ba2fdd6b2e8ae2bbfbde7105a68d06afa,a4028b0469f47c91edd08cf951e53adb7830645fb37608c81622fc07ae5c6aed,3077
MEDIA-020,Families of slain Marikana mine workers reflect on decade of betrayal,2022,Daily Maverick,retrieval_manifest,https://www.dailymaverick.co.za/article/2022-08-15-marikana-families-of-slain-mineworkers-reflect-on-10-years-of-betrayal/,https://www.dailymaverick.co.za/article/2022-08-15-marikana-families-of-slain-mineworkers-reflect-on-10-years-of-betrayal/,aaa16f872181e0414fc04a7fa8a5e85d63c022dda3a31e099385b13225479983,6ccb3b81face2a2553d834e1f45bf8271d2f1fde76c315de877313595d190a35,1455
MEDIA-021,The smell of blood comes back to me as I think of Marikana,2022,Daily Maverick,retrieval_manifest,https://www.dailymaverick.co.za/article/2022-08-15-the-smell-of-blood-comes-back-to-me-as-i-remember-sas-dark-day-in-a-north-west-village/,https://www.dailymaverick.co.za/article/2022-08-15-the-smell-of-blood-comes-back-to-me-as-i-remember-sas-dark-day-in-a-north-west-village/,b4500673c3592b5557692ec9054857653347240674c44568dd2d203524d91ece,8823b8e05ebbfa07a7abdf5b00cdd056c1b3e76983d284ce591408153e36d788,501
MEDIA-022,"Lonmin Q1 2014 mining production down 10%, will revise full-year guidance as result of strikes",2014,Mining Weekly,retrieval_manifest,https://www.miningweekly.com/article/lonmin-q1-2014-mining-production-down-10-will-revise-full-year-guidance-as-result-of-strikes-2014-01-30,https://www.miningweekly.com/article/lonmin-q1-2014-mining-production-down-10-will-revise-full-year-guidance-as-result-of-strikes-2014-01-30,ed275ec4b5545280250b526b942528ba4d87de195451e3b046ee70c73f817193,396f6738d4eea771b916be6808589f3a3700585532b8df9e0d4be6e3003b275d,822
MEDIA-023,AMCU members defy call to return to work,2014,Engineering News,retrieval_manifest,https://www.engineeringnews.co.za/article/amcu-members-defy-call-to-return-to-work-2014-05-14,https://www.engineeringnews.co.za/article/amcu-members-defy-call-to-return-to-work-2014-05-14,fb34c5429cc177c42dd837ea0859cdbfb1a6aa47c213a729d70774b001643d7b,6af4090da393751b5bb61720747916424f76f7e8100aa237a0c5ce52d4348618,543
MEDIA-024,"Lonmin, AMCU celebrate finalisation of landmark BEE equity deal",2014,Mining Weekly,retrieval_manifest,https://www.miningweekly.com/article/lonmin-amcu-celebrate-finalisation-of-landmark-bee-equity-deal-2014-12-12,https://www.miningweekly.com/article/lonmin-amcu-celebrate-finalisation-of-landmark-bee-equity-deal-2014-12-12,405c12861f5f736448b364840b86bad8beb51e37097d1374499295ff26b7d71f,3ffb2c1161ceeeeb6c9ec3c9296f44d940fca2c67395036998153683a2106cf5,962
MEDIA-025,"Farlam wants workers housed, Mining Charter goes to court, coal firms transform for Eskom",2015,Mining Weekly,retrieval_manifest,https://www.miningweekly.com/article/farlam-wants-workers-housed-mining-charter-goes-to-court-coal-firms-transform-for-eskom-2015-06-26,https://www.miningweekly.com/article/farlam-wants-workers-housed-mining-charter-goes-to-court-coal-firms-transform-for-eskom-2015-06-26,2f66a59839fffadd7584c7664cd5fc8b62fa0d1641c12c5647e524e5fd2bdd9c,9b50f81754ffe002d4e2de9358ad98ea8c502b129b7948cf87ec0ba0786803c9,854
MEDIA-026,"Lonmin cuts workforce, shrinks capex, lowers unit costs",2015,Mining Weekly,retrieval_manifest,https://www.miningweekly.com/article/lonmin-cuts-workforce-shrinks-capex-lowers-unit-costs-2015-11-13,https://www.miningweekly.com/article/lonmin-cuts-workforce-shrinks-capex-lowers-unit-costs-2015-11-13,dd0643455b052df9f9623490bbec730b65b30c4c3fec475df4ecf21bd82049c4,73a291d895a1f1e5bdbb7a3ce83dca82f13cc996a82ff039755d4be66de41609,866
MEDIA-027,Corobrik's quality face bricks used in the construction of Marikana's housing project,2016,Engineering News,retrieval_manifest,https://www.engineeringnews.co.za/article/corobriks-quality-face-bricks-used-in-the-construction-of-marikanas-housing-project-2016-05-23,https://www.engineeringnews.co.za/article/corobriks-quality-face-bricks-used-in-the-construction-of-marikanas-housing-project-2016-05-23,79f06a7c1381063387510bd67780fe8740363b95ac1d442057b3f94ae9c467b1,3b2a699a7485abccf8898778df3ce4e502040aa806c3b63c1058fec30fe7f7e9,765
MEDIA-028,"Objectives are to cut fixed costs, minimise capex, up efficiencies",2017,Mining Weekly,retrieval_manifest,https://www.miningweekly.com/article/objectives-are-to-cut-fixed-costs-minimise-capex-up-efficiencies-2017-04-07,https://www.miningweekly.com/article/objectives-are-to-cut-fixed-costs-minimise-capex-up-efficiencies-2017-04-07,92a8dfac3e100ef5609c412e28b594802ebdf114e1e1371cb05b5a4eca2a0e8c,b3e91d51d7748897d37ea3ed3a213c622e349978ef41061c6613e6aefa3a4e80,793
MEDIA-029,The lost platinum sector jobs are not coming back,2019,Daily Maverick,retrieval_manifest,https://www.dailymaverick.co.za/article/2019-10-24-the-lost-platinum-sector-jobs-are-not-coming-back/,https://www.dailymaverick.co.za/article/2019-10-24-the-lost-platinum-sector-jobs-are-not-coming-back/,be4e4feb75288bb9e0d2b6c38bf1fd321d01010ac20badd7973a14b01da6af66,87c746807464b44ce7cc29f4de3d33ac00efbc9d6115e44c3c572cd530aa5557,1303
MEDIA-030,"One decade on, the Marikana mine has seen a turnaround in fortunes and is making a punchy profit",2022,Daily Maverick,retrieval_manifest,https://www.dailymaverick.co.za/article/2022-08-14-one-decade-on-the-marikana-mine-has-seen-a-turnaround-in-fortunes-and-is-making-a-punchy-profit/,https://www.dailymaverick.co.za/article/2022-08-14-one-decade-on-the-marikana-mine-has-seen-a-turnaround-in-fortunes-and-is-making-a-punchy-profit/,70e403fb845e4013eb598348ac8539b15afa03c47903cbc32fd048ee97cd62a5,396285d7aca0c92cd390e086048d084c1081fee2013d9a5316de042e5abc881a,829
MEDIA-031,Lonmin donates 50 ha of land for residential development,2013,Mining Weekly,retrieval_manifest,https://www.miningweekly.com/article/lonmin-donates-50-ha-of-land-for-residential-development-2013-10-29,https://www.miningweekly.com/article/lonmin-donates-50-ha-of-land-for-residential-development-2013-10-29,31077c8635869d3d6c9084ff7f2682585c5c5296ed83dd1dabb13396db05a39a,f15bdc75caa4292e77d6090dee3e8431cc21e5b4870a1731eee6262c42bf6bc2,605
MEDIA-032,80 000 AMCU workers on strike in platinum sector,2014,Mining Weekly,retrieval_manifest,https://www.miningweekly.com/article/80-000-amcu-workers-on-strike-in-platinum-sector-2014-01-23,https://www.miningweekly.com/article/80-000-amcu-workers-on-strike-in-platinum-sector-2014-01-23,e66e083ce82059fb4c3532a74508c55ced233a787d46a938031f33d1bf0abb2d,2f6cb9918160f43f34334c1b37f3b2e52117cde181fb6a9002e2b39985d5cace,1229
MEDIA-033,Strike-hit mothers have no food to put on the table – Lonmin,2014,Mining Weekly,retrieval_manifest,https://www.miningweekly.com/article/strike-hit-mothers-have-no-food-to-put-on-the-table-lonmin-2014-04-03,https://www.miningweekly.com/article/strike-hit-mothers-have-no-food-to-put-on-the-table-lonmin-2014-04-03,e51c9d8251286bb80dba04a754b9dd066aefe3226c6a24a94ce0824c5bf30883,d0d8ad3f9a97f83d690cfdf1aee34adabd26c811affcb9d66b3a98536ae8f3dc,1284
MEDIA-034,Miners regress on ARV treatment – Lonmin,2014,Mining Weekly,retrieval_manifest,https://www.miningweekly.com/article/miners-regress-on-arv-treatment-lonmin-2014-04-14,https://www.miningweekly.com/article/miners-regress-on-arv-treatment-lonmin-2014-04-14,b3117590b859267c25c454aa875462a43eb47f26aba5b0fb3a7100a73e13ce5d,32dff3710011ff2a46ffbbff828f71baf03bf4288a32ce55691254150f772aee,624
MEDIA-035,"AMCU opens strike fund for members, calls for donations",2014,Mining Weekly,retrieval_manifest,https://www.miningweekly.com/article/amcu-opens-strike-fund-for-members-calls-for-donations-2014-04-15,https://www.miningweekly.com/article/amcu-opens-strike-fund-for-members-calls-for-donations-2014-04-15,dfd29ea7732a18179c53d0395c2fb8d0f022cd2acd6e9d9cc7306e2f8a10b542,9dbe8e388e1624b1067350570175ab5ab5763cda7b8f0edcd0f8dd3f54111cd3,681
MEDIA-036,AMCU considering all options – negotiator,2014,Mining Weekly,retrieval_manifest,https://www.miningweekly.com/article/amcu-considering-all-options-negotiator-2014-05-29,https://www.miningweekly.com/article/amcu-considering-all-options-negotiator-2014-05-29,75507324d5a9e5e118c427cf121b67e4e5774a243b93b4463e2886fa81669aca,0c0e4bc7b7e86b31ace62b8cacc6633f07a188a650e90439d759cd75403e76ae,742
MEDIA-037,Housing Miners,2014,Mining Weekly,retrieval_manifest,https://www.miningweekly.com/article/housing-miners-2014-11-11,https://www.miningweekly.com/article/housing-miners-2014-11-11,5d600cc4bdc3befabbfc3ba9e962cb7b466e287683cf0c51a4876b7476667a6a,22494656646156ca166a0185f09816764624b90424c18c7038a7c97832c9f8bf,1746
MEDIA-038,"AMCU stands firm on R12 500 demand, Lonmin calls on union to reconsider 9%",2014,Mining Weekly,retrieval_manifest,https://www.miningweekly.com/article/amcu-stands-firm-on-r12-500-demand-lonmin-calls-on-union-to-reconsider-9-2014-04-03,https://www.miningweekly.com/article/amcu-stands-firm-on-r12-500-demand-lonmin-calls-on-union-to-reconsider-9-2014-04-03,179561825c71d53e551fce05a4a8412686c0f2b2b6f31c9ae4786c138f3b0585,040191d4838fb1777e4c09bf3b6553008fa940f303d62c3ea45a45d3654639b0,812
MEDIA-039,Mining towns get R18bn facelift,2015,Mining Weekly,retrieval_manifest,https://www.miningweekly.com/article/mining-towns-get-r18bn-facelift-2015-07-01,https://www.miningweekly.com/article/mining-towns-get-r18bn-facelift-2015-07-01,85e85c8f0b72c0ab1e70cf8178690ea06a332d854218dd64c001c5e8688cad64,2476688ef14727bae85106700546f0003da44f6bee589cfe367bc2795104b523,1622
MEDIA-040,"Farlam finds against Lonmin, recommends enforced housing delivery",2015,Mining Weekly,retrieval_manifest,https://www.miningweekly.com/article/farlam-finds-against-lonmin-recommends-enforced-housing-delivery-2015-06-25,https://www.miningweekly.com/article/farlam-finds-against-lonmin-recommends-enforced-housing-delivery-2015-06-25,6d9bc050f69282f9436a01e69860377d198709e0e0b6aa99e2f6af9e0d2540a3,aba4d988ecb1f984c9db7485d4c394169b2fa8f19b35715076ae73c371b0fff0,2195
MEDIA-041,Govt commits billions for revitalisation of mining-dependent communities,2016,Mining Weekly,retrieval_manifest,https://www.miningweekly.com/article/govt-commits-billions-for-revitalisation-of-mining-dependent-communities-2016-02-05,https://www.miningweekly.com/article/govt-commits-billions-for-revitalisation-of-mining-dependent-communities-2016-02-05,23c5dd57e7f77b56565505f90c638b7c2042f9780d9cf0f1cad6847f61d6aaa8,78ef36ebc8c5ed54d1c5436b8a35d9c3dce35e30f14f226a1c1dcffcc34f68d1,1676
MEDIA-042,Nothing off table as Lonmin pursues value in low platinum price environment,2017,Mining Weekly,retrieval_manifest,https://www.miningweekly.com/article/nothing-off-table-as-lonmin-pursues-value-in-low-platinum-price-environment-2017-04-07,https://www.miningweekly.com/article/nothing-off-table-as-lonmin-pursues-value-in-low-platinum-price-environment-2017-04-07,d266909572046489154523d25b0e648fd3ae91d152e9b02bcb13734dbf645059,6061ab8372dc8705607ee2e80f22eddb1823540cd28139c51c8ee580384ec589,2194
MEDIA-043,"Sibanye-Stillwater to acquire embattled Lonmin, completes PGMs strategy",2017,Mining Weekly,retrieval_manifest,https://www.miningweekly.com/article/sibanye-stillwater-to-acquire-embattled-lonmin-in-all-share-offer-2017-12-14,https://www.miningweekly.com/article/sibanye-stillwater-to-acquire-embattled-lonmin-in-all-share-offer-2017-12-14,a7f69a190e43d91493f97a1bf1e5bf9e9c8bf0100701ee3f871e170b42cf9469,b9892834f1cbe860c528349fc2ba8afeb493eabf13b4937863f076cd452c1196,1607
MEDIA-044,Lonmin transaction filed with South Africa's competition authority,2018,Mining Weekly,retrieval_manifest,https://www.miningweekly.com/article/lonmin-transaction-filed-with-south-africas-competition-body-2018-03-30,https://www.miningweekly.com/article/lonmin-transaction-filed-with-south-africas-competition-body-2018-03-30,2c883b62b8eee13152120928927e55168ee27cb19d2c191957f9ab3899b3ccf9,10452e2ceaf61ca07457392bc02492cb741ec4b6116c53439d6d23c0d66f2e85,461
MEDIA-045,Reserve Bank approves Sibanye's buyout of Lonmin,2018,Mining Weekly,retrieval_manifest,https://www.miningweekly.com/article/reserve-bank-approves-sibanyes-buyout-of-lonmin-2018-05-15,https://www.miningweekly.com/article/reserve-bank-approves-sibanyes-buyout-of-lonmin-2018-05-15,45ed4ee6236483f43297c33525f447071af76dffceb53d0066e43839946b9f11,f4a5a5898d9205af007a8513614c350494b9e634a67d916f3b44a7028781356c,613
MEDIA-046,UK regulatory body approves Sibanye's acquisition of Lonmin,2018,Mining Weekly,retrieval_manifest,https://www.miningweekly.com/article/uk-regulatory-body-approves-sibanyes-acquisition-of-lonmin-2018-06-28,https://www.miningweekly.com/article/uk-regulatory-body-approves-sibanyes-acquisition-of-lonmin-2018-06-28,bc2884a1c5e5f293e238b6fef2f32f2c4d323fef973388e1cc1423b12de91732,b0de2eeb946d6b7ca282f9c428e00ed9267c84a1645b8e6f38fddf088f391baa,514
MEDIA-047,"Tribunal approves Sibanye, Lonmin merger; imposes 6-month moratorium on retrenchments",2018,Mining Weekly,retrieval_manifest,https://www.miningweekly.com/article/tribunal-approves-sibanye-lonmin-merger-imposes-6-month-moratorium-on-retrenchments-2018-11-21,https://www.miningweekly.com/article/tribunal-approves-sibanye-lonmin-merger-imposes-6-month-moratorium-on-retrenchments-2018-11-21,d5cf5ff518d9edba462db974f11ee48b5b8009eb92846fe877436fa72d8205f8,bd469379229593a9cc3e5c58797db128797998c4ad643dda47ed2ae4c856fb90,614
MEDIA-048,"Lonmin undertakes refinancing, delivers on results promise",2018,Mining Weekly,retrieval_manifest,https://www.miningweekly.com/article/lonmin-undertakes-refinancing-delivers-on-results-promise-2018-10-22,https://www.miningweekly.com/article/lonmin-undertakes-refinancing-delivers-on-results-promise-2018-10-22,4d352a5cf9b14fe93faee5099d9cc1971f7f28f16c574c8f4fb3b28d079676a3,7494c609004d6dc2ee02157a889141687cd472ff8baf6a3a5feb8506b0bd7940,1360
MEDIA-049,"Sibanye, Lonmin merger enters final stretch as AMCU appeal is dismissed",2019,Mining Weekly,retrieval_manifest,https://www.miningweekly.com/article/sibanye-lonmin-merger-enters-final-stretch-as-amcu-appeal-is-dismissed-2019-05-17,https://www.miningweekly.com/article/sibanye-lonmin-merger-enters-final-stretch-as-amcu-appeal-is-dismissed-2019-05-17,564063f73a4f098093e66e5c668a22c9e079b1748c8c54f832fb041fa55b22ef,c94122a498152a45f32f39b92e46070b1952569252c6da5a7e7ea715869e20d9,764
MEDIA-050,Rustenburg communities want ConCourt to set aside Sibanye's Lonmin takeover,2019,Mining Weekly,retrieval_manifest,https://www.miningweekly.com/article/rustenburg-communities-want-concourt-to-set-aside-sibanyes-lonmin-takeover-2019-07-19,https://www.miningweekly.com/article/rustenburg-communities-want-concourt-to-set-aside-sibanyes-lonmin-takeover-2019-07-19,32c49bbdcf16c51e1561e6d4ef6c6c725fa17408538af53d1ea8eed614b598ca,1a85d6200a97535e6e670285c20e61c67306760932021614286cc1e1935ea2d4,768
MEDIA-051,Sibanye plans to cut 5 270 jobs as it restructures Marikana operations,2019,Mining Weekly,retrieval_manifest,https://www.miningweekly.com/article/sibanye-plans-to-cut-5-270-jobs-as-it-restructures-marikana-operations-2019-09-25,https://www.miningweekly.com/article/sibanye-plans-to-cut-5-270-jobs-as-it-restructures-marikana-operations-2019-09-25,9e0ce6a5fdbec9e44a53a4c578b351f11778eb9b40bd58637ec2424538fa6ebb,e71f25a7e3e093cbdf796ff91aa46bba8425c4b9cf21e82789161f1ff62a1674,976
MEDIA-052,Sibanye-Stillwater intensifies PGMs presence,2019,Mining Weekly,retrieval_manifest,https://www.miningweekly.com/article/sibanye-stillwater-intensifies-pgms-presence-2019-08-23,https://www.miningweekly.com/article/sibanye-stillwater-intensifies-pgms-presence-2019-08-23,f5c619b52de3fe45f7f6d07b94f2fc014c5f0580048d4f0fabd53f97cbb2ff19,399add8961c0b17a5c6345b7a4731dda6c77c7a2cbcdc03501bd058dc7abd6e9,1201
MEDIA-053,Sibanye confirms final Marikana retrenchment figures,2020,Mining Weekly,retrieval_manifest,https://www.miningweekly.com/article/sibanye-confirms-final-marikana-retrenchment-figures-2020-01-16,https://www.miningweekly.com/article/sibanye-confirms-final-marikana-retrenchment-figures-2020-01-16,dc9ffd01499cfed0e7cd51576b48b826d69035c725dffdb4c6bf91074a0fa7f1,d538cb764f7e9652e7d9aa02e873b8a924439001623f27b70cd3e86cdc8eee80,551
MEDIA-054,"Sibanye launches campaign to reimagine, foster Marikana community of the future",2021,Mining Weekly,retrieval_manifest,https://www.miningweekly.com/article/sibanye-launches-campaign-to-reimagine-foster-marikana-community-of-the-future-2021-04-16,https://www.miningweekly.com/article/sibanye-launches-campaign-to-reimagine-foster-marikana-community-of-the-future-2021-04-16,292a913008318fd7ad86e5ed57c6bc6870cad949f92891e84c9136c9caf23876,20a56b1c4dbea760ceef02a774ff6394ffc8128a44cb8116c89cbe89e841807e,1227
MEDIA-055,Sibanye to hold webcast series to aid healing and renewal in Marikana,2021,Mining Weekly,retrieval_manifest,https://www.miningweekly.com/article/sibanye-to-hold-webcast-series-to-aid-healing-and-renewal-in-marikana-2021-08-11,https://www.miningweekly.com/article/sibanye-to-hold-webcast-series-to-aid-healing-and-renewal-in-marikana-2021-08-11,69991b0f3fc08160794b087843ee4a6c3481ea7de97ed34f84e110e0bc816ef8,2613ba3b2b86f52b948088b2ab4c973c98d9f933408eb9c735a403d25cb0a7a9,961
MEDIA-056,Amcu's Marikana PGM miners demand pay hikes of up to 40% from Sibanye,2022,Daily Maverick,retrieval_manifest,https://www.dailymaverick.co.za/article/2022-05-03-exclusive-amcus-marikana-pgm-miners-demand-pay-hikes-of-up-to-40-from-sibanye/,https://www.dailymaverick.co.za/article/2022-05-03-exclusive-amcus-marikana-pgm-miners-demand-pay-hikes-of-up-to-40-from-sibanye/,83945cd77c7359d2f97fd406b402b9cfc0df7486625448a2dd69edd6ef5acbe3,39e628e6853f91deb9da67efeca2ae1201dcce06bdbc5bf9552f4a4fbde30aa4,615
MEDIA-057,"Mine workers have seen significant wage growth since Marikana, but social burdens undermine gains",2022,Daily Maverick,retrieval_manifest,https://www.dailymaverick.co.za/article/2022-07-24-mine-workers-have-seen-significant-wage-growth-since-marikana-but-social-burdens-undermine-gains/,https://www.dailymaverick.co.za/article/2022-07-24-mine-workers-have-seen-significant-wage-growth-since-marikana-but-social-burdens-undermine-gains/,b538accddb126d2c6af9366622db882f56087cc5c27a1df26ddd22f8c9bd74cf,9a5336c74d76ef52480d800c3d0ee3237e633e6ffbd99d87a864cbc05256a367,1877
MEDIA-058,Marikana miners: We'll fight another 10 years to taste justice,2022,Daily Maverick,retrieval_manifest,https://www.dailymaverick.co.za/article/2022-08-13-mine-workers-symbolising-sas-tragic-day-well-fight-another-10-years-to-taste-justice/,https://www.dailymaverick.co.za/article/2022-08-13-mine-workers-symbolising-sas-tragic-day-well-fight-another-10-years-to-taste-justice/,611c9d89734bc27ad7892b1ea5ce799174aa45c874995d70ba0f0afd811cc2f7,1314f0f7a504f71769daf5fc0133eb761a1f305dbfe843446107a2093374f468,2080
CORP-001,Lonmin Plc Annual Report and Accounts 2012,2012,Lonmin Plc,source_overrides,https://www.annualreports.com/HostedData/AnnualReportArchive/l/LSE_LMI_2012.pdf,https://www.annualreports.com/HostedData/AnnualReportArchive/l/LSE_LMI_2012.pdf,8d52b61cb15ebf62ecdadc6edf8fd9ee0b3bff122ac9725b4681a898d1b1ac0a,544a9ffbe10c8e3f7d012fa4f6a4bb3392ad9ad5a9646b95b18c7a0791f63d9b,110199
CORP-002,Lonmin Plc Annual Report and Accounts 2013,2013,Lonmin Plc,source_overrides,https://www.annualreports.com/HostedData/AnnualReportArchive/l/LSE_LMI_2013.pdf,https://www.annualreports.com/HostedData/AnnualReportArchive/l/LSE_LMI_2013.pdf,d262b5ecbc5d39d6fa3c9a7184042451023db4b43806713e8438a826f183c6d3,fab543ddd49d4cb286690013bb8955156cd26a4553a8cd367c2373d1dad73347,122802
CORP-003,Lonmin Plc Annual Report and Accounts 2014,2014,Lonmin Plc,source_overrides,https://www.annualreports.com/HostedData/AnnualReportArchive/l/LSE_LMI_2014.pdf,https://www.annualreports.com/HostedData/AnnualReportArchive/l/LSE_LMI_2014.pdf,b6ca01afa36756f2170e2902ccdf6990a1a2a485ceb06f61197c0ae5b587bde9,21a259fe9aac57165c6ad3d241076c274136bbd0c5bab8ef5f32db08d15ff9f8,147966
CORP-004,Lonmin Plc Annual Report and Accounts 2016,2016,Lonmin Plc,source_overrides,https://www.annualreports.com/HostedData/AnnualReportArchive/l/LSE_LMI_2015.pdf,https://www.annualreports.com/HostedData/AnnualReportArchive/l/LSE_LMI_2015.pdf,0b06b6e678dd0f17b5ab74e54f82425a26d5458f6b8e3dd6cdc2e6b1535d3ff2,372d89213c079051a4bac59399ddaf01baedebdbccd07650d6011a60108bbdb9,147501
CORP-006,Lonmin Plc Annual Report and Accounts 2017,2017,Lonmin Plc,source_overrides,https://www.sibanyestillwater.com/wp-content/uploads/transactions/lonmin/final-offer/lonmin-year-end-30september2017.pdf,https://www.sibanyestillwater.com/wp-content/uploads/transactions/lonmin/final-offer/lonmin-year-end-30september2017.pdf,f090e434d42905aa01f232e8493c64ad1c6a824dde130028015ca0f649e84de4,cd825ea998391515fea0962ac1b0e7dfe0f85ff11af04c754283eea3fbdab665,41631
CORP-007,Lonmin Plc Annual Report and Accounts 2018,2018,Lonmin Plc,source_overrides,https://www.sibanyestillwater.com/wp-content/uploads/transactions/lonmin/lonmin-annual-report-2018.pdf,https://www.sibanyestillwater.com/wp-content/uploads/transactions/lonmin/lonmin-annual-report-2018.pdf,0b036a9e37cb21e6d33758be4da2dd9059b6725d4ecfab1f01ac810e169f5231,17dd284cce4cfd55bf9698e2ed0ad6bec3e5f35317fdca75fc0db181ffc07d55,98841
CORP-008,Sibanye-Stillwater Integrated Report 2019,2019,Sibanye-Stillwater,source_overrides,https://reports.sibanyestillwater.com/2019/,https://reports.sibanyestillwater.com/2019/,5f0a8f6ef1d99f6e7dbfffb93633b596e80719d6c6f7c1139f6a4af7904b5dbb,fbe4d902b6f9bb236364d0ad746066f34f4390f05ce19eaa6d47cd0873cf5f04,325
CORP-009,Sibanye-Stillwater Integrated Report 2020,2020,Sibanye-Stillwater,source_overrides,https://reports.sibanyestillwater.com/2020/,https://reports.sibanyestillwater.com/2020/,ee33dbcdcbb21976426aad8748d4e1991e1278a22dec78f64097179b293e34d9,09efb0bae2902b52bb5afd71974c067e54a5db339737805e2ca6d866e856e80b,2730
CORP-010,Sibanye-Stillwater Integrated Report 2021,2021,Sibanye-Stillwater,source_overrides,https://reports.sibanyestillwater.com/2021/,https://reports.sibanyestillwater.com/2021/,7974c91f10121ee332f36af5c97ff0e27acb45a2b40ff7238a7afc4b8c51c46b,3be4a7993f2e0aa61c4778d8c7eba2f22f8fe400c7d5baae905685b1f8d4157a,3227
CORP-011,Sibanye-Stillwater Integrated Report 2022,2022,Sibanye-Stillwater,source_overrides,https://reports.sibanyestillwater.com/2022/,https://reports.sibanyestillwater.com/2022/,4a7919f50faa2de7990cf6da9802cb55073f0f3fcd852c57c2f81c7e8d7bb7dd,919e88000e6205c2a277b8445e630e8939fb7889aae8c4bcab3dca946e1619a5,301
CORP-012,Sibanye-Stillwater Integrated Report 2023,2023,Sibanye-Stillwater,source_overrides,https://reports.sibanyestillwater.com/2023/,https://reports.sibanyestillwater.com/2023/,9432086b68b71298775ac146e361b314dcd5c4af7aac509cb2eafb7ce1060aea,29655d83953b9e9c9f469ae12314d18edec78828dbf7ff7adc8d578bec8e7791,2224
expanded_corporate_candidates__EXP-CORP-001,Lonmin Plc Annual Report and Accounts 2010,2010,Lonmin Plc,expanded_corporate_candidates.csv,https://www.annualreports.com/HostedData/AnnualReportArchive/l/LSE_LMI_2010.pdf,https://www.annualreports.com/HostedData/AnnualReportArchive/l/LSE_LMI_2010.pdf,3edf9c2173aa3e7a6ff2c8c9b475677dab0f95748fc4e5acab3a48c0f9b6a85f,a5b56788736894d75b585aa7608def072009c822ba941d76f6bab550023c7c8c,91533
expanded_corporate_candidates__EXP-CORP-002,Lonmin Plc Annual Report and Accounts 2011,2011,Lonmin Plc,source_overrides,https://www.annualreports.co.uk/HostedData/AnnualReportArchive/l/LSE_LMI_2011.pdf,https://www.annualreports.co.uk/HostedData/AnnualReportArchive/l/LSE_LMI_2011.pdf,7235b2867f000f1ad9efc51956ab14fd7fc4ff031c0769adedca655b751938be,b2af45e17550f0b05990f74d4c1ab401cd4d24405b9814d796763ee4fe596711,79172
EXP-CORP-004,Lonmin Plc Sustainable Development Report 2016,2016,Lonmin Plc,expanded_corporate_candidates_batch1.csv,https://wikirate-production-storage.fra1.cdn.digitaloceanspaces.com/files/3336301/14042001.pdf,https://wikirate-production-storage.fra1.cdn.digitaloceanspaces.com/files/3336301/14042001.pdf,49c52996e06bbaca9ec0effe90baa77840e90af55a1d7593eddcb58eaf221d52,d96e2e1a1220a73d130ae2bd3280c4516c3981795a5fa9bb016fba953bfa178d,7215
EXP-CORP-005,Lonmin Plc Sustainable Development Report 2018,2018,Lonmin Plc,expanded_corporate_candidates_batch1.csv,https://www.sibanyestillwater.com/wp-content/uploads/transactions/lonmin/1548855505-lonmin-sdr-2018.pdf,https://www.sibanyestillwater.com/wp-content/uploads/transactions/lonmin/1548855505-lonmin-sdr-2018.pdf,ea89361c8c0ff455cf7181ac52e9b323731648c89a9a7d23b2ebf5a86e959c34,7a8a85dd8f80bd7a7c9d0ba69c8b843607a969e9865c4ed3dcf0d4cf65994718,35874
CORP-NEWS-001,Sibanye-Stillwater enters Section 189 consultation with stakeholders at its Marikana operation and associated services,2019,Sibanye-Stillwater,expanded_corporate_candidates_news_releases.csv,https://www.resource-capital.ch/fileadmin/user_upload/25092019_EN_Sibanye-Stillwater_enters_Section_189_consultation_with_stakeholders_at_its_Marikana_operation_and_associated_services_25Sep2019.pdf,https://www.resource-capital.ch/fileadmin/user_upload/25092019_EN_Sibanye-Stillwater_enters_Section_189_consultation_with_stakeholders_at_its_Marikana_operation_and_associated_services_25Sep2019.pdf,9209a68c406f9cf0065425e2e97414fc16496d156cbc8a90c28618683ca4e079,fc8065262c46c2a7667b54c79978b8dc16ac30d71cc8f37c51ba7accc778c751,1438
CORP-NEWS-002,Constitutional Court of South Africa dismisses applications brought by Greater Lonmin Community,2019,Sibanye-Stillwater,expanded_corporate_candidates_news_releases.csv,https://thevault.exchange/?get_group_doc=245%2F1567694971-WithLogoConstitutionalCourtofSouthAfricadismissesapplicationsbroughtbyGreaterLonminCommunity5Sep2019.pdf,https://thevault.exchange/?get_group_doc=245%2F1567694971-WithLogoConstitutionalCourtofSouthAfricadismissesapplicationsbroughtbyGreaterLonminCommunity5Sep2019.pdf,474c3c024d6a8dfc7f0cc8b84b13410701605f23bb4f85831b2f9b6043fe1ffa,7bc0b9ee4b092a58e7c8f3cb4cb18a0cd30a266c32137cc7f6d01234d33e206d,1019
CORP-NEWS-003,Sibanye-Stillwater signs three-year PGM wage agreements,2019,Sibanye-Stillwater,expanded_corporate_candidates_news_releases.csv,https://thevault.exchange/?get_group_doc=245%2F1573812467-sibanye-stillwater-signs-three-year-pgm-agreements-15nov2019.pdf,https://thevault.exchange/?get_group_doc=245%2F1573812467-sibanye-stillwater-signs-three-year-pgm-agreements-15nov2019.pdf,922d2f83a21734ee6f938ba3e53a288f3f1063a460ed3745884c5321eeedb824,e2f08e1c08b0e587e091f40ef339074d012f23dc3ea8e95fa73b8b22adf25b6c,915
CORP-NEWS-005,Referral of the Platinum wage negotiations dispute to the CCMA for Sibanye-Stillwater’s Rustenburg and Marikana operations,2019,Sibanye-Stillwater,expanded_corporate_candidates_news_releases.csv,https://thevault.exchange/?get_group_doc=245%2F1569859850-MediareleaseReferralofthePlatinumwagenegotiationsdisputetotheCCMAforSibanye-StillwatersRustenburgandMarikanaoperations30Sep2019.pdf,https://thevault.exchange/?get_group_doc=245%2F1569859850-MediareleaseReferralofthePlatinumwagenegotiationsdisputetotheCCMAforSibanye-StillwatersRustenburgandMarikanaoperations30Sep2019.pdf,276266eaa101ea2cf27b489f78a5da494b646de1276793694e3288133724aaac,142a3d7307814cd509fb45d43f958bd4a1eddbfb80e80e0a738f1dbc9f58b9b5,821
CORP-NEWS-006,Marikana Commemoration speakers call for positive change in South Africa,2023,Sibanye-Stillwater,expanded_corporate_candidates_news_releases.csv,https://thevault.exchange/?get_group_doc=245%2F1692017960-MediareleaseMarikanacommemorationcallforpositivechangeinSA14August2023.pdf,https://thevault.exchange/?get_group_doc=245%2F1692017960-MediareleaseMarikanacommemorationcallforpositivechangeinSA14August2023.pdf,d4e9fd437035b29dcad804c2348d4b78c038f250649e27ec1fa2edaa41347c16,8639bebcb73f5d6b51e9e7365e622bb7d737c8aa5a64445a4b6c9a8323691f5e,1796
CORP-SAT-001,SA PGM wage negotiations,2019,Sibanye-Stillwater,expanded_corporate_candidates_saturation.csv,https://www.sibanyestillwater.com/features/2019/sa-pgm-wage-negotiations/,https://www.sibanyestillwater.com/features/2019/sa-pgm-wage-negotiations/,7e9accc7292b8b4cd00bb3a301a8764c69e21e26822194d2861880339b58f60e,1c0babde6aef02934b9b371e90d51e38f6d49b4443872a11031e054f8492fc31,120
CORP-SAT-002,Marikana Memorial,2020,Sibanye-Stillwater,expanded_corporate_candidates_saturation.csv,https://www.sibanyestillwater.com/features/2020/marikana-memorial/,https://www.sibanyestillwater.com/features/2020/marikana-memorial/,7333e0102bb2d4f2b251ab1a6ccf8747e911ba3dd0c1fd28793fce3145b47320,7121f073ef0a463ef1b5b0d4882f9fdf77a1594e434e2ba42008172e1c0e9199,1292
CORP-SAT-003,Marikana Renewal,2021,Sibanye-Stillwater,expanded_corporate_candidates_saturation.csv,https://www.sibanyestillwater.com/features/2021/marikana-renewal/,https://www.sibanyestillwater.com/features/2021/marikana-renewal/,ce30e8062ec61437a0735a8b63a0c10189d0211829ad29b049bfdde76fc5d887,7e6d46bc0fad0d753f8c39a2963df05380febe6c5195eee4ae82e641ed49921f,478
CORP-SAT-004,Marikana commemoration 2021,2021,Sibanye-Stillwater,expanded_corporate_candidates_saturation.csv,https://www.sibanyestillwater.com/features/2021/marikana-commemoration/,https://www.sibanyestillwater.com/features/2021/marikana-commemoration/,29fdd59a6c02ab89602242b0116845731ae196c9f357e69c0911469ce4e17b75,09ff036b00f987cb4a5c41d299406af9e59b242de367fb6aa63afd906bfe7551,1688
EXP-GOV-002,North West Human Settlements on Marikana housing project,2015,North West Department of Local Government and Human Settlements / South African Government,expanded_government_candidates_batch1.csv,https://www.gov.za/speeches/north-west-human-settlements-marikana-housing-project-7-dec-2015-0000,https://www.gov.za/speeches/north-west-human-settlements-marikana-housing-project-7-dec-2015-0000,50b06476fabf50986de1e788f013a2fb2c9d6740f026494c0cfe643c9c83e155,20576fbb7a8996f3a2e5278c212c30d8a43785601db96df55ecc4df6e907c8a2,288
EXP-GOV-003,North West Human Settlements on illegal occupants of Marikana houses,2016,North West Human Settlements / South African Government,expanded_government_candidates_batch1.csv,https://www.gov.za/speeches/illegal-occupants-houses-marikana-stand-be-evicted-19-apr-2016-0000,https://www.gov.za/speeches/illegal-occupants-houses-marikana-stand-be-evicted-19-apr-2016-0000,81962f089d274ee7980794245bb3178245cc1abe6963882c29037e1fbb606a63,6fb631a8b527c4e1d0fb8400b2606e79def058a916bebf6fb79bc0fb5b08de18,202
EXP-GOV-004,Government remembers Marikana,2017,South African Government,expanded_government_candidates_batch1.csv,https://www.gov.za/speeches/government-remembers-marikana-16-aug-2017-0000,https://www.gov.za/speeches/government-remembers-marikana-16-aug-2017-0000,e717dfd4191ce13e225b3c521aba0f3a8b617b9bb109ed1375cf6dedb3f48ccc,a880ae64675e86424877777003b225194dce13890304518720f08792aaecaee3,1066
EXP-GOV-005,Department of Human Settlements Embarks on Major Effort to Revitalise Distressed Mining Towns,2017,Parliament of South Africa,expanded_government_candidates_batch1.csv,https://www.parliament.gov.za/news/department-human-settlements-embarks-major-effort-revitalise-distressed-mining-towns,https://www.parliament.gov.za/news/department-human-settlements-embarks-major-effort-revitalise-distressed-mining-towns,dabeb03d5545d82310006d7fa20e55cab90d6ecc6ae58735f0cd6dc378f6c03c,0700122efff5cdb030751a3133dea36ee526f47f9d3c7f081c81543a1c3f205e,1141
EXP-GOV-010,Panel of Experts Report on Policing and Crowd Management,2018,Panel of Experts / Minister of Police,source_overrides,https://www.polity.org.za/attachment.php?aa_id=84996,https://cisp.cachefly.net/assets/articles/attachments/84996_pannel_of_experts_2021.pdf,5d2222e3f5ff12cf418d2d5def88f6825a640d805f30600361587522b9960f34,4964531a668baec7e9544509f914835905d9e62312133f29fbdd53571636d9f9,194376
EXP-GOV-011,Parliament requests update from SAPS on implementation of recommendations in Panel of Experts Report,2021,Parliament of South Africa,expanded_government_candidates_batch2.csv,https://www.gov.za/news/media-statements/parliament-requests-update-saps-implementation-recommendations-panel-experts,https://www.gov.za/news/media-statements/parliament-requests-update-saps-implementation-recommendations-panel-experts,10f3039e5a0ed182ebd8d651e44918395383c75219a8e77f1be0c3f12d4d1d8e,a874f9779d8cde0f6fc6363e786ac8f462e9f6ee3dc11013771e5040f4b763c9,598
EXP-GOV-012,Panel of experts on Farlam Commission briefs Parliament,2017,South African Government News Agency,expanded_government_candidates_batch2.csv,https://www.sanews.gov.za/south-africa/panel-experts-farlam-commission-briefs-parliament,https://www.sanews.gov.za/south-africa/panel-experts-farlam-commission-briefs-parliament,1ea405343380a3a88e340a3feeb18c245b8b198b3f2b49aeae7541480f4b85e8,18595e00a90f913abed53954235344df6f1fd5872a682e1d0e028dca41341387,650
WEB-GOV-002,Farlam recommendations being implemented,2016,South African Government News Agency,expanded_government_candidates_web.csv,https://www.sanews.gov.za/south-africa/farlam-recommendations-being-implemented,https://www.sanews.gov.za/south-africa/farlam-recommendations-being-implemented,1a464f3ecef86601e159017f39e6dc57e3144c5b29450631900f02e863f80445,aa5cfe8d298ca15ff1f32b386f152ece2181c7db59ae21de74ddd40a8608d1ca,976
WEB-GOV-003,Government remembers Marikana tragedy,2020,Government Communication and Information System,expanded_government_candidates_web.csv,https://www.gcis.gov.za/newsroom/media-releases/government-remembers-marikana-tragedy,https://www.gcis.gov.za/newsroom/media-releases/government-remembers-marikana-tragedy,bfb32805a62e933aecfe1b6dea6c46e16268aba6276e231a77329062a6707bc8,b074680973488125e891351f3da6eaf95bbe2a0c6c25025be07d862ec79061eb,404
expanded_media_candidates__EXP-MEDIA-001,It's business unusual at 'improving' Lonmin – Munroe,2013,Mining Weekly,source_overrides,https://www.miningweekly.com/article/its-business-unusual-at-improving-lonmin-munroe-2013-03-15,https://www.miningweekly.com/article/its-business-unusual-at-improving-lonmin-munroe-2013-03-15,718de7696b3ec08c735b58969b7e2833518401f24907306911267d34a5631b02,ffb49d257b8daddec1d9a03a0c45066ea9c771a0bd57f18400e88594d54fb862,1644
expanded_media_candidates__EXP-MEDIA-002,Lonmin accelerates union recognition process to ease Marikana tensions,2013,Mining Weekly,expanded_media_candidates.csv,https://www.miningweekly.com/article/lonmin-accelerates-union-recognition-process-to-ease-marikana-tensions-2013-05-17,https://www.miningweekly.com/article/lonmin-accelerates-union-recognition-process-to-ease-marikana-tensions-2013-05-17,86b773322107b2d9c4980d99dc3ad083e02ba6158ce822a910d023a9ac481b70,d455bf5a260bba4f231a999fd44580c03e6bedeea90c8ae27216bf82a75a300d,585
expanded_media_candidates__EXP-MEDIA-003,Lonmin to derecognise smaller unions in favour of AMCU,2013,Mining Weekly,expanded_media_candidates.csv,https://www.miningweekly.com/article/lonmin-to-derecognise-smaller-unions-in-favour-of-amcu-2013-08-23,https://www.miningweekly.com/article/lonmin-to-derecognise-smaller-unions-in-favour-of-amcu-2013-08-23,d6eeda51a92ce218e368959069d2e7ce39da68579c3779cb68f9df7350307824,391256dff7e126cd5c5c9921a02b821e3a84ef5f2d478bde6dcb9f9e4ffbf941,729
expanded_media_candidates__EXP-MEDIA-004,NUM wants members at Lonmin back,2013,Mining Weekly,expanded_media_candidates.csv,https://www.miningweekly.com/article/num-wants-members-at-lonmin-back-2013-07-11,https://www.miningweekly.com/article/num-wants-members-at-lonmin-back-2013-07-11,0ba5ee5dbceb8f7ca83fa1724e71937b23e953a0dc5d4f5a7120bc0dabdf7fd4,d404a4c9e124e1d3b0d69844cd268bf57dd2208377ac051fd85bcf3e79f1e603,501
expanded_media_candidates__EXP-MEDIA-005,NUM member gunned down at Lonmin hostel,2013,Mining Weekly,expanded_media_candidates.csv,https://www.miningweekly.com/article/num-member-gunned-down-at-lonmin-hostel-2013-06-03,https://www.miningweekly.com/article/num-member-gunned-down-at-lonmin-hostel-2013-06-03,8711a039ad28ef5004803fc7885f8342365d3312f300ec45a199eb107b7ab770,cae0ab0f706a29c799b2d52227b82dc7b35889a88bcb72f9243327b2cef93464,616
expanded_media_candidates__EXP-MEDIA-006,AMCU postpones Lonmin strike action pending meeting with Motlanthe,2013,Mining Weekly,expanded_media_candidates.csv,https://www.miningweekly.com/article/amcu-postpones-strike-action-pending-meeting-with-motlanthe-2013-06-13,https://www.miningweekly.com/article/amcu-postpones-strike-action-pending-meeting-with-motlanthe-2013-06-13,e213391715e16121fbfbc67d83aab4086b2d5a43b156f1f6be1fd730e4274ade,e83684f0425dca4daf42ae170fc590d0073d955611493053466a1a6686772f6b,1042
expanded_media_candidates__EXP-MEDIA-007,Union puts chamber on spot over alleged Lonmin breach,2013,Mining Weekly,expanded_media_candidates.csv,https://www.miningweekly.com/article/union-puts-chamber-on-spot-over-alleged-lonmin-breach-2013-09-06,https://www.miningweekly.com/article/union-puts-chamber-on-spot-over-alleged-lonmin-breach-2013-09-06,35833f874d3f6f93735d63bcd4a6bbc52e5ce2c01701ba4f1abda417e24e86b2,56b906b531737f7fa445d9308653221bc70f434a3d77f16926dd9f60e0317c57,1366
expanded_media_candidates__EXP-MEDIA-008,Solidarity gears up for Lonmin strike,2013,Mining Weekly,expanded_media_candidates.csv,https://www.miningweekly.com/article/solidarity-gears-up-for-lonmin-strike-2013-08-19,https://www.miningweekly.com/article/solidarity-gears-up-for-lonmin-strike-2013-08-19,2299023040b8581320bed8f2d98dcbd9ab007a816e818fcbbfbf73b82ab02225,1b88cc2f5e445540a24832008eb395a200480a3317463ff354f83dcd0786ca9b,603
expanded_media_candidates__EXP-MEDIA-009,An end to platinum miner's single-sex hostels beckons,2014,Mining Weekly,expanded_media_candidates.csv,https://www.miningweekly.com/article/an-end-to-platinum-miners-single-sex-hostels-beckons-2014-03-28,https://www.miningweekly.com/article/an-end-to-platinum-miners-single-sex-hostels-beckons-2014-03-28,073be6daaaca086bf0f00b7f25fd3597fdbb1a48b1f71044284d24a129a64b5b,25343bb3988501058268c1750729233a49ddbc23bd0b3d0ccaf6485b6ed90286,1836
expanded_media_candidates__EXP-MEDIA-010,Marikana report to Zuma by Tuesday,2015,Mining Weekly,expanded_media_candidates.csv,https://www.miningweekly.com/article/marikana-report-to-zuma-by-tuesday-2015-03-30,https://www.miningweekly.com/article/marikana-report-to-zuma-by-tuesday-2015-03-30,d2b4133f893e800208a66214902cf34bd764aeb45f1d5ed287ed51cf5a4e2b90,90402ca2158e96a0f563f2277732c99ccb4fd7c83897720a006d20de437a923f,495
expanded_media_candidates__EXP-MEDIA-011,Marikana Commission: Sowing the killing fields,2012,Daily Maverick,expanded_media_candidates.csv,https://www.dailymaverick.co.za/article/2012-11-09-marikana-commission-sowing-the-killing-fields/,https://www.dailymaverick.co.za/article/2012-11-09-marikana-commission-sowing-the-killing-fields/,57aa3f0e315879f2d7a12a94918534c3246c6d4aae38b057e972aaf75b284709,44c9ce59960642d0e6a654fc89c58ef6a9466fcc355cccde730b9298b32a8cff,1366
expanded_media_candidates__EXP-MEDIA-012,Marikana Commission: 'Don't single us out' - police,2012,Daily Maverick,expanded_media_candidates.csv,https://www.dailymaverick.co.za/article/2012-11-06-marikana-commission-dont-single-us-out-police/,https://www.dailymaverick.co.za/article/2012-11-06-marikana-commission-dont-single-us-out-police/,3d9ec2ad5772d36b829d98adcecb802b73b47a6016e7e86ce123e9e6d2341224,50dfa75cc8b2de3870af9d12d546fd882572261d39e2b54bbcc45def93c4f6e6,729
expanded_media_candidates__EXP-MEDIA-013,"Marikana Commission: The foiled saviour, Joseph Mathunjwa",2012,Daily Maverick,expanded_media_candidates.csv,https://www.dailymaverick.co.za/article/2012-11-29-marikana-commission-the-foiled-saviour-joseph-mathunjwa/,https://www.dailymaverick.co.za/article/2012-11-29-marikana-commission-the-foiled-saviour-joseph-mathunjwa/,98584bfb392d523c7235aa28a5200d59315c4d0f643236f484030e4d981f5335,0c2319b3c46cb0cf9480be593e09e9106c60813fc30975a028eb02ddbebbe5aa,882
expanded_media_candidates__EXP-MEDIA-014,25 October 2012: A day of reckoning at Marikana,2012,Daily Maverick,expanded_media_candidates.csv,https://www.dailymaverick.co.za/article/2012-10-24-25-october-2012-a-day-of-reckoning-at-marikana/,https://www.dailymaverick.co.za/article/2012-10-24-25-october-2012-a-day-of-reckoning-at-marikana/,c845548f67a4e9fad0ab48047cd01b19a4274a4a7fba0b676f7d08a1e79aee3e,4e3ea31dfdf919d9c2c794cf7d9b1437e647a862a253530379106b22ab2b5eb4,1933
expanded_media_candidates__EXP-MEDIA-015,Marikana Commission: Gung-ho Mangwashi Phiyega under scrutiny,2013,Daily Maverick,expanded_media_candidates.csv,https://www.dailymaverick.co.za/article/2013-01-24-marikana-commission-gung-ho-mangwashi-phiyega-under-scrutiny/,https://www.dailymaverick.co.za/article/2013-01-24-marikana-commission-gung-ho-mangwashi-phiyega-under-scrutiny/,b9f664a8985aa710ccdff6c1d59820325db56343087160d3af6f249a06e66e98,7d241e22febe66fa22ee00065039db1528a597d2db6ce16dcf9ad0339709cfb2,796
expanded_media_candidates__EXP-MEDIA-016,Money-kana Commission?,2013,Daily Maverick,expanded_media_candidates.csv,https://www.dailymaverick.co.za/article/2013-08-30-money-kana-commission/,https://www.dailymaverick.co.za/article/2013-08-30-money-kana-commission/,90e2f4ec2defc8e7b2086c7590091e9c0b21ea2c7aabc28fcef023c7ed7311aa,056db2efff6cea76c28b8552d852739c8ab499b71ad49dea640b063e04bd1105,862
expanded_media_candidates__EXP-MEDIA-017,"Marikana Commission: Lies, videotapes and the police's crumbling wall of deceit",2013,Daily Maverick,expanded_media_candidates.csv,https://www.dailymaverick.co.za/article/2013-09-16-marikana-commission-lies-videotapes-and-the-polices-crumbling-wall-of-deceit/,https://www.dailymaverick.co.za/article/2013-09-16-marikana-commission-lies-videotapes-and-the-polices-crumbling-wall-of-deceit/,60a417ffe073bf43c257a8f9aa28742fb8d0066c2c6dced7ecae1c2092892e76,5e31e6e57caf4214583c94ebeaa23343510424f17888e6c3c29e672c99c045ea,1518
expanded_media_candidates__EXP-MEDIA-018,Marikana massacre: More disturbing questions about police planning and objectives,2013,Daily Maverick,expanded_media_candidates.csv,https://www.dailymaverick.co.za/article/2013-10-23-marikana-massacre-more-disturbing-questions-about-police-planning-and-objectives/,https://www.dailymaverick.co.za/article/2013-10-23-marikana-massacre-more-disturbing-questions-about-police-planning-and-objectives/,bc811634bc5a0d171b4c24c3ed2d51fa1adb167ba05765e68ec0045978d401b9,058c26de8ab8949408d87ccab23a5d9059cb62d90ce1c30d94e99a3713dba22a,1204
expanded_media_candidates__EXP-MEDIA-019,"Marikana massacre: SAPS, Lonmin, Ramaphosa & time for blood. Miners' blood.",2013,Daily Maverick,expanded_media_candidates.csv,https://www.dailymaverick.co.za/article/2013-10-24-marikana-massacre-saps-lonmin-ramaphosa-time-for-blood-miners-blood/,https://www.dailymaverick.co.za/article/2013-10-24-marikana-massacre-saps-lonmin-ramaphosa-time-for-blood-miners-blood/,ee5178499423f9ceb8cf9d8b09974170627f04fe35a9cb40b63dddc14a1cdb43,96c5940da3be55d96a4dd32fd89d4a2b44b1e29eb4ed3adf0bd480d1ac697891,2039
expanded_media_candidates__EXP-MEDIA-020,"Marikana massacre: Ramaphosa's statement, revisited",2013,Daily Maverick,expanded_media_candidates.csv,https://www.dailymaverick.co.za/article/2013-10-25-marikana-massacre-ramaphosas-statement-revisited/,https://www.dailymaverick.co.za/article/2013-10-25-marikana-massacre-ramaphosas-statement-revisited/,b9ca038488ccb58b894555aacf5174b98c744fd8712990c18fd57888481aadcc,82537cbdb054407b0f325e09a049dd155bc410366aed46591e0cedc792d5b53a,1222
expanded_media_candidates__EXP-MEDIA-021,"Memories of Marikana, through the eNCA lens",2013,Daily Maverick,expanded_media_candidates.csv,https://www.dailymaverick.co.za/article/2013-08-13-memories-of-marikana-through-the-enca-lens/,https://www.dailymaverick.co.za/article/2013-08-13-memories-of-marikana-through-the-enca-lens/,49fe3c52393a9d5ed60186473271e30a3917e3b19feb0ebc84b84543c2365f08,3824e8101415ccac7ec05d64746b009befa83114851c29e97e010acba0aa8fe1,1098
expanded_media_candidates__EXP-MEDIA-022,Marking the anniversary of two mining massacres: So much remains the same,2013,Daily Maverick,expanded_media_candidates.csv,https://www.dailymaverick.co.za/article/2013-08-14-marking-the-anniversary-of-two-mining-massacres-so-much-remains-the-same/,https://www.dailymaverick.co.za/article/2013-08-14-marking-the-anniversary-of-two-mining-massacres-so-much-remains-the-same/,34f1021c5ecae7766efd71b023a8877bf9127e945d807a04034806fec4693ce6,b811ad23c74197b341ffc6d11ff3c9eded04d06abd0bc80b4a4a85aaabb162a0,968
expanded_media_candidates__EXP-MEDIA-023,Marikana massacre: The first of Lonmin's voices are heard,2014,Daily Maverick,expanded_media_candidates.csv,https://www.dailymaverick.co.za/article/2014-06-09-marikana-massacre-the-first-of-lonmins-voices-are-heard/,https://www.dailymaverick.co.za/article/2014-06-09-marikana-massacre-the-first-of-lonmins-voices-are-heard/,861293dc42b876ad2ba285e07b896bf4557b5d233c6ddbb18be4d311111f0de0,129c755990cab327cefb7a4a78ca37da36666c67e68042086e90a73fb33007eb,2316
expanded_media_candidates__EXP-MEDIA-024,Marikana report: Key findings and recommendations,2015,Daily Maverick,expanded_media_candidates.csv,https://www.dailymaverick.co.za/article/2015-06-26-marikana-report-key-findings-and-recommendations/,https://www.dailymaverick.co.za/article/2015-06-26-marikana-report-key-findings-and-recommendations/,ec3c8b170b794eed5626f77a7b1e79629dd68f0a57269de547e308b027fc8caa,b3c9a6a8e3ea884723879deaf08dcbf70699096a6e5d8b3073e0c88d671af39a,1403
expanded_media_candidates__EXP-MEDIA-025,amaBhungane: 'War' looming over Marikana housing evictions,2016,Daily Maverick,expanded_media_candidates.csv,https://www.dailymaverick.co.za/article/2016-08-31-amabhungane-war-looming-over-marikana-housing-evictions/,https://www.dailymaverick.co.za/article/2016-08-31-amabhungane-war-looming-over-marikana-housing-evictions/,fd123d44453c9517b102d1b3ace01233711671cd7c9ef98a825adea293336d34,915f52080c81dac97b35af50a3fff0165753883fcae554b6bba18171c87d42a8,1432
expanded_media_candidates__EXP-MEDIA-029,Marikana: What's been done on SAPS recommendations?,2017,Daily Maverick,expanded_media_candidates.csv,https://www.dailymaverick.co.za/article/2017-08-16-marikana-whats-been-done-on-saps-recommendations/,https://www.dailymaverick.co.za/article/2017-08-16-marikana-whats-been-done-on-saps-recommendations/,20312c05d9cc12ce374339a5df95eb5915562f458a28f6789968c552572ca279,ae4f7dc53801bcaaabaea1153d7da4af0a5f057b94a93b1db37dd2ff07f898bc,1215
expanded_media_candidates__EXP-MEDIA-033,Community wants ConCourt to declare R5bn Lonmin deal illegal,2019,Daily Maverick,expanded_media_candidates.csv,https://www.dailymaverick.co.za/article/2019-07-21-community-wants-concourt-to-declare-r5bn-lonmin-deal-illegal/,https://www.dailymaverick.co.za/article/2019-07-21-community-wants-concourt-to-declare-r5bn-lonmin-deal-illegal/,6b1bf1ba5f640020a58748b7bf2427381028cb9b3af794410a63deebfad21c56,f783e5e5c3e7928636b4bb8f7eb833428512f28ab3dd4aa888bd4b1754e48190,839
expanded_media_candidates__EXP-MEDIA-035,"Marikana massacre: The devastating impact of the narrative painted by business, police and the state",2020,Daily Maverick,expanded_media_candidates.csv,https://www.dailymaverick.co.za/article/2020-08-26-marikana-massacre-the-devastating-impact-of-the-narrative-painted-by-business-police-and-the-state/,https://www.dailymaverick.co.za/article/2020-08-26-marikana-massacre-the-devastating-impact-of-the-narrative-painted-by-business-police-and-the-state/,abee1b5245850c0cb994bd3af3e960f7c33b244e5ff3363ce94d4b5a15e45e85,9ce4957dd8c906e04ff650d7bad28fd70a61fd475c7b69b25c913e5908699acb,1268
expanded_media_candidates__EXP-MEDIA-036,"SAPS transformation: Key report gathers dust, snubbing Marikana Commission",2021,Daily Maverick,expanded_media_candidates.csv,https://www.dailymaverick.co.za/article/2021-01-17-saps-transformation-key-report-gathers-dust-snubbing-marikana-commission/,https://www.dailymaverick.co.za/article/2021-01-17-saps-transformation-key-report-gathers-dust-snubbing-marikana-commission/,0e9ba21b94925e3e01b7bcfe53c170b01bb69f0b96c31da6eab6f2e49d2c8ebf,6649e3520f5997f75705a0909bde00a03a97ccfbbc715ac354aebd2594b1c50c,1222
expanded_media_candidates_02__EXP-MEDIA-037,Lonmin workers embark on illegal work stoppage,2013,Mining Weekly,expanded_media_candidates_02.csv,https://www.miningweekly.com/article/illegal-strike-erupts-at-lonmin-2013-03-05,https://www.miningweekly.com/article/illegal-strike-erupts-at-lonmin-2013-03-05,d7d4ce9359a80b31141a498560148f33d2f10e240d5d75c3eff093827bd91be3,a8a4612f9b8c4555712a8f3100703a049fb9a11e19da37e3258f53d912d31da6,951
expanded_media_candidates_02__EXP-MEDIA-038,"AMCU, Lonmin find strike-averting meeting point?",2013,Mining Weekly,expanded_media_candidates_02.csv,https://www.miningweekly.com/article/amcu-lonmin-find-strike-averting-meeting-point-deputy-president-2013-06-21,https://www.miningweekly.com/article/amcu-lonmin-find-strike-averting-meeting-point-deputy-president-2013-06-21,6c056d514f8d90db476880f61b3289316f69009fa6ded4161c0690c5819c147e,25a355b8a61344e281e8d3b5221bbc4f595f13807addceff30997eb6ed86e979,1132
expanded_media_candidates_02__EXP-MEDIA-039,Lonmin confirms work stoppage across shafts,2013,Mining Weekly,expanded_media_candidates_02.csv,https://www.miningweekly.com/article/lonmin-confirms-work-stoppage-across-shafts-2013-05-14,https://www.miningweekly.com/article/lonmin-confirms-work-stoppage-across-shafts-2013-05-14,043e2c615332d8e882fd49ad6d0ebdf0c927c6f258de5c9c2bbb06490a30a5ec,5e9fa54401f2ac41a5046b1c32a021c7441685de64342985fc28be33b6fd5abb,570
expanded_media_candidates_02__EXP-MEDIA-040,"AMCU, Lonmin talks reach deadlock, formal arbitration to start",2013,Mining Weekly,expanded_media_candidates_02.csv,https://www.miningweekly.com/article/amcu-lonmin-talks-reach-deadlock-formal-arbitration-to-start-2013-05-23,https://www.miningweekly.com/article/amcu-lonmin-talks-reach-deadlock-formal-arbitration-to-start-2013-05-23,88243dda79e819ce356b54226853681728aa5decbb646b8ed686ce485b529763,2cfd9f9de83584d3bcaacc0dc3f30c4291e8538c7c334e371787497e0491c107,538
expanded_media_candidates_02__EXP-MEDIA-041,"Lonmin to lose 3 100 oz/d, Implats 2 800 oz/d in production owing to AMCU strike",2014,Mining Weekly,expanded_media_candidates_02.csv,https://www.miningweekly.com/article/lonmin-to-lose-3-100-ozd-implats-2-800-ozd-in-production-owing-to-amcu-strike-2014-01-23,https://www.miningweekly.com/article/lonmin-to-lose-3-100-ozd-implats-2-800-ozd-in-production-owing-to-amcu-strike-2014-01-23,46138bf9f12262aef3938f94101bb6911dbdcd9998f7c8d6c031655361c3282d,29c41c74e9fdd41e778855ffb78bb73b92395f245dfb2b9158fe256dac7b83cf,606
expanded_media_candidates_02__EXP-MEDIA-042,"AMCU, platinum companies' wage talks stall",2014,Mining Weekly,expanded_media_candidates_02.csv,https://www.miningweekly.com/article/amcu-platinum-companies-wage-talks-stall-2014-02-06,https://www.miningweekly.com/article/amcu-platinum-companies-wage-talks-stall-2014-02-06,b1e0e86810a45e4edd2f97aa2ff3a2764127eedf5930ab5a68a8eaf029596eed,45e5725991774cf9fb6ad1c382c4aacf5af73e5e5e6307b5e0147be55cd4ec22,691
expanded_media_candidates_02__EXP-MEDIA-043,AMCU sidelined as platinum producers take offer directly to employees,2014,Mining Weekly,expanded_media_candidates_02.csv,https://www.miningweekly.com/article/amcu-sidelined-as-platinum-producers-take-offer-directly-to-employees-2014-04-25,https://www.miningweekly.com/article/amcu-sidelined-as-platinum-producers-take-offer-directly-to-employees-2014-04-25,4d80e6ee95bb43e3093920c1194a0969be08b343a95e1aa1bc7f99bfb6a57303,cf6f2f6a2415e4f3a25640f780ca69eebd047824700726bc7141b4e8e736ec09,763
expanded_media_candidates_02__EXP-MEDIA-044,"Lonmin hit hardest by strike, third capital raising expected",2014,Mining Weekly,expanded_media_candidates_02.csv,https://www.miningweekly.com/article/lonmin-hit-hardest-by-strike-third-capital-raising-expected-2014-05-22,https://www.miningweekly.com/article/lonmin-hit-hardest-by-strike-third-capital-raising-expected-2014-05-22,6ea9b076fe1b07e6e9ade8d8b604c729aa73126a46e26da759204d021ed6fc45,502260cde83d41b3ea9fefecd61f784850aa6308cdd9f516cfcd3a2b2d4a9126,622
expanded_media_candidates_02__EXP-MEDIA-045,"AMCU rejects platinum offer, sticking to R12 500 demand",2014,Mining Weekly,expanded_media_candidates_02.csv,https://www.miningweekly.com/article/amcu-rejects-platinum-offer-sticking-to-r12-500-demand-2014-01-31,https://www.miningweekly.com/article/amcu-rejects-platinum-offer-sticking-to-r12-500-demand-2014-01-31,9b5bcf7709ae5b613035eb11b48d54ccf18ce375251d5804367c2d645533822c,70098a27622a52210245d05b50eed04b2350b242ef3754235b9587e2cd443409,648
expanded_media_candidates_02__EXP-MEDIA-046,Farlam Commission: More Marikana massacre secrets and lies,2014,Daily Maverick,expanded_media_candidates_02.csv,https://www.dailymaverick.co.za/article/2014-03-14-farlam-commission-more-marikana-massacre-secrets-and-lies/,https://www.dailymaverick.co.za/article/2014-03-14-farlam-commission-more-marikana-massacre-secrets-and-lies/,596e09c0545aba6a7dcd12ef7c0660b4aa865c6cc9807c50e5094873b483d810,16d45ce417fd4b0a6a6ca0cee0240395176fe0f3aadad7fe18fc56bd988a496e,1639
expanded_media_candidates_02__EXP-MEDIA-047,"In Marikana, local government's failures in plain sight",2012,Daily Maverick,expanded_media_candidates_02.csv,https://www.dailymaverick.co.za/article/2012-09-10-in-marikana-local-governments-failures-in-plain-sight/,https://www.dailymaverick.co.za/article/2012-09-10-in-marikana-local-governments-failures-in-plain-sight/,53aea2c27cfb9146c30e5a3dc6949d5af1c2fc81bd69114d4ba5230e68677a60,68172a7887d71be89b99d48452ab1c81808df57cdb8195736a0a13a4ec6620a1,1246
expanded_media_candidates_02__EXP-MEDIA-048,Cyril Ramaphosa: The true betrayal,2012,Daily Maverick,expanded_media_candidates_02.csv,https://www.dailymaverick.co.za/article/2012-10-27-cyril-ramaphosa-the-true-betrayal/,https://www.dailymaverick.co.za/article/2012-10-27-cyril-ramaphosa-the-true-betrayal/,6e544bb2f118e53ee0af2575fa4e6cedf35ce22f4f16284c5189e452b2c4b7a2,9f6fdfe27a325bea23bbbbba8983e050139ebc06d24afd25c0dce6eb8a9be18b,1764
expanded_media_candidates_02__EXP-MEDIA-049,Marikana Commission: Phiyega's testimony begins,2013,Daily Maverick,expanded_media_candidates_02.csv,https://www.dailymaverick.co.za/article/2013-03-15-marikana-commission-phiyegas-testimony-begins/,https://www.dailymaverick.co.za/article/2013-03-15-marikana-commission-phiyegas-testimony-begins/,3c167bce9008d60f7e1a1e74d924e9812c02ffc817c1e249d7ca9dee09b501e3,45e24d2688843d6001c0329bcf252167319605b7675444e6226c1f6a59174a64,1049
expanded_media_candidates_02__EXP-MEDIA-050,Marikana Commission: Sangoma's death and Phiyega's understanding of truth,2013,Daily Maverick,expanded_media_candidates_02.csv,https://www.dailymaverick.co.za/article/2013-03-26-marikana-commission-sangomas-death-and-phiyegas-understanding-of-truth/,https://www.dailymaverick.co.za/article/2013-03-26-marikana-commission-sangomas-death-and-phiyegas-understanding-of-truth/,109373ac7d4784b412854cddffd2d400d9b58421066df2c51de3f5ceffc5506f,1c026b7f9fb959ae891ed2abf9d82f4f67f748c6d26f9072eb72a05dce6419bf,1370
expanded_media_candidates_02__EXP-MEDIA-051,"Lonmin ops ramping up, normal levels expected by Q1 2015",2014,Mining Weekly,expanded_media_candidates_02.csv,https://www.miningweekly.com/article/lonmin-ops-ramping-up-normal-levels-expected-by-q1-2015-2014-07-25,https://www.miningweekly.com/article/lonmin-ops-ramping-up-normal-levels-expected-by-q1-2015-2014-07-25,631718d16ec426ef09a21f1fb86c5ee4387b934e17207de8915989bc60e36e89,f096edd11dd1145ee890d13829026729720b3a3194b80c2a21234efb38e45646,1196
expanded_media_candidates_02__EXP-MEDIA-052,"We made significant progress in Marikana, says Lonmin",2018,Mining Weekly,expanded_media_candidates_02.csv,https://www.miningweekly.com/article/we-made-significant-progress-in-marikana-says-lonmin-2018-08-15,https://www.miningweekly.com/article/we-made-significant-progress-in-marikana-says-lonmin-2018-08-15,4935a7167d2348675b70b498f268e058b13567b4951d22d8bd83f859861cd648,597bf4ef0292e6af3750a0eeb7d946070cc0a451c394c2160b40f4aed78539f4,741
expanded_media_candidates_batch1__EXP-MEDIA-001,The murder fields of Marikana. The cold murder fields of Marikana.,2012,Daily Maverick,expanded_media_candidates_batch1.csv,https://www.dailymaverick.co.za/article/2012-09-08-the-murder-fields-of-marikana-the-cold-murder-fields-of-marikana/,https://www.dailymaverick.co.za/article/2012-09-08-the-murder-fields-of-marikana-the-cold-murder-fields-of-marikana/,94876bf611ed59487f5ef0b986f4b7aa37ff3251cecb76cc48dbb9dee8aecfef,d1143021346b9144058e0fcdca76717afcff56508c83e29c99ae88a03d7ba162,2953
expanded_media_candidates_batch1__EXP-MEDIA-002,"Marikana's Small Koppie: 14 dead, 300 metres away from Wonderkop. Why?",2012,Daily Maverick,expanded_media_candidates_batch1.csv,https://www.dailymaverick.co.za/article/2012-09-08-marikanas-small-koppie-14-dead-300-metres-away-from-wonderkop-why/,https://www.dailymaverick.co.za/article/2012-09-08-marikanas-small-koppie-14-dead-300-metres-away-from-wonderkop-why/,8085138dbd825483366dec67a723ae9bffe7fd2800ec108f6ca7bf44a3ac3433,34a7bc16663cd27d024567620391e273d3826451382ddf06f201498a0c737f96,1399
expanded_media_candidates_batch1__EXP-MEDIA-004,"Unsafe House, Unsafe Job? The foul truth about living conditions at Marikana",2012,Daily Maverick,expanded_media_candidates_batch1.csv,https://www.dailymaverick.co.za/article/2012-09-27-unsafe-house-unsafe-job-the-foul-truth-about-living-conditions-at-marikana/,https://www.dailymaverick.co.za/article/2012-09-27-unsafe-house-unsafe-job-the-foul-truth-about-living-conditions-at-marikana/,a6d7c3f5ca8159074e0337c28d66752dc4617716b789f6a7687d9fb9cb4b3dd3,5f7a64c5244e66d67af256131f312f689620817ec72c6daacc075369e2fa87b4,1465
expanded_media_candidates_batch1__EXP-MEDIA-005,Friendship forged in the depths of the earth and strengthened by the horror of Marikana,2012,Daily Maverick,expanded_media_candidates_batch1.csv,https://www.dailymaverick.co.za/article/2012-09-26-friendship-forged-in-the-depths-of-the-earth-and-strengthened-by-the-horror-of-marikana/,https://www.dailymaverick.co.za/article/2012-09-26-friendship-forged-in-the-depths-of-the-earth-and-strengthened-by-the-horror-of-marikana/,4daf2076fe155282733fb349d3cc8e1d1bece019289b0d85bba6984080e9193f,f2b39625fcc98bac5372df1a8fe07917c67fee1ea7acb9095baef3c5ccf2207e,3422
expanded_media_candidates_batch1__EXP-MEDIA-006,Marikana: The debt-hole that fuelled the fire,2012,Daily Maverick,expanded_media_candidates_batch1.csv,https://www.dailymaverick.co.za/article/2012-10-12-marikana-the-debt-hole-that-fuelled-the-fire/,https://www.dailymaverick.co.za/article/2012-10-12-marikana-the-debt-hole-that-fuelled-the-fire/,5e5cc88c257bc71bece723a39c33872fab5d3aac06d9d038c1d954f1c9cab902,cf202240b29ca34efc00e7a1c6eeb7da686c35ffc2cee4c2e29f03ed8e390d72,1159
expanded_media_candidates_batch1__EXP-MEDIA-007,Marikana: Police torturing their way to intimidation,2012,Daily Maverick,expanded_media_candidates_batch1.csv,https://www.dailymaverick.co.za/article/2012-11-02-marikana-police-torturing-their-way-to-intimidation/,https://www.dailymaverick.co.za/article/2012-11-02-marikana-police-torturing-their-way-to-intimidation/,ce23e4470c95cf92b837a879be2784cac78d09e9a42fff014de3a018c5e2e50b,5aae9d3051e28fafd1ab73e6697d9ca502f53618d583772651462aab1184c1d1,1439
expanded_media_candidates_batch1__EXP-MEDIA-010,Marikana murders: The world now believes,2012,Daily Maverick,expanded_media_candidates_batch1.csv,https://www.dailymaverick.co.za/article/2012-09-10-marikana-murders-the-world-now-believes/,https://www.dailymaverick.co.za/article/2012-09-10-marikana-murders-the-world-now-believes/,fd6b9f47dac28cb1fbfb51338a05095658ffee192d0231b860942b3121b13107,07ee33ca1e24ab2ff61d7e2e4ff877bd7cf5831e7a5d791581988c55d00c6eca,1320
expanded_media_candidates_batch1__EXP-MEDIA-011,"Marikana, Malema, rebellion, revolution",2012,Daily Maverick,expanded_media_candidates_batch1.csv,https://www.dailymaverick.co.za/article/2012-09-12-marikana-malema-rebellion-revolution/,https://www.dailymaverick.co.za/article/2012-09-12-marikana-malema-rebellion-revolution/,b0a420a6dc92b3d24e5300a2715be7697ac67ea81c25ea27cf396c206835d631,dc91d7d6b068a8d2e1ea4dd32f9ddd782b8a82b8cac04a0706120b13294a2e0a,1484
expanded_media_candidates_batch1__EXP-MEDIA-012,Daily Maverick's SA Persons of the Year: The victims of Marikana,2012,Daily Maverick,expanded_media_candidates_batch1.csv,https://www.dailymaverick.co.za/article/2012-12-31-daily-mavericks-sa-persons-of-the-year-the-victims-of-marikana/,https://www.dailymaverick.co.za/article/2012-12-31-daily-mavericks-sa-persons-of-the-year-the-victims-of-marikana/,a48ff04a241f845e959b88b0abe9e46555b3fe5b1241212d60c8b3d6b52811d5,7df62576bb28e2a41ee71f1f1f0dc08ce96271d0f7b32421461db1523ba8c08c,1227
expanded_media_candidates_batch1__EXP-MEDIA-015,"The Marikana Commission, and skewed access to justice",2013,Daily Maverick,expanded_media_candidates_batch1.csv,https://www.dailymaverick.co.za/article/2013-08-15-the-marikana-commission-and-skewed-access-to-justice/,https://www.dailymaverick.co.za/article/2013-08-15-the-marikana-commission-and-skewed-access-to-justice/,b24821d46cc73ee292e57ee7a3019c802047715a0869bd8697ea85a2c6eb930c,532a34e74510126f9b4b5f2633fd131bb2c5a3a3dfeb47ad33fdc4f3114eff14,1025
expanded_media_candidates_batch1__EXP-MEDIA-022,Marikana – a massacre without criminal consequences,2022,Daily Maverick,expanded_media_candidates_batch1.csv,https://www.dailymaverick.co.za/article/2022-05-19-marikana-a-massacre-still-without-any-criminal-consequences/,https://www.dailymaverick.co.za/article/2022-05-19-marikana-a-massacre-still-without-any-criminal-consequences/,e4d4227994357cea2ca135e7cebcdd1499a2232081c57ae8cb0666b019d204a7,3fa20330baf43828fe38abe07fd159633318c0d957921fb9f78669ddefb37db3,1139
expanded_media_candidates_batch1__EXP-MEDIA-023,We must fight to ensure that those slain at Marikana did not die in vain,2022,Daily Maverick,expanded_media_candidates_batch1.csv,https://www.dailymaverick.co.za/article/2022-08-15-we-must-fight-to-ensure-that-those-slain-at-marikana-on-16-august-2012-did-not-die-in-vain/,https://www.dailymaverick.co.za/article/2022-08-15-we-must-fight-to-ensure-that-those-slain-at-marikana-on-16-august-2012-did-not-die-in-vain/,7d1fde28ee0777fa7700194f0276d0d5ecba2c5f8b677dcdbaba9933c19e7cec,d91edee82fe7d27108bf439dbeca0e472707638ac6f30df387a8a23b8a0d4be4,1906
expanded_media_candidates_batch1__EXP-MEDIA-024,REPUTATION WRECKING BALL,2012,Mining Weekly,expanded_media_candidates_batch1.csv,https://www.miningweekly.com/article/reputation-wrecking-ball-2012-09-07,https://www.miningweekly.com/article/reputation-wrecking-ball-2012-09-07,b7387ab92e2a60675fa0c9f9c27e403250a53d0c351cc632aa9c62f6ab8c729e,0fe9ea64369aab9bec038501669cd82304629d65357867e70dfeb989ed80cf9e,338
expanded_media_candidates_batch1__EXP-MEDIA-026,Lonmin says significant safety records achieved at Marikana,2013,Mining Weekly,expanded_media_candidates_batch1.csv,https://www.miningweekly.com/article/lonmin-says-significant-safety-records-achieved-at-marikana-2013-01-24,https://www.miningweekly.com/article/lonmin-says-significant-safety-records-achieved-at-marikana-2013-01-24,3bfb40d6c6e8354b19bd7096b38254a91ac5fade8501004341da33e26310f2a6,3cba78da10e0cd0e3a597b5c2d10004487478106c1cee49599c94d964a0c442c,463
expanded_media_candidates_batch1__EXP-MEDIA-030,"AMCU to serve strike notice on Lonmin, Implats",2014,Mining Weekly,expanded_media_candidates_batch1.csv,https://www.miningweekly.com/article/amcu-to-serve-strike-notice-on-lonmin-implats-2014-01-17,https://www.miningweekly.com/article/amcu-to-serve-strike-notice-on-lonmin-implats-2014-01-17,6375d320341f064c876ab0ed5c3b36f6f600b39feff17d88e75598d976b3c098,7fab7385435a0c56a76e860aba6cc0d4e50e1b849df7fd7daaa262667a095d9b,516
expanded_media_candidates_batch1__EXP-MEDIA-032,AMCU prepared to strike for next six months,2014,Mining Weekly,expanded_media_candidates_batch1.csv,https://www.miningweekly.com/article/amcu-will-not-return-to-work-without-r12-500-basic-wage-2014-03-27,https://www.miningweekly.com/article/amcu-will-not-return-to-work-without-r12-500-basic-wage-2014-03-27,beec30ff9d14fba501efe6523129da1dc885e2fd4ef4ada73416ba39717bdaad,caf592683d5570c75996a811e04b2983fea9ac54dcfcd1031d8cbc66d21985f0,594
expanded_media_candidates_batch1__EXP-MEDIA-033,Lonmin aims for May 14 restart in challenge to platinum strike,2014,Mining Weekly,expanded_media_candidates_batch1.csv,https://www.miningweekly.com/article/lonmin-aims-for-may-14-restart-in-challenge-to-platinum-strike-2014-05-09,https://www.miningweekly.com/article/lonmin-aims-for-may-14-restart-in-challenge-to-platinum-strike-2014-05-09,f05712147e7613fb72b1c13c98dcb6a3c5d9a58fee3f68d1adba1eb60fefb2d0,021d81f4b5a6ae8e5f26d4a078d9849d64a23f55ca5eefaa7e089ebda5e9592b,812
expanded_media_candidates_batch1__EXP-MEDIA-034,"Uphold overwhelming wish of workers to return, pleads Lonmin",2014,Mining Weekly,expanded_media_candidates_batch1.csv,https://www.miningweekly.com/article/uphold-overwhelming-wish-of-workers-to-return-pleads-lonmin-2014-05-12,https://www.miningweekly.com/article/uphold-overwhelming-wish-of-workers-to-return-pleads-lonmin-2014-05-12,b1653c475aba1efa375894041126a23c81b7ac15040998b2503865845f19c641,1814a8ca9ea1cd93e516d4a8d711bb2fdccb8b5bd8e204ec6fb8c737d9bd486e,1890
expanded_media_candidates_batch1__EXP-MEDIA-035,"Platinum majors, AMCU sign wage deal; workers to return Wed",2014,Mining Weekly,expanded_media_candidates_batch1.csv,https://www.miningweekly.com/article/sa-platinum-job-cuts-in-question-as-wage-deals-to-be-signed-2014-06-24,https://www.miningweekly.com/article/sa-platinum-job-cuts-in-question-as-wage-deals-to-be-signed-2014-06-24,3d0d88a6d66fbf8d04d96596aa46740ec1f7c0b76b86f3ab4c193bd3f7019077,65bc9be0592af9ca0629ec413f6dac35aeb2ded2aa5fa016e1c9e8d6527908b2,1233
expanded_media_candidates_batch1__EXP-MEDIA-037,Lonmin accused of prolonging platinum strike by hiding revenue,2014,Mining Weekly,expanded_media_candidates_batch1.csv,https://www.miningweekly.com/article/lonmin-accused-of-prolonging-platinum-strike-by-hiding-revenue-2014-10-24,https://www.miningweekly.com/article/lonmin-accused-of-prolonging-platinum-strike-by-hiding-revenue-2014-10-24,9d6afce5ab35808cecf79a29611d73a89eb831e6d3af2bda6fffc6c524062a4d,2d94785f36b22a8a5121cafb76605cfe17a5d0dd89c75c1fc1997538cf2bccba,757
expanded_media_candidates_batch1__EXP-MEDIA-038,Lonmin hands over New Marikana primary school to Basic Education dept,2018,Engineering News / Creamer Media,source_overrides,https://www.engineeringnews.co.za/article/lonmin-hands-over-new-marikana-primary-school-to-basic-education-dept-2018-04-06,https://www.engineeringnews.co.za/article/lonmin-hands-over-new-marikana-primary-school-to-basic-education-dept-2018-04-06,e266723b4b89bd168f7e652106083f3745fa1cba15c7d28273abe195190460b4,732405582e86fb32437288606677f61dc2c4a3ffb6608274b255ca929e19bedb,649
expanded_media_candidates_batch1__EXP-MEDIA-040,Recovering platinum miner forging ahead,2013,Engineering News,expanded_media_candidates_batch1.csv,https://www.engineeringnews.co.za/article/recovering-platinum-miner-forging-ahead-2013-03-15,https://www.engineeringnews.co.za/article/recovering-platinum-miner-forging-ahead-2013-03-15,25d9589aa592138f7f0f35d16b1940283a4c90fad140794081ae912160a47a18,c7ddcf0722c72bed6faab928966886a755996f92ebbed4b94b82ae20eba2547f,2243
expanded_media_candidates_batch1__EXP-MEDIA-041,Lonmin miners return to work,2013,Engineering News,expanded_media_candidates_batch1.csv,https://www.engineeringnews.co.za/article/lonmin-miners-return-to-work-2013-05-15,https://www.engineeringnews.co.za/article/lonmin-miners-return-to-work-2013-05-15,8e5d1c2e3deb45c0dc94c7f9273c73e2dfcd9a6df8b1fa16953557f1242116e3,64284fe0970eb00a6a788d05b650d14ad8acbc443da7ed7ba3899c2f058a7c57,666
expanded_media_candidates_batch1__EXP-MEDIA-042,"Platinum town, striking miner ready for deal",2014,Engineering News,expanded_media_candidates_batch1.csv,https://www.engineeringnews.co.za/article/platinum-town-striking-miner-ready-for-deal-2014-04-25,https://www.engineeringnews.co.za/article/platinum-town-striking-miner-ready-for-deal-2014-04-25,ba56aaca6d0c3e61eca2fc3549f4f54c12537f2bb58dad12060a8219450c59cc,98da25cfe006bd359b1b033bcbf099bdbb5e7134318b705fde65c8cd4a639708,685
expanded_media_candidates_batch1__EXP-MEDIA-043,Profit shifting report false – Lonmin,2014,Engineering News,expanded_media_candidates_batch1.csv,https://www.engineeringnews.co.za/article/profit-shifting-report-false-lonmin-2014-10-16,https://www.engineeringnews.co.za/article/profit-shifting-report-false-lonmin-2014-10-16,bcb8269fdd183625893f179d3104c761e794e2f2680a3f8fc0bce472f0b0f299,347e709acb93429c0cd310c35a742789481aae6f606e020a16f660c654e46b59,861
expanded_media_candidates_batch1__EXP-MEDIA-044,"Force majeure with some suppliers, not customers – Lonmin",2014,Engineering News,expanded_media_candidates_batch1.csv,https://www.engineeringnews.co.za/article/force-majeure-with-some-suppliers-not-customers-lonmin-2014-04-11,https://www.engineeringnews.co.za/article/force-majeure-with-some-suppliers-not-customers-lonmin-2014-04-11,0bf4c63ffc2e2869dc35b69046e2389e183246d78a44fb32ddada9a17a889cf7,07e23abd98c9e44a078c249397a692575b90ff59fd81d227f92503b7a7c2856a,498
expanded_media_candidates_batch2__EXP-MEDIA-045,Volatility now plagues platinum miner's housing allocation,2016,Mining Weekly,expanded_media_candidates_batch2.csv,https://www.miningweekly.com/article/volatility-now-plagues-platinum-miners-housing-allocation-2016-02-05,https://www.miningweekly.com/article/volatility-now-plagues-platinum-miners-housing-allocation-2016-02-05,0cd0623b62700407a737341ccd573483f0765e8201a4957cd1f2e403d2e86a43,60d07fdba50b1d418d28e59d56e4fd064c5215fbcddb00c0d6daade784b5167c,780
expanded_media_candidates_batch2__EXP-MEDIA-046,Lonmin committed to R500m expenditure on employee apartments,2017,Mining Weekly,expanded_media_candidates_batch2.csv,https://www.miningweekly.com/article/lonmin-committed-to-r500m-expenditure-on-employee-apartments-2017-04-07,https://www.miningweekly.com/article/lonmin-committed-to-r500m-expenditure-on-employee-apartments-2017-04-07,8b4dc8cb874601fc6ad612dc816d5699a331a7538cd153e9014b4dd98e984903,d8ed22244ef227f88df6216b1c9f0c9612b7701126cd0e0504b36ce331816209,1276
expanded_media_candidates_batch2__EXP-MEDIA-047,Violent protestors demand 1 500 new jobs from struggling Lonmin,2017,Mining Weekly,expanded_media_candidates_batch2.csv,https://www.miningweekly.com/article/violent-protestors-demand-1-500-new-jobs-from-struggling-lonmin-2017-05-11,https://www.miningweekly.com/article/violent-protestors-demand-1-500-new-jobs-from-struggling-lonmin-2017-05-11,b80326bb74b5be6bbb8a0922ebaa91ef34fa57ee464e91729f0589db1f789388,40f534c181c2f2d7c5031138a73db95c4d6aba21a0c3e85d6bbbbace5d96190b,1161
expanded_media_candidates_batch2__EXP-MEDIA-048,Review Mining Charter's proposed home ownership model,2017,Mining Weekly,expanded_media_candidates_batch2.csv,https://www.miningweekly.com/article/review-mining-charters-proposed-home-ownership-model-2017-02-10,https://www.miningweekly.com/article/review-mining-charters-proposed-home-ownership-model-2017-02-10,d825889a5d55316621bd096bdc955bd686c824cc020413f2c8aeadf627f3a07b,b8ece98d39eb1684837d4324a5a23e304d704f8f644f8cdbba0da4a2df7e1fe1,912
expanded_media_candidates_batch2__EXP-MEDIA-049,POST MARIKANA MEASURES,2017,Mining Weekly,expanded_media_candidates_batch2.csv,https://www.miningweekly.com/article/post-marikana-measures-2017-01-27,https://www.miningweekly.com/article/post-marikana-measures-2017-01-27,adee9d3bceca3587226e3a98b8219dd4b4213ac99369e58158804241f6bb49ca,f476ff2ec668060fcd6160750248633bf82696592f94694407a39c291310af9a,429
expanded_media_candidates_batch2__EXP-MEDIA-050,Lonmin community wants operations suspended on social failings,2017,Mining Weekly,expanded_media_candidates_batch2.csv,https://www.miningweekly.com/article/lonmin-community-wants-operations-suspended-on-social-failings-2017-10-25,https://www.miningweekly.com/article/lonmin-community-wants-operations-suspended-on-social-failings-2017-10-25,175d9b559f3273c5f610f221b1b1b3c3a0346469085243be06b16702b9e22323,a7ab65fb13f0a0c7a73098d259f476fff8a7e99f738cdd1bec34d187d09db964,616
expanded_media_candidates_batch2__EXP-MEDIA-052,"Murder at Small Koppie: J'Accuse, Greg Marinovich's way",2016,Daily Maverick,expanded_media_candidates_batch2.csv,https://www.dailymaverick.co.za/article/2016-03-24-murder-at-small-koppie-jaccuse-greg-marinovichs-way/,https://www.dailymaverick.co.za/article/2016-03-24-murder-at-small-koppie-jaccuse-greg-marinovichs-way/,a5c9e1184be74d198ae029d47f4fabcae03e34e1178f081cbe619d41f3e4934d,e7c653049f70cbe02f839ba07c7c0a279a7214f32aadad676d40cd06c9704c9f,1510
EXP-MEDIA-053,What's mine is mine: How the Bapo Ba Mogale got robbed of R800 million,2016,Daily Maverick,expanded_media_candidates_batch2.csv,https://www.dailymaverick.co.za/article/2016-10-26-whats-mine-is-mine-how-the-bapo-ba-mogale-got-robbed-of-r800-million/,https://www.dailymaverick.co.za/article/2016-10-26-whats-mine-is-mine-how-the-bapo-ba-mogale-got-robbed-of-r800-million/,d83c4411c31de2d2f9e39dcdc6294476c4e6de63a5aadac9b38c8fab3637713e,1b956cb1027d78cc31571716f1edd38df16958a1ff0af5e5f7417e72a139054d,3707
EXP-MEDIA-054,Marikana Massacre: Police absolve 87 of their own,2017,Daily Maverick,expanded_media_candidates_batch2.csv,https://www.dailymaverick.co.za/article/2017-03-15-marikana-massacre-police-absolve-87-of-their-own/,https://www.dailymaverick.co.za/article/2017-03-15-marikana-massacre-police-absolve-87-of-their-own/,ee0093da8588e4b6a1b6d783e165d0b9a803f8bd9ccbdfd7abb0a49fdf8b9eb2,6783bb29d75e2c9c4910ee6daba0965996b6b4bf172ba3e2696a8a6f6ecc9c8f,1103
EXP-MEDIA-055,"Marikana Massacre: 'He is fine, let him die'",2017,Daily Maverick,expanded_media_candidates_batch2.csv,https://www.dailymaverick.co.za/article/2017-03-20-marikana-massacre-he-is-fine-let-him-die/,https://www.dailymaverick.co.za/article/2017-03-20-marikana-massacre-he-is-fine-let-him-die/,4983d0a40ed54a65578d31d316ebbdfeecff1c6b2c81a79cc511bc881f00d12a,9d912013d21925bb2185899c422d707ce1603f28416115e57f40dfd8ef712a01,1362
EXP-MEDIA-056,Will there ever be accountability for the Marikana Massacre?,2018,Daily Maverick,expanded_media_candidates_batch2.csv,https://www.dailymaverick.co.za/article/2018-06-15-will-there-ever-be-accountability-for-the-marikana-massacre/,https://www.dailymaverick.co.za/article/2018-06-15-will-there-ever-be-accountability-for-the-marikana-massacre/,a07742bdd28111ab8b11ca62ec6846f28943fdf8959bd3ada1737a5dfb89176a,1d6c963955a0e40aa2a0cc8befbe7084770bc48844dfd90531626e3bff03b596,911
EXP-MEDIA-057,The legacy of Marikana: Accountability urgent to prevent another atrocity,2018,Daily Maverick,expanded_media_candidates_batch2.csv,https://www.dailymaverick.co.za/article/2018-08-15-the-legacy-of-marikana-accountability-urgent-to-prevent-another-atrocity/,https://www.dailymaverick.co.za/article/2018-08-15-the-legacy-of-marikana-accountability-urgent-to-prevent-another-atrocity/,3bb5d81915a192cb1f19ffb82449a14ebd75626fec849e728efd3f841f191dc3,8684828da74611d944c3e07478e13fcbd064e45469bfb068908b8ff77b7ab8f7,1290
EXP-MEDIA-058,"Marikana Massacre – IPID investigates massacred miners' deaths, and SAPS' lies, without the promised funding",2018,Daily Maverick,expanded_media_candidates_batch2.csv,https://www.dailymaverick.co.za/article/2018-08-30-marikana-massacre-ipid-investigates-massacred-miners-deaths-and-saps-lies-without-the-promised-funding/,https://www.dailymaverick.co.za/article/2018-08-30-marikana-massacre-ipid-investigates-massacred-miners-deaths-and-saps-lies-without-the-promised-funding/,b6420c4e651ac55aa48dbba4a33eec928e212da27161497bf1bb1d37faa6889e,229a6561301004068ed6d383c27ac80480c9dfce4e54a97e540cdc51d0458be9,785
EXP-MEDIA-059,SA still waiting for action on Farlam Commission findings,2019,Daily Maverick,expanded_media_candidates_batch2.csv,https://www.dailymaverick.co.za/article/2019-08-16-sa-still-waiting-for-action-on-farlam-commission-findings/,https://www.dailymaverick.co.za/article/2019-08-16-sa-still-waiting-for-action-on-farlam-commission-findings/,fbeb5489344323ab6151ab0d7589a329489426edbe3999b0994cef69ef48bf76,82df3a9d1d0c2c7e95456c17a99478bbfd21dfc8ed7bf9366517081d967d7216,1073
EXP-MEDIA-062,Sibanye settles Marikana streaming deal,2020,Engineering News,expanded_media_candidates_batch3.csv,https://www.engineeringnews.co.za/article/sibanye-settles-marikana-streaming-deal-2020-03-04,https://www.engineeringnews.co.za/article/sibanye-settles-marikana-streaming-deal-2020-03-04,5fcbe8a994e4348adba2a40dcb6cd9e80e30e6600d4a19794ba02223a0a59567,c9b54e239369ebf4951780ab80e8a00cbaab178af58809cf81167ea620f4fc8a,552
EXP-MEDIA-064,Sibanye-Stillwater hoists first tons from R4bn 4 000-job K4 platinum project,2022,Engineering News,expanded_media_candidates_batch3.csv,https://www.engineeringnews.co.za/article/first-tons-hoisted-at-marikanas-top-tier-4-000-job-k4-platinum-project-2022-05-16,https://www.engineeringnews.co.za/article/first-tons-hoisted-at-marikanas-top-tier-4-000-job-k4-platinum-project-2022-05-16,4928b6ddf9a3ad44ee74ba58d83cc99e33179a11102816d573198cfd9a4c5922,5085f22ee215e49ee5ba75d7f707ca3cd5404e3fd1c8385af20cacba25bcaddc,807
EXP-MEDIA-065,"Sibanye reaches wage agreement with NUM, UASA, but AMCU holds out",2022,Engineering News,expanded_media_candidates_batch3.csv,https://www.engineeringnews.co.za/article/sibanye-reaches-wage-agreement-with-num-uasa-but-amcu-holds-out-2022-09-30,https://www.engineeringnews.co.za/article/sibanye-reaches-wage-agreement-with-num-uasa-but-amcu-holds-out-2022-09-30,c8922e2c56b09a113c7f4e1493d443a1e61ebbc6eea691bc219fcef43e934abe,939fea0d221a7f85412c49fab0314c8a872c12488c650c79944184e43a712e97,634
EXP-MEDIA-068,More than 4 000 jobs on the line as Sibanye considers future of four South African PGM shafts,2023,Engineering News,expanded_media_candidates_batch3.csv,https://www.engineeringnews.co.za/article/more-than-4-000-jobs-on-the-line-as-sibanye-considers-future-of-four-south-african-pgm-shafts-2023-10-25,https://www.engineeringnews.co.za/article/more-than-4-000-jobs-on-the-line-as-sibanye-considers-future-of-four-south-african-pgm-shafts-2023-10-25,c8130f1cf77790df56e4a3d8ff92fd5f9a5238865f42327a44a731c53b41be67,a9e066556c7e491531c104942b635bd16ca6d442517445e04088b00c21e6828e,992
EXP-MEDIA-069,"For the platinum Industry, Marikana was a ‘Mechanisation Moment’",2019,Daily Maverick,expanded_media_candidates_batch3.csv,https://www.dailymaverick.co.za/article/2019-08-16-for-the-platinum-industry-marikana-was-a-mechanisation-moment/,https://www.dailymaverick.co.za/article/2019-08-16-for-the-platinum-industry-marikana-was-a-mechanisation-moment/,d875e12038c0527e3376644a96f6bbebfe9d220842e327da8ea2e67e32538c74,154cd65fadc9cdd8902962f40dba2aa5b55890b0a3177e37debfd665021f0118,1175
EXP-MEDIA-070,How the twilight of South Africa’s migrant labour system spawned a social apocalypse,2022,Daily Maverick,expanded_media_candidates_batch3.csv,https://www.dailymaverick.co.za/article/2022-11-27-how-the-twilight-of-sas-migrant-labour-system-spawned-a-social-apocalypse/,https://www.dailymaverick.co.za/article/2022-11-27-how-the-twilight-of-sas-migrant-labour-system-spawned-a-social-apocalypse/,f9cc68329b2421257aee773b54ea48d6103f8ff24b724d0d6a1d15c02827f80d,cc37721a52a26a08a08d796f7f65cec805a80b1d17cb8e0fcdb366ccb45b903f,4078
EXP-MEDIA-071,Cooling of labour militancy in SA’s mines mirrors decline of migrant labour system,2022,Daily Maverick,expanded_media_candidates_batch3.csv,https://www.dailymaverick.co.za/article/2022-11-28-cooling-of-labour-militancy-in-sas-mines-mirrors-decline-of-migrant-labour-system/,https://www.dailymaverick.co.za/article/2022-11-28-cooling-of-labour-militancy-in-sas-mines-mirrors-decline-of-migrant-labour-system/,112db012eddc34475f82252d175fd8f8e2dbecae5eae14521dde793cb92140d7,5fbfa06e0750244b8c77cc0eed13427cbfa9cbf10197f39c8f76a16312c6eae2,1245
SAT-EARLY-MEDIA-001,Lonmin inks landmark BEE deals with traditional community,2014,Mining Weekly,expanded_media_candidates_saturation_2010_2018.csv,https://www.miningweekly.com/article/lonmin-inks-landmark-bee-deals-with-traditional-community-2014-07-30,https://www.miningweekly.com/article/lonmin-inks-landmark-bee-deals-with-traditional-community-2014-07-30,b086c4a93dfa8d6343c3d0eb18321b6fd697aaed658632bb2c4ad11afd44b154,2b52a2f3771954cc9c0611a8c3969710cd78951799e379b6777994c8e36ea6df,1140
SAT-EARLY-MEDIA-002,Missing millions from Lonmin fund prompts community pay reform,2016,Mining Weekly / Bloomberg,expanded_media_candidates_saturation_2010_2018.csv,https://www.miningweekly.com/article/missing-millions-from-lonmin-fund-prompts-community-pay-reform-2016-08-04,https://www.miningweekly.com/article/missing-millions-from-lonmin-fund-prompts-community-pay-reform-2016-08-04,11c46b77cfdca8a68b3b030d985492fd65ea7aa9fb70bb89a91052980d089a3f,d4c29bb2b91c27f40b5e62890d3bfc123a3cf7645a9996f27d064992f0c6da37,737
SAT-EARLY-MEDIA-005,Bapo cancel protest march against Lonmin after reaching new employment deal,2015,Mining Weekly / African News Agency,expanded_media_candidates_saturation_2010_2018.csv,https://www.miningweekly.com/article/bapo-cancel-protest-march-against-lonmin-after-reaching-new-employment-deal-2015-06-17,https://www.miningweekly.com/article/bapo-cancel-protest-march-against-lonmin-after-reaching-new-employment-deal-2015-06-17,9f7df623f6d3cbd71105fc803b08af9285d4f90ef3aeb618746e543a07e59e99,cb54a9dcc41c76e674d821d58c19fbfd068dbd1361aecd094902508a5e6ca8c5,685
SAT-EARLY-MEDIA-006,Power shift in unions could mean a difficult time ahead in SA platinum belt,2013,Mining Weekly,expanded_media_candidates_saturation_2010_2018.csv,https://www.miningweekly.com/article/power-shift-in-unions-could-mean-a-difficult-time-ahead-in-sa-platinum-belt-2013-06-28,https://www.miningweekly.com/article/power-shift-in-unions-could-mean-a-difficult-time-ahead-in-sa-platinum-belt-2013-06-28,2330a14ed3aef7ceef1806736ab8283aebe00ac66b90cd612c96111ef253e964,5df87ded47178f9ff14dc5b2ba8dbc55012c957c0e13d53ddf8668a920a2cb84,1394
SAT-EARLY-MEDIA-007,Lonmin artisan college forging ahead despite 2012 setbacks,2013,Mining Weekly,expanded_media_candidates_saturation_2010_2018.csv,https://www.miningweekly.com/article/lonmin-artisan-college-forging-ahead-despite-2012-setbacks-2013-03-05,https://www.miningweekly.com/article/lonmin-artisan-college-forging-ahead-despite-2012-setbacks-2013-03-05,38a6ca6d72c4b9b50dac9287213286636510f51e14c9b6b071af9964656ad779,343c41226d19d33ca448c5608c5f9a7100c5b0d7e317e2cc58b26d44a2701cac,752
SAT-EARLY-MEDIA-008,HONOURING AGREEMENTS,2013,Mining Weekly,expanded_media_candidates_saturation_2010_2018.csv,https://www.miningweekly.com/article/honouring-agreements-2013-03-15,https://www.miningweekly.com/article/honouring-agreements-2013-03-15,34d5f9170149e3aa0bc665d74547d43fcdb5880f9bb7f1eb8b826dea3446fcba,8d7cabe1afb3ab1c7d35fb5cbf6d00de41dba345966623062bc8bc38f7116b2b,431
SAT-EARLY-MEDIA-011,"Marikana: NPA drops 'common purpose' charges, but critical questions remain",2012,Daily Maverick,expanded_media_candidates_saturation_2010_2018.csv,https://www.dailymaverick.co.za/article/2012-09-03-marikana-npa-drops-common-purpose-charges-but-critical-questions-remain/,https://www.dailymaverick.co.za/article/2012-09-03-marikana-npa-drops-common-purpose-charges-but-critical-questions-remain/,9de7bac13653116309fc73abebe95c7d137444b86956a933ec956c4c85414d82,a827f850c75a626e21c8b32dfb22450141e36e6935f7ccd09bf44c45c5c1b257,2239
SAT-EARLY-MEDIA-012,A tale of two worlds - Sun City and Marikana,2012,Daily Maverick,expanded_media_candidates_saturation_2010_2018.csv,https://www.dailymaverick.co.za/article/2012-09-03-a-tale-of-two-worlds-sun-city-and-marikana/,https://www.dailymaverick.co.za/article/2012-09-03-a-tale-of-two-worlds-sun-city-and-marikana/,8b20ecfedcdc6571adccb7abfbd0d9b887606c9bf412b88e1504bcc83db3fe54,ac2a67850d3a8175140e0ba6032ec7aeafdac92dcf53075b8a3c13ab95ec87d6,819
SAT-EARLY-MEDIA-015,NUM Lonmin chairperson shot dead in Marikana,2013,Engineering News / Reuters,expanded_media_candidates_saturation_2010_2018.csv,https://www.engineeringnews.co.za/article/num-lonmin-chairperson-shot-dead-in-marikana-2013-10-18,https://www.engineeringnews.co.za/article/num-lonmin-chairperson-shot-dead-in-marikana-2013-10-18,2ca1be77446e60ba01e73296ef27a6f66b285a7262657e5df1bbe6d6c2aadf1b,f902b702ba95dcae4c18469e5981ac11b53189644d178b88570e08e02600cfb1,591
SAT-EARLY-MEDIA-016,"Some return to work, others strike",2014,Engineering News / Sapa,expanded_media_candidates_saturation_2010_2018.csv,https://www.engineeringnews.co.za/article/some-return-to-work-others-strike-2014-05-14,https://www.engineeringnews.co.za/article/some-return-to-work-others-strike-2014-05-14,a633bcbe6af6a15938a3db43c5912ad97c4edb7c6a4157a2426d095bd2905395,54d3b6d07d03a9838499efc93e4eb89a84bb29ba0a359b0f87ef434edf90d30e,759
SAT-EARLY-MEDIA-018,Platinum miner aims to complete housing project by 2014,2013,Mining Weekly,expanded_media_candidates_saturation_2010_2018.csv,https://www.miningweekly.com/article/platinum-miner-aims-to-complete-housing-project-by-2014-2013-03-29,https://www.miningweekly.com/article/platinum-miner-aims-to-complete-housing-project-by-2014-2013-03-29,bb993e032514dcaeef20bf8c81e0932cfeba81167ce7464df23e80d4a1286dfc,f64859a3cc39c64ad235e05d944f60c1b9ae858c87cd87ed7c526c496d334f87,1090
SAT-MEDIA-001,"Another year, another Marikana commemoration - but betrayal, neglect and injustice are still there",2019,Daily Maverick,expanded_media_candidates_saturation_2019_2023.csv,https://www.dailymaverick.co.za/article/2019-08-16-another-year-another-marikana-commemoration-but-betrayal-neglect-and-injustice-are-still-there/,https://www.dailymaverick.co.za/article/2019-08-16-another-year-another-marikana-commemoration-but-betrayal-neglect-and-injustice-are-still-there/,3f23e004356fca744cd8ee165148aa99f36ab438e59b78b1e9905f98b92b8191,c4bd63527bc078f97741de8f859db9ff066378622a780a2c79a2939d640a9c49,1383
SAT-MEDIA-002,Sibanye-Stillwater defeats mining communities challenging R5.4bn Lonmin merger,2019,Daily Maverick,expanded_media_candidates_saturation_2019_2023.csv,https://www.dailymaverick.co.za/article/2019-09-09-sibanye-stillwater-defeats-mining-communities-challenging-r5-4bn-lonmin-merger/,https://www.dailymaverick.co.za/article/2019-09-09-sibanye-stillwater-defeats-mining-communities-challenging-r5-4bn-lonmin-merger/,897e406af4bba97d3be7d3d759aaddf29c9ae1ff2469e8fca46b90c7e5f8a1c9,a02549a1876e4f686d43896ea85910d345433912b42be26445cb1a72d2fe0bcb,716
SAT-MEDIA-003,"Eight years later, families of killed Marikana miners still seek justice",2020,Daily Maverick,expanded_media_candidates_saturation_2019_2023.csv,https://www.dailymaverick.co.za/article/2020-08-14-eight-years-later-families-of-killed-marikana-miners-still-seek-justice/,https://www.dailymaverick.co.za/article/2020-08-14-eight-years-later-families-of-killed-marikana-miners-still-seek-justice/,0efab5daf338cbd0df894d5eed911bdaff124e0aaf7cde889e3520c418ad2e38,031402a7167ac48f70c46956584f7575db43caf4bfd9e2c0b424f1e63a6faf9c,918
SAT-MEDIA-013,Sibanye files court papers to oppose application to halt R5.2bn Lonmin merger,2019,Mining Weekly,expanded_media_candidates_saturation_2019_2023.csv,https://www.miningweekly.com/article/sibanye-files-court-papers-to-oppose-application-to-halt-r52bn-lonmin-merger-2019-08-02,https://www.miningweekly.com/article/sibanye-files-court-papers-to-oppose-application-to-halt-r52bn-lonmin-merger-2019-08-02,a86547d2d24300ac47d9272c02b09de70ec1137ed1c5cb37c272eec535d33efe,6dc123b6cd5951bcb9bcfb23483bc8086b7a488e08d76d010e7794a9418f3678,875
SAT-MEDIA-014,Sibanye says ConCourt dismisses GLC's applications,2019,Mining Weekly,expanded_media_candidates_saturation_2019_2023.csv,https://www.miningweekly.com/article/sibanye-says-concourt-dismisses-glcs-applications-2019-09-05,https://www.miningweekly.com/article/sibanye-says-concourt-dismisses-glcs-applications-2019-09-05,40d342514218bee8b0535770bc822d6f44af4d0a8ffb91202aeb6208f2d51c0d,b61bf7ded84a92226a5fd4f82058666ac898ffb023846ce66cc09239ed2d6cd5,573
SAT-MEDIA-015,Sibanye-Stillwater restructures historical Lonmin BEE structure,2021,Mining Weekly,expanded_media_candidates_saturation_2019_2023.csv,https://www.miningweekly.com/article/sibanye-stillwater-restructures-historical-lonmin-bee-structure-2021-04-14,https://www.miningweekly.com/article/sibanye-stillwater-restructures-historical-lonmin-bee-structure-2021-04-14,e4a8dc3b978762f8a4747b5b364c8874c7bfe82776a77f2c6d3d283957ca74fa,ef4a2bd6c96b68cd68ebd992cdedd3d9b0d9fe17595c6ceed5cbba835e0f9887,602
SAT4-MEDIA-001,Lesson from Marikana: The other side of above-inflation pay rises,2019,Daily Maverick,expanded_media_candidates_saturation_batch4.csv,https://www.dailymaverick.co.za/article/2019-07-10-lesson-from-marikana-the-other-side-of-above-inflation-pay-rises/,https://www.dailymaverick.co.za/article/2019-07-10-lesson-from-marikana-the-other-side-of-above-inflation-pay-rises/,a6804fe6683850a363e863922d3f63e1340f6a6c809c8bc20f3d6110e7fbbf42,3580d85d4f196d0d071fb44338282f60640c824ad9afc6beeba233c796706d29,900
SAT4-MEDIA-005,Marikana and the police: It's been a decade and the SAPS has learnt nothing,2022,Daily Maverick,expanded_media_candidates_saturation_batch4.csv,https://www.dailymaverick.co.za/article/2022-08-13-marikana-and-the-police-its-been-a-decade-and-theyve-learnt-nothing/,https://www.dailymaverick.co.za/article/2022-08-13-marikana-and-the-police-its-been-a-decade-and-theyve-learnt-nothing/,c6ff625bfa91fc4048a08583775c76c6a5fc86cfdd03f8c158b606b96039411b,52bc0caaef61f3d9c5eeb06d9b7ca5002db0bb554cf3bd23c76b8defe3f13a8f,1747
SAT4-MEDIA-006,Ten years on: The possibility of holding Cyril Ramaphosa personally liable for the Marikana tragedy,2022,Daily Maverick,expanded_media_candidates_saturation_batch4.csv,https://www.dailymaverick.co.za/article/2022-08-15-10-years-on-the-possibility-of-personal-liability-for-ramaphosa-for-marikana/,https://www.dailymaverick.co.za/article/2022-08-15-10-years-on-the-possibility-of-personal-liability-for-ramaphosa-for-marikana/,b4af795fbe97baea2af65860926c5f7f11bc953cbd312f83b175c828ef7d7305,89864bd2ae3b43c31f6a1a5682f65612890fd1d55e9dabcaa4b9e90de1ce5f9a,1279
SAT4-MEDIA-007,"Marikana massacre: Ten years on, the truth-tellers still carry the weight of what they uncovered",2022,Daily Maverick,expanded_media_candidates_saturation_batch4.csv,https://www.dailymaverick.co.za/article/2022-08-15-ten-years-on-the-marikana-truth-tellers-still-carry-the-weight-of-what-they-uncovered/,https://www.dailymaverick.co.za/article/2022-08-15-ten-years-on-the-marikana-truth-tellers-still-carry-the-weight-of-what-they-uncovered/,806e66c051d77778f5297af9bb8f5b1aad3517a35be614f5ccda4b06da77a52f,b6726a47f883af8b59913010708c37ceb469da91bd9b86e994a39137b840bb0d,1907
SAT4-MEDIA-008,Marikana bereaved say no healing can occur until someone takes responsibility,2022,Engineering News,expanded_media_candidates_saturation_batch4.csv,https://www.engineeringnews.co.za/article/marikana-bereaved-say-no-healing-can-occur-until-someone-takes-responsibility-2022-08-18,https://www.engineeringnews.co.za/article/marikana-bereaved-say-no-healing-can-occur-until-someone-takes-responsibility-2022-08-18,63df4e3e6faeb5aabec5e76a360e255d33ec0fffa223b266ab1246f07509f521,584828879c2295a7c07be779d571edfe5299b128246c105556760aad82319450,929
SAT4-MEDIA-009,"Lonmin working hard to improve living conditions, says CEO Magara",2016,Engineering News,expanded_media_candidates_saturation_batch4.csv,https://www.engineeringnews.co.za/article/lonmin-working-hard-to-improve-living-conditions-says-ceo-magara-2016-08-16,https://www.engineeringnews.co.za/article/lonmin-working-hard-to-improve-living-conditions-says-ceo-magara-2016-08-16,02504c0beb484499e181ee912795927512d3fdf6e92e1bf2593c1e271eb58a47,5b33e3d0b64a90eb1eb64b18050e15ab5cfe520fcffcb637315394a2f48f3863,773
SAT4-MEDIA-010,South Africa platinum union to restart trust for Marikana miners,2016,Engineering News / Bloomberg,expanded_media_candidates_saturation_batch4.csv,https://www.engineeringnews.co.za/article/south-africa-platinum-union-to-restart-trust-for-marikana-miners-2016-08-15,https://www.engineeringnews.co.za/article/south-africa-platinum-union-to-restart-trust-for-marikana-miners-2016-08-15,e201768e5bfba34cc20f4b43b15c848c2fe7ebcf558a048f502b6e1097ff3e51,fd3e6612289615d31bb88c6218e52fe892f04df165d2bc218a91ba2fac96773f,452
SAT4-MEDIA-011,AMCU signs three-year wage deal with Lonmin,2016,Engineering News,expanded_media_candidates_saturation_batch4.csv,https://www.engineeringnews.co.za/article/amcu-signs-three-year-wage-deal-with-lonmin-2016-10-31,https://www.engineeringnews.co.za/article/amcu-signs-three-year-wage-deal-with-lonmin-2016-10-31,793c8036e55f79d3b061f46d316c94d201c2a2bce1f7eeba18f3bcabab4cfd5c,a056a1efe5df4af1f307a2f02b00ca616c2023c5d2ba8146712fd29d0aad6b11,729
SAT5-MEDIA-001,"Farlam finds against Lonmin, recommends enforced housing delivery",2015,Mining Weekly / Creamer Media,expanded_media_candidates_saturation_batch5.csv,https://www.engineeringnews.co.za/article/marikana-report-2015-06-25,https://www.engineeringnews.co.za/article/marikana-report-2015-06-25,364d355f027eb5d955518832ded8df923a11a9e5e461b27e89a23dbb5678b920,5daae97ce56bdc2ba52a5141a66727177ac6e37a5cef91fad9bf2d334b7937b4,2739
SAT6-MEDIA-003,Court dismisses Riah Phiyega’s attempt to overturn findings of Marikana Commission,2021,Daily Maverick,expanded_media_candidates_saturation_batch6.csv,https://www.dailymaverick.co.za/article/2021-06-20-court-dismisses-riah-phiyegas-attempt-to-overturn-findings-of-marikana-commission/,https://www.dailymaverick.co.za/article/2021-06-20-court-dismisses-riah-phiyegas-attempt-to-overturn-findings-of-marikana-commission/,5a5e92d1161a8b0a3f7f607a21832ae206d885b5a67c56a27f89e5261f9ba083,467db209539fe71acc8aea7f33e3345f4d409fbb9d16fc493d36fab683061e5d,1353
SAT7-MEDIA-001,Marikana Commission: Ramaphosa walks the line,2014,Daily Maverick,expanded_media_candidates_saturation_batch7.csv,https://www.dailymaverick.co.za/article/2014-08-13-marikana-commission-ramaphosa-walks-the-line/,https://www.dailymaverick.co.za/article/2014-08-13-marikana-commission-ramaphosa-walks-the-line/,53ca6fcd2254198f191ee933cde315b4b73333064b975f922e87ecea3407fa4d,643f5cab79d19373e0542eb0c05251f4aac3b5bdf00ac3ae617ba10b7ed9ee2b,1565
SAT7-MEDIA-002,Marikana Commission: Police’s defence collapsing,2014,Daily Maverick,expanded_media_candidates_saturation_batch7.csv,https://www.dailymaverick.co.za/article/2014-09-09-marikana-commission-polices-defence-collapsing/,https://www.dailymaverick.co.za/article/2014-09-09-marikana-commission-polices-defence-collapsing/,c3977772263ec3936ae5bee3a392198c739434209d7644924cf2d6e5328bbd8a,ee8832e468ec5d18937d551b3013562e5aaa215e68dd42d8f91f588f11330981,1590
SAT8-MEDIA-001,Marikana Commission: Mthethwa under fire,2014,Daily Maverick,expanded_media_candidates_saturation_batch8.csv,https://www.dailymaverick.co.za/article/2014-07-16-marikana-commission-mthethwa-under-fire/,https://www.dailymaverick.co.za/article/2014-07-16-marikana-commission-mthethwa-under-fire/,8bb599bdd3bd94e4dba35fc75dfd95cd868f80fb7d967881f309a271f9f91e4b,087f6a62fb0ab8e92b98c04f7fe8732513316368d08e376fb8666559aae1d705,1388
SAT8-MEDIA-002,Marikana Commission: Riah Phiyega's impossibly hazy memory,2014,Daily Maverick,expanded_media_candidates_saturation_batch8.csv,https://www.dailymaverick.co.za/article/2014-09-11-marikana-commission-riah-phiyegas-impossibly-hazy-memory/,https://www.dailymaverick.co.za/article/2014-09-11-marikana-commission-riah-phiyegas-impossibly-hazy-memory/,723413fc36ea47b5740a8b191acebefc9a97f9435c8a7886441b22b348f6d43a,413d25fa63cd15b46c5b6de540ec2046af2bfc92679f9f8e2213056ad15a5ae0,1266
SAT8-MEDIA-003,"Marikana Commission: Under oath, Phiyega’s bald-faced lie exposed",2013,Daily Maverick,expanded_media_candidates_saturation_batch8.csv,https://www.dailymaverick.co.za/article/2013-03-19-marikana-commission-under-oath-phiyegas-bald-faced-lie-exposed/,https://www.dailymaverick.co.za/article/2013-03-19-marikana-commission-under-oath-phiyegas-bald-faced-lie-exposed/,4c24ad64f8b032621a4324f86cbdbdbb78489bf9e2ec28e7084bca94375cc41f,771fd37907c79215ddb37f6cabd38b984f0c5d860ad13b2d3fadf5abfefc48a7,1487
SAT8-MEDIA-004,Marikana Commission: Phiyega’s bad start gets worse,2013,Daily Maverick,expanded_media_candidates_saturation_batch8.csv,https://www.dailymaverick.co.za/article/2013-03-19-marikana-commission-phiyegas-bad-start-gets-worse/,https://www.dailymaverick.co.za/article/2013-03-19-marikana-commission-phiyegas-bad-start-gets-worse/,36ca2de4e622713a5aa175a2d2b6da4b7de0c14d43ba839d1d5b226f087df5ec,c24230f6d9167ed7e6f423f15356d7963f9431e0b4da2d7c75e2834794ea0312,1067
SAT8-MEDIA-005,Marikana: Phiyega on the attack and Malema on new legal and political crusade,2015,Daily Maverick,expanded_media_candidates_saturation_batch8.csv,https://www.dailymaverick.co.za/article/2015-07-03-marikana-phiyega-on-the-attack-and-malema-on-new-legal-and-political-crusade/,https://www.dailymaverick.co.za/article/2015-07-03-marikana-phiyega-on-the-attack-and-malema-on-new-legal-and-political-crusade/,fc37df7656a7ad2814feded4ddc98de558c28c97c2892a53645b03c4834f7323,be91f126b179c3ea84c041a7a56cf6b5e2600aa724acb0e485e0f21c45363a30,1510
SAT8-MEDIA-006,"Marikana report: Despite the release promise, pressure on Zuma persists",2015,Daily Maverick,expanded_media_candidates_saturation_batch8.csv,https://www.dailymaverick.co.za/article/2015-05-27-marikana-report-despite-the-release-promise-pressure-on-zuma-persists/,https://www.dailymaverick.co.za/article/2015-05-27-marikana-report-despite-the-release-promise-pressure-on-zuma-persists/,f52d4fe5b8ab92e3f3f3abc423ef991d982117ace4f582704a3dd69173a94890,0145dead05981fa047718eafcd25df6795b6ab570bf0c60153b61abdaf70cee4,1367
WEB-MEDIA-002,Marikana and the many faces of justice,2021,Daily Maverick,expanded_media_candidates_web_2019_2023.csv,https://www.dailymaverick.co.za/article/2021-08-22-marikana-and-the-many-faces-of-justice/,https://www.dailymaverick.co.za/article/2021-08-22-marikana-and-the-many-faces-of-justice/,356c4369f870f54580d480408e4dbe7e85ae909b980ccb236cd1ec192b37ffff,511f6e6b379ee9ed86e985127e944ff8887c52c0f229f439e340f192079ba365,885
WEB-MEDIA-003,Marikana massacre commemorated with second yearly memorial lecture,2021,Mining Weekly,expanded_media_candidates_web_2019_2023.csv,https://www.miningweekly.com/article/marikanamassacre-commemorated-with-second-yearly-memorial-lecture-2021-08-17,https://www.miningweekly.com/article/marikanamassacre-commemorated-with-second-yearly-memorial-lecture-2021-08-17,b2fd281d5c4d24b89c63362e4809ef22ef2544a6cb70238ed5c3285f17c95d8a,b996b496c0b13e7e24a611d5c30884511e14d11cbb6ad7c5d284685842da5505,1156
WEB-MEDIA-004,Sibanye continues to make reparations at Marikana,2022,Mining Weekly,expanded_media_candidates_web_2019_2023.csv,https://www.miningweekly.com/article/sibanye-continues-to-make-reparations-at-marikana-2022-07-15,https://www.miningweekly.com/article/sibanye-continues-to-make-reparations-at-marikana-2022-07-15,b760adf89dc49e1236a10d39d51b457b951d5ec18eed155ee44da1c2ea1c2d86,85f2f5ba9538dbc9941670775b274bea0baa0bd45ea1b1df425624e522f98a99,1582
WEB-MEDIA-005,Human rights orgs are seeking accountability for failed Marikana housing,2022,Mining Weekly,expanded_media_candidates_web_2019_2023.csv,https://www.miningweekly.com/article/human-rights-orgs-are-seeking-accountability-for-failed-marikana-housing-2022-08-16,https://www.miningweekly.com/article/human-rights-orgs-are-seeking-accountability-for-failed-marikana-housing-2022-08-16,4b7e9216b023d2b5d9e41fc273840348deb0721053fdaa49b08860545f52d109,5535ed589c1e18fb3a1f72909ede296e2057742197ea61f9c88a8e8b05ad8ea8,1140
WEB-MEDIA-007,After the Bell: South African miners are by no means earning the 'slave wages' asserted by Amcu leader,2023,Daily Maverick,expanded_media_candidates_web_2019_2023.csv,https://www.dailymaverick.co.za/article/2023-12-10-after-the-bell-sa-miners-are-by-no-means-earning-the-slave-wages-asserted-by-amcus-mathunjwa/,https://www.dailymaverick.co.za/article/2023-12-10-after-the-bell-sa-miners-are-by-no-means-earning-the-slave-wages-asserted-by-amcus-mathunjwa/,7f6838d27524738edd84cc3cc91764077cbf83c6ec4d9ecbfa7309fa7c5528a7,bfbc32ec233982d3a7c8f59ade02777d935b43d9f1bfae9580a606235daa6448,1017
EXP-NGO-001,Coping with Unsustainability: Policy Gap 7 – Lonmin 2003–2012,2013,Bench Marks Foundation,expanded_ngo_candidates_batch1.csv,https://www.bench-marks.org.za/wp-content/uploads/2021/02/lonmin_report_print-1.pdf,https://www.bench-marks.org.za/wp-content/uploads/2021/02/lonmin_report_print-1.pdf,bd454f4acde184b55498af08f9367ba583497601be1596b9c28c8b771628014f,ca75026eb51736a6b37cd49f234d7925105495656b2096b6cdc90f6f06f5b2e3,26644
EXP-NGO-002,"Platinum for the World Market, Iron Shacks for the Workers: Living and Working Conditions in Marikana Five Years After the Massacre",2017,Bread for the World / Bench Marks Foundation,expanded_ngo_candidates_batch1.csv,https://www.brot-fuer-die-welt.de/fileadmin/mediapool/blogs/Dossing_Helle/platinum_for_the_world.final_.pdf,https://www.brot-fuer-die-welt.de/fileadmin/mediapool/blogs/Dossing_Helle/platinum_for_the_world.final_.pdf,688ea7c230d46768a10ecb41dee40a368a39f6cf42284c4d5ab238d172152516,93ab49ffbfaadc7750e2ddd9f961b5780cb6b655e46842283fb23c9404cb0344,20808
EXP-NGO-003,Lonmin Social and Labour Plan Analysis: Qualitative and Quantitative Assessment,2014,South African Human Rights Commission / Marikana Commission,expanded_ngo_candidates_batch1.csv,https://www.sahrc.org.za/home/21/files/Lonmin%20Social%20and%20Labour%20Plan%20Analysis%20Qualitative%20and%20Quantitative%20Assessment%20%28Final%29%5B1%5D.pdf,https://sahrc.org.za/home/21/files/Lonmin%20Social%20and%20Labour%20Plan%20Analysis%20Qualitative%20and%20Quantitative%20Assessment%20(Final)[1].pdf,f87f772abdc69db9f464df2a8f2934bc76ea5902328b3ed87788fdc45c643205,ff7acb6137d8640850815187a4ba9f9a40f520d5dcf450c961a3f51231d88d80,16506
EXP-NGO-004,"Nothing has changed for the better, things are worse",2022,Bench Marks Foundation,expanded_ngo_candidates_batch1.csv,https://www.bench-marks.org.za/nothing-has-changed-for-the-better-things-are-worse/,https://www.bench-marks.org.za/nothing-has-changed-for-the-better-things-are-worse/,a1291429b0edd272ba772de2434b839c34d17c3646acade690a9b9b63c2a2616,d250032f4dd4206485535401665006746cf2eb7ee708b986b44f136f1ccaa89f,5886
EXP-NGO-005,Smoke and Mirrors: Lonmin's failure to address housing conditions at Marikana,2016,Amnesty International,expanded_ngo_candidates_batch1.csv,https://www.amnesty.org/en/wp-content/uploads/2021/05/AFR5345522016ENGLISH.pdf,https://www.amnesty.org/en/wp-content/uploads/2021/05/AFR5345522016ENGLISH.pdf,1321bd90a7dd9d43e259f0c282042dc86ae9abbbe8647a1a5460718780bb4b8a,94e65ee9c3b62d7c0689a3a07d9dbaf2773f6f7f540a79f93d1ef4a569c0ab05,30013
EXP-NGO-006,Carrying the Costs: Human rights impacts in communities affected by platinum mining in South Africa,2018,Swedwatch with Bench Marks Foundation,expanded_ngo_candidates_batch1.csv,https://www.bench-marks.org.za/wp-content/uploads/2021/02/carrying_the_costs.pdf,https://www.bench-marks.org.za/wp-content/uploads/2021/02/carrying_the_costs.pdf,b189cd1ca0d3c430498d0aa4ba760d2cde83eff1147fd0664a8abc91cfc88a34,469234397da814bf28f673e6170fac20bce8706cf6385560ca9077e63e49ae35,16593
EXP-NGO-008,SERI to represent AMCU at the Marikana Commission,2012,Socio-Economic Rights Institute of South Africa,expanded_ngo_candidates_batch2.csv,https://www.seri-sa.org/images/stories/seri_mediastatement_amcu_14sep12.pdf,https://www.seri-sa.org/images/stories/seri_mediastatement_amcu_14sep12.pdf,5db9427067f74813b5140d4d84c23cf01a0d74c95988ddac150683a9ba17ae86,42d3f2ebebdb1a2de412c22c1d2655558f2e24fe332129c4d2279878d2dea32d,129
EXP-NGO-009,Civil Society Statement Regarding the Killings at Marikana: A Demand for Justice and Truth,2012,SERI and South African civil-society organisations,expanded_ngo_candidates_batch2.csv,https://www.seri-sa.org/images/stories/marikana_civil_society_statement_13_september_2012_.pdf,https://www.seri-sa.org/images/stories/marikana_civil_society_statement_13_september_2012_.pdf,4b8b714e0cc4066b8e15ba651ace9e5b4a148dcbfc957686c3c1110f141dd767,4428dfbd225076e104254bcfa2a86026914854dbc3cd51fccf6f3be764ede21c,1323
EXP-NGO-010,Police Intimidation of Witnesses at Marikana Commission of Inquiry,2012,Socio-Economic Rights Institute of South Africa,expanded_ngo_candidates_batch2.csv,https://abahlali.org/node/9299/,https://abahlali.org/node/9299/,5073470d3cd8c1e9bb159cdc125e54d223ba213c22ae2b57aaec8c8338924eb7,7bd1eca73ff697a329be6bc7ffe5b44294287ae99e49ee7edbd0d14d25110ee0,550
EXP-NGO-011,Families of Marikana deceased demand payment from SAPS,2013,Socio-Economic Rights Institute of South Africa,expanded_ngo_candidates_batch2.csv,https://www.seri-sa.org/images/stories/Marikana_damages_pressrelease_28Feb13_final.pdf,https://www.seri-sa.org/images/stories/Marikana_damages_pressrelease_28Feb13_final.pdf,bf1de03ce7b25b657d808c56e3b49b451cc725a8670ea4e61f99b545992c34fe,99b67f57eea2f82649fd7e20148d17e5de36de2f9989108e58aafcbc55e45e5f,386
EXP-NGO-013,Families of slain Marikana miners want the truth about massacre to be revealed,2020,Socio-Economic Rights Institute of South Africa,expanded_ngo_candidates_batch2.csv,https://www.seri-sa.org/images/SERI_Statement-Marikana_families_want_the_truth_revealed.pdf,https://www.seri-sa.org/images/SERI_Statement-Marikana_families_want_the_truth_revealed.pdf,4bd7cff39cbdc8e3da20fa9059e4fe17527edeaaa4649368ced30a6d4fcc1c96,f62138ed89d4214b2ef02f68d897222b098a5f170b14f6ff1a7665b9e553ff1b,351
EXP-NGO-014,"Eight years since Marikana, the brutality and lack of accountability continues",2020,Socio-Economic Rights Institute of South Africa,source_overrides,https://www.seri-sa.org/images/SERI_Press_statement_Marikana_8th_anniversary_FINAL.pdf,https://www.seri-sa.org/images/SERI_Press_statement_Marikana_8th_anniversary_FINAL.pdf,190808aec2bb6ebe7b56e4f1d0a9a4318392dd7b2d4ad10304cb4e20b327a75f,b459e4cd24bd76ece54cf81d998a4834ec7f69840baaafaca86fb5b32762718d,451
EXP-NGO-015,SERI commemorates the 9th anniversary of the Marikana massacre,2021,Socio-Economic Rights Institute of South Africa,expanded_ngo_candidates_batch2.csv,https://www.seri-sa.org/index.php/more-news/1185-advocacy-seri-commemorates-the-9th-anniversary-of-the-marikana-massacre-15-september-2021,https://www.seri-sa.org/index.php/more-news/1185-advocacy-seri-commemorates-the-9th-anniversary-of-the-marikana-massacre-15-september-2021,cdf635ccad5e9ec041ff6a7e6db6a7ad5fb383983b1a05bc56cf2ab18f4f0bad,c2ff1d31339a37e96bb15cf1c81d98e5caace5abe1ef195d61218ee03c5e4398,788
EXP-NGO-016,Ten years since the Marikana massacre,2022,Socio-Economic Rights Institute of South Africa,expanded_ngo_candidates_batch2.csv,https://seri-sa.org/images/SERI_Press_statement__10_years_since_Marikana_FINAL.pdf,https://seri-sa.org/images/SERI_Press_statement__10_years_since_Marikana_FINAL.pdf,26e925fae3ff1abf7427a8a317ade6bfd13b158d90dd30f1eeb7c76b5e0c6603,8803e3eaddbbb69c80f7ddf1956fa852e1a2507cea2a57d3338a80eedf2edba2,585
EXP-NGO-017,11 years later: The victims of the Marikana Massacre still await justice,2023,Socio-Economic Rights Institute of South Africa,expanded_ngo_candidates_batch2.csv,https://www.seri-sa.org/images/Final_SERI_Press_statement__Marikana_11th_anniversary.pdf,https://www.seri-sa.org/images/Final_SERI_Press_statement__Marikana_11th_anniversary.pdf,09bb2efefa4f2ea66c69e8d6cebd909ad99abb4dc09375513bcfd224c7e7622c,c5b5b328665308e4d03074c5e895b129d408ccfd2b6f4ccdb1ccd356e078946e,1010
EXP-NGO-018,Marikana: Response to Solicitor General's Media Briefing,2023,Socio-Economic Rights Institute of South Africa,expanded_ngo_candidates_batch2.csv,https://www.seri-sa.org/images/FINAL_SERI_Press_statement__Marikana_claims_2023_20230818.pdf,https://www.seri-sa.org/images/FINAL_SERI_Press_statement__Marikana_claims_2023_20230818.pdf,cbce267b64c94ee98ae71977cf36ee625e34a2e5465bb723d7d0f512534c7e82,82580c21106c497ee8cc678af17895318c2d34b0b6a8fe83bd9de23ad52f319a,1218
EXP-NGO-019,South Africa: Marikana mine killings inquiry must be robust and visibly impartial,2012,Amnesty International,expanded_ngo_candidates_batch2.csv,https://www.amnesty.org.uk/knowledge-hub/all-resources/south-africa-marikana-mine-killings-inquiry-must-be-robust-and-visibly-impartial/,https://www.amnesty.org.uk/knowledge-hub/all-resources/south-africa-marikana-mine-killings-inquiry-must-be-robust-and-visibly-impartial/,ee06683493df96088a38158ce507544a4933266673ce2634ed251834e2ecb32d,eaae0d787e76ec3575fd4fb77a231be77acbd0e7f37c3c5f0c9438bfc603c95d,594
EXP-NGO-020,South Africa: Unlawful force and the pattern of concealment: Barriers to accountability for the killings at Marikana,2014,Amnesty International,expanded_ngo_candidates_batch2.csv,https://www.amnesty.org/en/wp-content/uploads/2023/05/AFR530042014ENGLISH.pdf,https://www.amnesty.org/en/wp-content/uploads/2023/05/AFR530042014ENGLISH.pdf,2bcc160308c9a823a26ccea1e46b493d4e96f3a6072000fd0740207b2f1f8ffb,17720fed8e7236714b452139faf6756f287cfe3d693d7d8ae5e991b348b8cf15,7158
EXP-NGO-021,South Africa: President Zuma must urgently make Marikana findings public,2015,Amnesty International,expanded_ngo_candidates_batch2.csv,https://www.amnesty.org/en/latest/news/2015/03/south-africa-president-zuma-marikana-findings/,https://www.amnesty.org/en/latest/news/2015/03/south-africa-president-zuma-marikana-findings/,01d36d71659226b2ec8280c66d8ab88a9f2fa65cf5af67457ffde4507539e4f4,892899c40e7f46909f2ed7fbe577532a3d9a1e7636e1571de9dc17eb8a1f1042,1061
EXP-NGO-022,South Africa: Marikana Commission Report only partly addresses accountability leaving families with a long struggle for closure,2015,Amnesty International,source_overrides,https://www.amnesty.org/en/wp-content/uploads/2023/06/AFR5321112015ENGLISH.pdf,https://www.amnesty.org/en/wp-content/uploads/2023/06/AFR5321112015ENGLISH.pdf,41823df25c95f391379124fdb0fa22c9466c736ef9bf76548b2fc30d226c78fc,30f3beb4fb29cb7e26f466b637babfc5c76c0946fc024c8f919e91ebb4432ca1,1223
EXP-NGO-023,South Africa: Suspend those behind the Marikana killings and subsequent cover-up,2015,Amnesty International,expanded_ngo_candidates_batch2.csv,https://www.amnesty.org/en/latest/news/2015/08/south-africa-suspend-those-behind-the-marikana-killings-and-subsequent-cover-up/,https://www.amnesty.org/en/latest/news/2015/08/south-africa-suspend-those-behind-the-marikana-killings-and-subsequent-cover-up/,f2df3782d8d4d26d088ad5dc0dcbbf64b7997fce30d7ca77051dc6e065c10603,9f806dc4df116be01601f9e5693013cb00c3d7d14f4195eba5604803b94a987f,676
EXP-NGO-024,Families request Marikana Report be released by Friday,2015,SERI / Legal Resources Centre,expanded_ngo_candidates_batch3.csv,https://seri-sa.org/images/Marikana_PressStatement_27May15_FINAL.pdf,https://seri-sa.org/images/Marikana_PressStatement_27May15_FINAL.pdf,2105c0a6ebe36385e4f3f8dfd3e02f688ff9ba4d68731c09113480fb32d62a43,aabed8a2aae40d2ab70cfb7cd99047c99bbc1f14a5b6596c51b1b227e304c4fa,512
EXP-NGO-025,Families of Marikana mineworkers file civil claims against Government,2015,SERI / Legal Resources Centre / Wits Law Clinic,expanded_ngo_candidates_batch3.csv,https://seri-sa.org/images/Marikana_PressStatement.pdf,https://seri-sa.org/images/Marikana_PressStatement.pdf,5b27358e9f7fd4341301fb6f0e19ad05b0935529687109842995f090dbc69315,82668b174b62d43eda62e451afd97e748b662131e0c32da4bc1e222dd2014074,421
EXP-NGO-026,Constitutional Court dismisses Legal Aid appeal,2015,Socio-Economic Rights Institute of South Africa,expanded_ngo_candidates_batch3.csv,https://seri-sa.org/images/MagidiwanaCCPress.pdf,https://seri-sa.org/images/MagidiwanaCCPress.pdf,fae9972d72de5972d8539858d26668079b98ed1ae753f3e1722d5b0fa5e3c79a,b99fb347e5df1873365dae0554ca83b725b0fa5f35e5c2ab365774f1c854c675,370
EXP-NGO-027,Marikana families left in the dark despite President’s assurances to the media,2015,Socio-Economic Rights Institute of South Africa,expanded_ngo_candidates_batch3.csv,https://seri-sa.org/images/MarikanaSettlements.pdf,https://seri-sa.org/images/MarikanaSettlements.pdf,4e956dcb7a959cb346fea400c3905df19c3238214d54cfdc3625bff3189f4caf,507848024b312ab519e562faa946d51e68ec5477e3a240ca3d5be71ab7f479e7,452
EXP-NGO-028,SERI stands by claims for damages made by the deceased miners' families against the state,2021,Socio-Economic Rights Institute of South Africa,expanded_ngo_candidates_batch3.csv,https://www.seri-sa.org/images/SERI_Press_statement__Marikana_Claims_FINAL.pdf,https://www.seri-sa.org/images/SERI_Press_statement__Marikana_Claims_FINAL.pdf,71fc85c740307bd4ae18cbab3d73c6085cc70bf66d744936e6669830d720aced,4034e0a9f140dc806f72584093090e8cdb119f74eba02db4502ed46ec63789a1,1168
EXP-NGO-029,Marikana Massacre 9th Commemoration,2021,Socio-Economic Rights Institute of South Africa,expanded_ngo_candidates_batch3.csv,https://www.seri-sa.org/images/FINAL_SERI_Press_statement__Marikana_9th_Commemoration.pdf,https://www.seri-sa.org/images/FINAL_SERI_Press_statement__Marikana_9th_Commemoration.pdf,33b33a1c3608db41fc843a4d0f82662912804a76096f5bf5ef7ffaacbaf445fe,3899062f2de781569744c28842a7bb50dbdee50145df999f11ed21e293990a39,595
EXP-NGO-030,SERI welcomes the release of the Marikana Panel of Experts Report on Policing and Crowd Management,2021,Socio-Economic Rights Institute of South Africa,expanded_ngo_candidates_batch3.csv,https://www.seri-sa.org/images/SERI_Press_statement-Panel_of_Experts_report_-_FINAL.pdf,https://www.seri-sa.org/images/SERI_Press_statement-Panel_of_Experts_report_-_FINAL.pdf,704f9760b9ba1a5d155f7be046fa9650e566e1b3c94854925e637b5068ac6e6e,2b388731e9d9939df496d1eba85dd5707db0151f6c05a4d04e2a46a3cd3ddbdd,699
NGO-SAT-001,Update on the Criminal Proceedings against the police for the killing of 37 Miners on 13 & 16 August 2012,2018,Socio-Economic Rights Institute of South Africa,expanded_ngo_candidates_saturation.csv,https://www.seri-sa.org/index.php/more-news/822-marikana-update-on-the-criminal-proceedings-against-the-police-for-the-killing-of-37-miners-on-13-16-august-2012-13-august-2018,https://www.seri-sa.org/index.php/more-news/822-marikana-update-on-the-criminal-proceedings-against-the-police-for-the-killing-of-37-miners-on-13-16-august-2012-13-august-2018,1fb50bc09feb03dc00459c2280f58aca85c001b046b2cb87974e1f9c460dc9d8,d17e0b27515fe8d5c609741dd54e7522d3a7fe40f76d38fd287a9804d938e0e0,651
NGO-SAT-002,Mining Forum of South Africa and another v Minister of Mineral Resources and others,2019,High Court of South Africa / CER legal archive,expanded_ngo_candidates_saturation.csv,https://cer.org.za/virtual-library/judgments/high-courts/mining-forum-of-south-africa-and-another-v-minister-of-mineral-resources-and-others,https://cer.org.za/virtual-library/judgments/high-courts/mining-forum-of-south-africa-and-another-v-minister-of-mineral-resources-and-others,fcdc7bd2e6aaa2752728f797e476f09728d032fde38d8fa421ccc9d6c1afa082,7036741634276ab0c8b64860b0c62ad45966efb74b4b791d352d41b909a62da1,274
NGO-SAT2-001,Full Disclosure: The Truth about Corporate Environmental Compliance in South Africa,2015,Centre for Environmental Rights,expanded_ngo_candidates_saturation2.csv,https://fulldisclosure.cer.org.za/2015/download/CER-Full-Disclosure.pdf,https://fulldisclosure.cer.org.za/2015/download/CER-Full-Disclosure.pdf,887911061d189019796b56bc9c0d7056d5c4e183d5e3b2c08c1474d5afedd1b6,b8c26e1e0a6aced2693559dcba0b1c338910df13cf775bff97b07f7c35318212,91846
SERI-SAT2-001,Department of Justice is Misleading the Public about Marikana Families,2012,Socio-Economic Rights Institute of South Africa,expanded_ngo_candidates_saturation2.csv,https://www.seri-sa.org/images/stories/press_statement_marikana_28oct12.pdf,https://www.seri-sa.org/images/stories/press_statement_marikana_28oct12.pdf,d20aa592b96aa6a67c3bddbfdfad8acdea02c8218ed2faf52d2b79adde185204,6035dcf1d4a67a4e0c45f88e689e123d4233694a0d05a1029bce2223707df585,517
SERI-SAT2-002,SERI to seek international scrutiny of police action by the Marikana Commission of Inquiry,2012,Socio-Economic Rights Institute of South Africa,expanded_ngo_candidates_saturation2.csv,https://www.seri-sa.org/images/stories/marikana_pressrelease_10oct12.pdf,https://www.seri-sa.org/images/stories/marikana_pressrelease_10oct12.pdf,7f313945c02a26ce7b0a43e7a8676241df2026dedc43748bfb4a14a1f9db55fb,100b7281d8a49b258ba5f8eef4f1f3e708f67103af4ca4e2b0a5365ba8db3ec0,378
SERI-SAT2-003,Families to make closing arguments before the Marikana Commission,2014,Socio-Economic Rights Institute of South Africa,expanded_ngo_candidates_saturation2.csv,https://www.seri-sa.org/images/Marikana_press_statement_10Nov14.pdf,https://www.seri-sa.org/images/Marikana_press_statement_10Nov14.pdf,5c424b498067cf90b6342441f91ac83101b9b1dfe3459ae234e64b25a20a97a9,50c452469f8e3eebe469b8cb526f087bf86836b5c161ace6ff6e05c75d572583,1409
SERI-SAT2-004,Marikana legal funding: correcting inaccurate reports,2014,Socio-Economic Rights Institute of South Africa,expanded_ngo_candidates_saturation2.csv,https://www.seri-sa.org/images/Marikana_PressStatement_20Jul14.pdf,https://www.seri-sa.org/images/Marikana_PressStatement_20Jul14.pdf,38552c1119c42d70ae1e5c346c1043b29a8ae741b6d27460a0af32cdd280d734,6f5875c95711b24c9c1eff3ff75e9da1c2b489a16dbd32bdbf053c7a1910f8f2,667
expanded_official_candidates__EXP-OFFICIAL-001,David Bruce Submissions to the Marikana Commission,2014,David Bruce / Marikana Commission,expanded_official_candidates.csv,https://www.justice.gov.za/comm-mrk/docs/201411-HoA-DaveBruce.pdf,https://www.justice.gov.za/comm-mrk/docs/201411-HoA-DaveBruce.pdf,ac4c7b0231bfc7bbaa86bd41c78f50d4b6ed30d2bc6bb742f06d04bd403ba107,2881c9c4a98a3e53d0dc7f3e6c4344888db7deb26c2e287d19e4ab1c74d12959,28695
expanded_official_candidates__EXP-OFFICIAL-002,Mabelane Fundi Heads of Argument,2014,Mabelane Fundi / Marikana Commission,expanded_official_candidates.csv,https://www.justice.gov.za/comm-mrk/docs/201411-HoA-MabelaneFundi.pdf,https://www.justice.gov.za/comm-mrk/docs/201411-HoA-MabelaneFundi.pdf,7a79fd4cb10bf9302cc91d63f490a223ac789cbd63e308da7706608ebd7f00cc,1a951750ceb240b663ed8eea08ffb98c3de693f4370248569d6c287d8d6be25c,8164
expanded_official_candidates__EXP-OFFICIAL-003,How can the South African Police Service prevent another Marikana?,2014,Gareth Newham / Institute for Security Studies,expanded_official_candidates.csv,https://www.justice.gov.za/comm-mrk/docs/20140409-SeminarPhase02-Newham.pdf,https://www.justice.gov.za/comm-mrk/docs/20140409-SeminarPhase02-Newham.pdf,9e12036137ed5214d6b377f083ac23ba848d15dc3434d667719f297c0e94475b,c6c124a261234f471b6f92f7ed979a77adf3dfa6bb579e1014a019ae72d83511,1740
expanded_official_candidates__EXP-OFFICIAL-004,Explaining violence in strikes,2014,Crispen Chinguno / SWOP,expanded_official_candidates.csv,https://www.justice.gov.za/comm-mrk/docs/20140409-SeminarPhase02-Chinguno.pdf,https://www.justice.gov.za/comm-mrk/docs/20140409-SeminarPhase02-Chinguno.pdf,3d7bb24dad995a860577bd2062b226b8aa3025fa7d630ec7ac1a770b5154c41f,69c58b25d169c562e7eb71d4e5049830ae2e97abeaaa9577afd59a75a060a2fe,1271
expanded_official_candidates__EXP-OFFICIAL-005,Strike Violence: An Alternative Avenue,2014,Edward Webster / SWOP,expanded_official_candidates.csv,https://www.justice.gov.za/comm-mrk/docs/20140409-SeminarPhase02-Webster.pdf,https://www.justice.gov.za/comm-mrk/docs/20140409-SeminarPhase02-Webster.pdf,374d2bbba3a3f29df82a546beaf45bd0143335ec456d76780ff0faa9a8a3b50d,0e6f796f50614b470537c237be98fad229324209401ce16667ab35469b3c74c3,1111
expanded_official_candidates__EXP-OFFICIAL-006,Understanding the causes and re-thinking the future post the strike wave,2014,Gavin Hartford,expanded_official_candidates.csv,https://www.justice.gov.za/comm-mrk/docs/20140409-SeminarPhase02-Hartford.pdf,https://www.justice.gov.za/comm-mrk/docs/20140409-SeminarPhase02-Hartford.pdf,48a5403ab54feaeab2cf04d94446c5dd0fcc944f254427771e828add76098338,736b6a8224deb7efcb57dbc884d8940f08aa91bcc7ffb9bbca5bb28e94edf950,1189
expanded_official_candidates__EXP-OFFICIAL-007,Mining & Migrancy,2014,Francis Wilson,expanded_official_candidates.csv,https://www.justice.gov.za/comm-mrk/docs/20140409-SeminarPhase02-Wison.pdf,https://www.justice.gov.za/comm-mrk/docs/20140409-SeminarPhase02-Wison.pdf,0a7d25db2e540affe506ca37fc202c2d8d1d1fcdda077c6707b8adda6c7aceb9,f6143221ef07278afe72150d9cf5b2e57ee437ed6080704c418c1896f909e80d,1658
expanded_official_candidates__EXP-OFFICIAL-008,Workers Bypassing Unions: How to Respond?,2014,Ian Macun / Department of Labour,expanded_official_candidates.csv,https://www.justice.gov.za/comm-mrk/docs/20140331-SeminarPhase02-platinum.pdf,https://www.justice.gov.za/comm-mrk/docs/20140331-SeminarPhase02-platinum.pdf,4dfada089fe9791d9af9a95e3e89d6171ee89af04adaacede1367f6b010427ed,6637d15dfc4f674bef0bfb8057013848d79ae47c5095ea7c395cff17d6590d8d,1626
expanded_official_candidates__EXP-OFFICIAL-009,Resolving labour tensions in African mining – the effective regulation of industrial democracy,2014,John Brand,expanded_official_candidates.csv,https://www.justice.gov.za/comm-mrk/docs/20140331-SeminarPhase02-SAIIA-Roundtable.pdf,https://www.justice.gov.za/comm-mrk/docs/20140331-SeminarPhase02-SAIIA-Roundtable.pdf,cc61ce5fa1c3c4120beddee2e0eee69bc1447a080642dd5aeb3553ddf5ac6e32,8825ab2318ab4f6951ed03e04952b36b5662b84dac3f86c4860fa284bcdfe95b,1235
expanded_official_candidates__EXP-OFFICIAL-010,Post-apartheid Trade Union Role and Weaknesses,2014,Sakhela Buhlungu / University of Cape Town,expanded_official_candidates.csv,https://www.justice.gov.za/comm-mrk/docs/20140331-SeminarPhase02-UCT.pdf,https://www.justice.gov.za/comm-mrk/docs/20140331-SeminarPhase02-UCT.pdf,bc59eb0d949aaa7006987c9bc7595275024a83b9da931b7f26ea067c507695a0,80121081a666ef695f72d2d33714e024fb0e86ac6a2a9f3d9bc4a3d7a7c1304e,332
expanded_official_candidates__EXP-OFFICIAL-011,Opening Statement on behalf of the families of 21 striking miners killed on 16 August 2012,2012,Counsel for the Families / SERI archive,expanded_official_candidates.csv,https://www.seri-sa.org/images/stories/marikana_opening_submissions_final.pdf,https://www.seri-sa.org/images/stories/marikana_opening_submissions_final.pdf,025b5a1089aec88ead63636b8b7a3e5f2de37564d67e84ea8a5ad534efe9f7f0,9cd252c705457cd19adaa14f11fe58e22c40bd4f85dfa9b697fd6b86fbda213e,2198
EXP-OFFICIAL-013,Lepaaku and Baloyi Families Written Submissions,2014,Lepaaku and Baloyi Families / SERI archive,expanded_official_candidates.csv,https://www.seri-sa.org/images/Lepaaku_Baloyi_Heads.pdf,https://www.seri-sa.org/images/Lepaaku_Baloyi_Heads.pdf,1f0f2fbb2bdabef4b57aa29d3e6d160896fbf953feb200b8ac827274a1e77249,c7e7a4542751c1a9f8349f74bf154d4eafe924511e804c56a0f1610cf102f43f,15488
expanded_official_candidates_batch2__EXP-OFFICIAL-011,Submission by CASAC to the Marikana Commission of Inquiry,2013,Council for the Advancement of the South African Constitution (CASAC) / Marikana Commission,expanded_official_candidates_batch2.csv,https://justice.gov.za/comm-mrk/exhibits/Exhibit-FFF-17.pdf,https://justice.gov.za/comm-mrk/exhibits/Exhibit-FFF-17.pdf,21d134da8d87ec8c70a5d13a39efbfe6afb2331fe2239d092ee002c676eceb0b,e108c7007167790fc35cd3b3dd95637038d149f596f56b277ecb65e8a3b53f9d,16315
expanded_official_candidates_batch2__EXP-OFFICIAL-012,Statement of Professor Christof Heyns with annexures,2013,Prof Christof Heyns / SAHRC / Marikana Commission,expanded_official_candidates_batch2.csv,https://www.justice.gov.za/comm-mrk/exhibits/Exhibit-FFF-24.pdf,https://www.justice.gov.za/comm-mrk/exhibits/Exhibit-FFF-24.pdf,d06c7023632295da2d59e3facd55522dd8d2ce9667a0e936261fe56ead7376f0,23bfc8e86a63504fe77b8c5e02bd7a2999db18d195c1777486a0e6f59e03b8ae,18325
EXP-OFFICIAL-015,Monene Family Heads of Argument,2014,Monene Family / Marikana Commission,expanded_official_candidates_batch3.csv,https://www.seri-sa.org/images/Monene_Heads.pdf,https://www.seri-sa.org/images/Monene_Heads.pdf,079e7e62a672cfecb365e74542d3c2987fc92e77e369205c3c050e35bfd9fae6,baeec3a7c99a7b343170c0de105cbfefd58992bce68d843c8efaa264ce12213f,9709
