candidate_id,status,title,year,publisher,metadata_source,source_url,final_url,http_status,content_type,retrieval_method,raw_bytes,raw_sha256,extraction_method,pages,text_chars,text_words,text_sha256,error
OFFICIAL-001,acquired_extracted,AMCU Heads of Argument,2014,AMCU,institutional_replacement_candidates,https://www.justice.gov.za/comm-mrk/docs/201411-HoA-AMCU.pdf,https://www.justice.gov.za/comm-mrk/docs/201411-HoA-AMCU.pdf,200,application/pdf,http,1289040,4f2b5a56bb32eef8f4d49513e3f823eb1df9e71b82480217fec74715afaba116,pypdf,204,322588,57418,2329ab8cdbe3f8fa3df7ee773e7e983be5312963fdc8b679bdef89a76073d5e8,
OFFICIAL-002,acquired_extracted,Bapo ba Mogale Heads of Argument,2014,Bapo ba Mogale,institutional_replacement_candidates,https://www.justice.gov.za/comm-mrk/docs/201411-HoA-BapoBaMogale.pdf,https://www.justice.gov.za/comm-mrk/docs/201411-HoA-BapoBaMogale.pdf,200,application/pdf,http,584316,f95ee11427c53a93dda576ce51a8ea7ca9e088a20e5a408807aa3c40a2f37bb0,pypdf,19,25637,4217,bf91091cb4bf84e25d30f185ba2eb3585778bf3380225d4784d38d5dc3502d81,
OFFICIAL-003,acquired_extracted,DMR-Shabangu Heads of Argument,2014,DMR / Minister Shabangu,institutional_replacement_candidates,https://www.justice.gov.za/comm-mrk/docs/201411-HoA-DMR-Shabangu.pdf,https://www.justice.gov.za/comm-mrk/docs/201411-HoA-DMR-Shabangu.pdf,200,application/pdf,http,241141,2113706d2dd3caa2d41289923e5a960b2844042c990cedc78b8e057672d17f2c,pypdf,27,26461,4322,5288dfb49d45a8f549d5229874e443544b52b896cbe321e8d1b7863392bdce22,
OFFICIAL-004,acquired_extracted,Heads of Argument of Evidence Leaders,2014,Evidence Leaders,institutional_replacement_candidates,https://www.justice.gov.za/comm-mrk/docs/201411-HoA-EvidenceLeaders.pdf,https://www.justice.gov.za/comm-mrk/docs/201411-HoA-EvidenceLeaders.pdf,200,application/pdf,http,4511946,a278e432d0c7e22d539d92e89710f6a5487653f084de5620bea9062ea30f893d,pypdf,706,1002574,169497,f4ce0be5d9baf3db8d7d074b677d63407395ef7b7bdc5299da78d6cbd1e34796,
OFFICIAL-005,acquired_extracted,Heads of Argument on behalf of Families,2014,Families,institutional_replacement_candidates,https://www.justice.gov.za/comm-mrk/docs/201411-HoA-Families.pdf,https://www.justice.gov.za/comm-mrk/docs/201411-HoA-Families.pdf,200,application/pdf,http,1816346,10cee97065638472c3bde3dbf49acb2385a68a908d57b5d7a9c9bef4bc5568a4,pypdf,453,430766,76233,97197fa8184c836d151d3fbd7b4a1ab98de9f6d2e3c2f1ad892a10be1a866b60,
OFFICIAL-006,acquired_extracted,Heads of Argument of Injured and Arrested Persons,2014,Injured and Arrested Persons,institutional_replacement_candidates,https://www.justice.gov.za/comm-mrk/docs/201411-HoA-InjuredArrested.pdf,https://www.justice.gov.za/comm-mrk/docs/201411-HoA-InjuredArrested.pdf,200,application/pdf,http,1379119,432dd7ab85996f0c5a091e61a2e1e0fcb2352c2f886a814e9f005fb956c4b8a0,pypdf,304,421061,73475,356f1855cd0637e8952cc67ecdc60abc4b4d9c4f5a4c2cab6c9f67b8f1af8574,
OFFICIAL-007,acquired_extracted,Lonmin Heads of Argument,2014,Lonmin,institutional_replacement_candidates,https://www.justice.gov.za/comm-mrk/docs/201411-HoA-Lonmin.pdf,https://www.justice.gov.za/comm-mrk/docs/201411-HoA-Lonmin.pdf,200,application/pdf,http,5888821,c4f2c87596610a942adf5ac339aef291b5e8e3c75372ff95e61ff01af3b14cb4,pypdf,167,268096,45505,5c1f24061040aecc1558bba8d8970a60f48a6f7dcafe4ce43a04a2f74a457973,
OFFICIAL-008,acquired_extracted,Heads of Argument of the Legal Resources Centre (Phase 1) on behalf of the Ledingoane Family and Bench Marks Foundation,2014,Bench Marks Foundation / Ledingoane Family (represented by Legal Resources Centre),institutional_replacement_candidates,https://www.justice.gov.za/comm-mrk/docs/201411-HoA-LRC.pdf,https://www.justice.gov.za/comm-mrk/docs/201411-HoA-LRC.pdf,200,application/pdf,http,1352524,a2a3e9661ff56739109e52b44d1c03cdee28a2c5d4a5e6c0dfe4d3e1243d2545,pypdf,285,409576,69796,a649b91c5e35c9cfc39e86fd53c0a163fe971bc0f937ee9ab30b37911d9bbb8f,
OFFICIAL-009,acquired_extracted,Mthethwa Heads of Argument,2014,Nathi Mthethwa,institutional_replacement_candidates,https://www.justice.gov.za/comm-mrk/docs/201411-HoA-Mthethwa.pdf,https://www.justice.gov.za/comm-mrk/docs/201411-HoA-Mthethwa.pdf,200,application/pdf,http,119321,3a5b1dd209b8d180ed94f99085c9d03b23064dabbf6a41856ffde9697ef06cec,pypdf,30,38681,6365,892f98b329784669fab509bbb8e55f1e9689245c0fe10bd136794bf3a7080589,
OFFICIAL-010,acquired_extracted,NUM & Mrs Fundi Heads of Argument,2014,NUM and Mrs Fundi,institutional_replacement_candidates,https://www.justice.gov.za/comm-mrk/docs/201411-HoA-NUM-MrsFundi.pdf,https://www.justice.gov.za/comm-mrk/docs/201411-HoA-NUM-MrsFundi.pdf,200,application/pdf,http,874734,2e4ec90d5f431c7f457a1016c189e0d01f377b5de27971fd57c16540ef033984,pypdf,120,252865,43558,3fdc8bf2a63f46b2df2e4212f34f53a78de15400010c50235f7f6284855cf532,
OFFICIAL-011,acquired_extracted,Ramaphosa Heads of Argument,2014,Cyril Ramaphosa,institutional_replacement_candidates,https://www.justice.gov.za/comm-mrk/docs/201411-HoA-Ramaphosa.pdf,https://www.justice.gov.za/comm-mrk/docs/201411-HoA-Ramaphosa.pdf,200,application/pdf,http,545058,3ef8af1f25f3408d100e257fcc89e47e00be9b4af7e484c3e709f2e5c5893745,pypdf,70,104445,16541,ab7a93971c586d66ee5da7a6c867d195ffbd0917fc9b5447d789395177580feb,
OFFICIAL-012,acquired_extracted,SAHRC Heads of Argument,2014,South African Human Rights Commission,institutional_replacement_candidates,https://www.justice.gov.za/comm-mrk/docs/201411-HoA-SAHRC.pdf,https://www.justice.gov.za/comm-mrk/docs/201411-HoA-SAHRC.pdf,200,application/pdf,http,4511328,34ceabb20c67c27db1464179ea8be21bf8fe520e019b6cc43af3ab95be37d458,pypdf,629,1110591,174810,6bdf5798adaa8e731758f3498481812084e324086335a3b606ec3e17c364d6d6,
OFFICIAL-013,acquired_extracted,SAPS Heads of Argument,2014,South African Police Service,institutional_replacement_candidates,https://www.justice.gov.za/comm-mrk/docs/201411-HoA-SAPS.pdf,https://www.justice.gov.za/comm-mrk/docs/201411-HoA-SAPS.pdf,200,application/pdf,http,905384,9401038ee48a2c514e7c90494a834eb393ecda9a12a50158201af4623a4efa9f,pypdf,236,342028,57831,a7b4478bacea28047be412d4fc4f21ff7805f53ecb495d4f70e8e656063dfe18,
INST-001,acquired_extracted,Marikana Commission of Inquiry: Report on matters of public national and international concern arising out of tragic incidents at Lonmin Mine in Marikana,2015,South African Human Rights Commission mirror of official Farlam report,source_overrides,https://www.sahrc.org.za/home/21/files/marikana-report-1.pdf,https://sahrc.org.za/home/21/files/marikana-report-1.pdf,200,application/pdf,http,8418819,6dc14bc3df9126bb337c42af38eab6efb3f598521a80ab51265bff71ad6de66c,pypdf,660,876336,153495,163a99e15ce37d18416ec8c0240fbd9d2295b43369d59437a4481394241b391d,
INST-002,acquired_extracted,Policy Gap 6: A Review of Platinum Mining in the Bojanala District of the North West Province,2012,Bench Marks Foundation,retrieval_manifest,https://www.bench-marks.org.za/wp-content/uploads/2021/02/rustenburg_review_policy_gap_final_aug_2012.pdf,https://www.bench-marks.org.za/wp-content/uploads/2021/02/rustenburg_review_policy_gap_final_aug_2012.pdf,local,application/pdf,repo_fallback:data/raw/Bench_Marks_PG6.pdf,3145844,251a4f08358bf84872fbd216832e8f2c13582629254e594fe4825880a6869ade,pypdf,167,341785,51202,11211d480bd110f3ad9a047f1571a99f6af3aa7929786c2fa79123f56b604079,
INST-004,acquired_extracted,Policy Gap 10: Floating or Sinking Social Licence to Operate: Kumba Iron Ore Limited,2016,Bench Marks Foundation,retrieval_manifest,,,local,application/pdf,repo_fallback:data/raw/Bench_Marks_PG10.pdf,1516247,644a5d8cbf1d5e1d9d8c3ee0c6f0232aefd377650a9f3a8ce4f25f353347a1aa,pypdf,88,213491,31824,fe13bc4ea6dc6ede178d2b19273feb96ac86b918b6450bb86d453137d74b2ade,
INST-005,acquired_extracted,Statement on behalf of the deceased miners' families represented before the Marikana Commission of Inquiry,2013,Socio-Economic Rights Institute of South Africa,retrieval_manifest,https://justice.gov.za/comm-mrk/exhibits/Exhibit-FFF-26.pdf,https://justice.gov.za/comm-mrk/exhibits/Exhibit-FFF-26.pdf,200,application/pdf,http,156467,a7dc18f133703008c2714a215f68fa105efe5c971a954c7242d15707b840b095,pypdf,1,1752,267,202893e33c78b34d58da9f4c3629db2c8d187835c2ed2238dd883f94618e1f31,
INST-003,acquired_extracted,Zero Hour: Poor Governance of Mining and the Violation of Environmental Rights in South Africa,2016,Centre for Environmental Rights,retrieval_manifest,https://cer.org.za/wp-content/uploads/2016/06/Zero-Hour-May-2016.pdf,https://cer.org.za/wp-content/uploads/2016/06/Zero-Hour-May-2016.pdf,local,application/pdf,repo_fallback:data/raw/CER_Zero_Hour.pdf,4460700,c7ae6ae2b71b3fe1a176659468ec949ea9883f077137c7d69159990677099048,pypdf,108,398184,61984,68b068f7bacb9b893de771effd880cdc25feea6c816aa8acffd40ba3d6668482,
MEDIA-001,acquired_extracted,Lonmin killings hurt SA as mining destination,2012,Mining Weekly,retrieval_manifest,https://www.miningweekly.com/article/lonmin-killings-hurt-sa-as-mining-destination-2012-09-10,https://www.miningweekly.com/article/lonmin-killings-hurt-sa-as-mining-destination-2012-09-10,200,text/html,http,260341,8525577b442ea790f913341dc06126145403e36de85effa2a12dbbc3dc57f562,trafilatura,,6695,1075,2baf16255b351cd39de6f66ea1a78fde9add9c6bdef55dffbc8777ceaa6f1b89,
MEDIA-002,acquired_extracted,Lonmin's killing fields: the inevitable tragic next move,2012,Daily Maverick,retrieval_manifest,https://www.dailymaverick.co.za/article/2012-08-17-lonmins-killing-fields-the-inevitable-tragic-next-move/,https://www.dailymaverick.co.za/article/2012-08-17-lonmins-killing-fields-the-inevitable-tragic-next-move/,200,text/html,http,316767,4acca00ea8b4de39412e3b962d6c86d07994e08132c5b04d061d88282d55735a,trafilatura,,7116,1205,7dd4399a36895df63e383406f6829917b5fc670737d155cd1b39b8b4b3510bb2,
MEDIA-003,acquired_extracted,Lonmin: Malema fans the flames but the victims are still out in the cold,2012,Daily Maverick,retrieval_manifest,https://www.dailymaverick.co.za/article/2012-08-18-lonmin-malema-fans-the-flames-but-the-victims-are-still-out-in-the-cold/,https://www.dailymaverick.co.za/article/2012-08-18-lonmin-malema-fans-the-flames-but-the-victims-are-still-out-in-the-cold/,200,text/html,http,339967,33f3d473d4ffbdad34a8c519f94c4b6895ce853f258fcdbb0eb29b21a749928c,trafilatura,,11955,2194,ad7f9339bb80d256c291459733ad8888ed53913973663e5086f6adf3947de7b3,
MEDIA-004,acquired_extracted,Marikana: Police torture takes centre stage,2012,Daily Maverick,retrieval_manifest,https://www.dailymaverick.co.za/article/2012-08-28-marikana-police-torture-takes-central-stage/,https://www.dailymaverick.co.za/article/2012-08-28-marikana-police-torture-takes-central-stage/,200,text/html,http,321005,058923d8279396346b481553595d29d0c3ebdc0d6d688eeca00e28d2ad37ef41,trafilatura,,7245,1236,6823488070f8637201f6485e7c1678e0b25fb031012d4de1d46c2e7b658e25b5,
MEDIA-005,acquired_extracted,Marikana eyewitness: He raised his hands they shoot him in the head,2012,Daily Maverick,retrieval_manifest,https://www.dailymaverick.co.za/article/2012-09-06-marikana-eyewitness-he-raised-his-hands-they-shoot-him-in-the-head/,https://www.dailymaverick.co.za/article/2012-09-06-marikana-eyewitness-he-raised-his-hands-they-shoot-him-in-the-head/,200,text/html,http,312942,d25a60147561475889697a0f6644b62964fcffb2ebad463e5064ff604af83e76,trafilatura,,6443,1165,c7e506a9597340efb24b8c3f7c2dccd1ac0452b37c03debd5fbad90883fdcd30,
MEDIA-006,acquired_extracted,Marikana: Mourning families and their forgotten legal rights,2012,Daily Maverick,retrieval_manifest,https://www.dailymaverick.co.za/article/2012-08-28-marikana-mourning-families-and-their-forgotten-legal-rights/,https://www.dailymaverick.co.za/article/2012-08-28-marikana-mourning-families-and-their-forgotten-legal-rights/,200,text/html,http,325609,d0d36da29fb07cdc5499c1132fe086184599d35088c99889aa7e48de4694b565,trafilatura,,8047,1357,75a60d9c89b60dc5f0cb4300f5c6911e952d005fa07524248f0b4470a5a8e445,
MEDIA-007,acquired_extracted,FIVE MINUTES: SOUTH AFRICA 16 August 2012,2012,Daily Maverick,retrieval_manifest,https://www.dailymaverick.co.za/article/2012-08-16-five-minutes-south-africa-16-august-2012/,https://www.dailymaverick.co.za/article/2012-08-16-five-minutes-south-africa-16-august-2012/,200,text/html,http,309766,65b4cb516607a606173f43ca66017cfb4bffa902f64e2960500ae65773770371,trafilatura,,6211,1013,a28c1b1c9591aadca97f55f17a227a89884c6e9ee63138d81d66e9917291b2c5,
MEDIA-008,acquired_extracted,Lonmin commemorates deceased mineworkers describes massacre as catalyst for change,2013,Mining Weekly,retrieval_manifest,https://www.miningweekly.com/article/lonmin-commemorates-deceased-mineworkers-describes-massacre-as-catalyst-for-change-2013-08-23,https://www.miningweekly.com/article/lonmin-commemorates-deceased-mineworkers-describes-massacre-as-catalyst-for-change-2013-08-23,200,text/html,http,259928,89fbfd1ffb9a6086be2ba050aee3a881e1c83d60608755c252232232a3b99b5b,trafilatura,,6991,1096,33df94c4dc071e31a220428290a8e9514abe0fd4d97f5a0a24b1620bb03f2d74,
MEDIA-009,acquired_extracted,Economy failed miners says AMCUs Mathunjwa,2013,Mining Weekly,retrieval_manifest,https://www.miningweekly.com/article/economy-failed-miners-says-amcus-mathunjwa-2013-08-16,https://www.miningweekly.com/article/economy-failed-miners-says-amcus-mathunjwa-2013-08-16,200,text/html,http,257065,7878f67558951b78660cc8d65c1875c26f06c4ba57807da052feb75ec406b027,trafilatura,,3889,614,da57ceba1c62254d7a042da0a7c3082c650170d16477a4acfa1159a6f3a7d1ed,
MEDIA-010,acquired_extracted,Slain Marikana workers to be remembered,2013,Mining Weekly,retrieval_manifest,https://www.miningweekly.com/article/slain-marikana-workers-to-be-remembered-2013-08-13,https://www.miningweekly.com/article/slain-marikana-workers-to-be-remembered-2013-08-13,200,text/html,http,255900,31d5b2a5f6a85f2fccc3c648d9258797ced154776948a7e428672637f355b8e7,trafilatura,,5118,840,4e69553c50d5aebbe2143f6f911833ffe51800b29c392bdf205e7abced504227,
MEDIA-011,acquired_extracted,Marikana one year later: the hell above and below ground,2013,Daily Maverick,retrieval_manifest,https://www.dailymaverick.co.za/article/2013-08-16-marikana-one-year-later-the-hell-above-and-below-ground/,https://www.dailymaverick.co.za/article/2013-08-16-marikana-one-year-later-the-hell-above-and-below-ground/,200,text/html,http,348584,b851b959ff7ed81725afe97219cd09dfe69dda57fc5d068936b15153e68a4925,trafilatura,,10192,1744,1a166f5793921ecea06af25411a5c954cb70dbc518fa068cdd77b8a0ec845f12,
MEDIA-012,acquired_extracted,Ramaphosa says negotiation was Marikana panacea,2014,Mining Weekly,retrieval_manifest,https://www.miningweekly.com/article/negotiation-was-marikana-panacea-ramaphosa-2014-08-11,https://www.miningweekly.com/article/negotiation-was-marikana-panacea-ramaphosa-2014-08-11,200,text/html,http,260493,ea3a6a67a81ff3aff02402faedf88f33fa14049403dd2420410a21b769223a6d,trafilatura,,6226,1001,edab384124e0ab38110243c11517904760d71a21ed61980f0b661a57cd1431d4,
MEDIA-013,acquired_extracted,Ramaphosa questioned about Marikana inaction,2014,Mining Weekly,retrieval_manifest,https://www.miningweekly.com/article/ramaphosa-questioned-about-marikana-inaction-2014-08-12,https://www.miningweekly.com/article/ramaphosa-questioned-about-marikana-inaction-2014-08-12,200,text/html,http,258121,6347755f6fe789b7d9bc216ae2407d7036b37b5d52545e7f6b24b16110a3ab67,trafilatura,,4372,685,7eca024ba909dab5f7c424731ea32fcba06ec2b2c6237d280f11f8525211bb26,
MEDIA-014,acquired_extracted,Lonmin affirms Farlam report,2015,Mining Weekly,retrieval_manifest,https://www.miningweekly.com/article/lonmin-affirms-farlam-report-2015-08-21,https://www.miningweekly.com/article/lonmin-affirms-farlam-report-2015-08-21,200,text/html,http,254410,96e69e050c29547c357f99317c5d423d61f89aecb9b9335d73ca3a1228cbe197,trafilatura,,4735,767,a475ba3fa020d47c538f742760723846d547332a90f1f1a400bf75fa29cb9698,
MEDIA-015,acquired_extracted,NUM welcomes further investigation recommendation defends member actions,2015,Mining Weekly,retrieval_manifest,https://www.miningweekly.com/article/num-welcomes-further-investigation-recommendation-defends-member-actions-2015-06-26,https://www.miningweekly.com/article/num-welcomes-further-investigation-recommendation-defends-member-actions-2015-06-26,200,text/html,http,263801,fd532137a5edff47a77492a659ddbd04e5fc2464fd0e35aafb9650fda8a389b5,trafilatura,,7686,1203,06dad4aea3bb1d14483f863d2af85a74779f3ee8cd79336a497ad6c35392f952,
MEDIA-016,acquired_extracted,Lonmin unveils design proposal for Marikana memorial park showcases new apartments,2017,Mining Weekly,retrieval_manifest,https://www.miningweekly.com/article/lonmin-unveils-design-proposal-for-marikana-memorial-park-showcases-new-apartments-2017-08-15,https://www.miningweekly.com/article/lonmin-unveils-design-proposal-for-marikana-memorial-park-showcases-new-apartments-2017-08-15,200,text/html,http,269250,9fad1da71b7a34ef90924bb1e7ffd1846f45eeed3f1d07a5c2b8b3ef01078188,trafilatura,,5764,907,83def0e825670814873daa068fcc12af8e098db976df5e2603884e4305ec6136,
MEDIA-017,acquired_extracted,Six years on there is no accountability for the elite police unit shootings at Marikana Scene 2,2018,Daily Maverick,retrieval_manifest,https://www.dailymaverick.co.za/article/2018-08-16-six-years-on-there-is-no-accountability-for-the-elite-police-unit-shootings-at-marikana-scene-2/,https://www.dailymaverick.co.za/article/2018-08-16-six-years-on-there-is-no-accountability-for-the-elite-police-unit-shootings-at-marikana-scene-2/,200,text/html,http,345740,7a240aaf8ffa79e21ee3f593c49da8655c67cdc95e2271cb71f27c93aa5b9cc7,trafilatura,,10579,1846,6cfdce2ce3a789b738dbf0c8689dd8a7fb7395ed0201ad3d44d1829411759b00,
MEDIA-018,acquired_extracted,Sibanye hosts Marikana memorial lecture,2020,Mining Weekly,retrieval_manifest,https://www.miningweekly.com/article/sibanye-hosts-marikana-memorial-lecture-2020-08-14,https://www.miningweekly.com/article/sibanye-hosts-marikana-memorial-lecture-2020-08-14,200,text/html,http,263750,7c90dbe4b93687dac6da69b0190209a5cfcd1142c809abaa48272286be2952a5,trafilatura,,7061,1154,2c8d60b709cc129a754b5efac02330a35bce85f24ff47f5c99bee0a80ec4b086,
MEDIA-019,acquired_extracted,Marikana: The unfolding of a never-ending tragedy,2021,Daily Maverick,retrieval_manifest,https://www.dailymaverick.co.za/article/2021-08-14-marikana-the-unfolding-of-a-never-ending-tragedy/,https://www.dailymaverick.co.za/article/2021-08-14-marikana-the-unfolding-of-a-never-ending-tragedy/,200,text/html,http,553018,e187ade7fb286d6d2df464a43a31ef6cfbf53d0e0406b8a46dd16769fa526ecc,trafilatura,,18932,3077,a4028b0469f47c91edd08cf951e53adb7830645fb37608c81622fc07ae5c6aed,
MEDIA-020,acquired_extracted,Families of slain Marikana mine workers reflect on decade of betrayal,2022,Daily Maverick,retrieval_manifest,https://www.dailymaverick.co.za/article/2022-08-15-marikana-families-of-slain-mineworkers-reflect-on-10-years-of-betrayal/,https://www.dailymaverick.co.za/article/2022-08-15-marikana-families-of-slain-mineworkers-reflect-on-10-years-of-betrayal/,200,text/html,http,435461,41facfa9f4d653eab3a77340565d254c3ff2fa23d71433c9277a648662787952,trafilatura,,8365,1455,6ccb3b81face2a2553d834e1f45bf8271d2f1fde76c315de877313595d190a35,
MEDIA-021,acquired_extracted,The smell of blood comes back to me as I think of Marikana,2022,Daily Maverick,retrieval_manifest,https://www.dailymaverick.co.za/article/2022-08-15-the-smell-of-blood-comes-back-to-me-as-i-remember-sas-dark-day-in-a-north-west-village/,https://www.dailymaverick.co.za/article/2022-08-15-the-smell-of-blood-comes-back-to-me-as-i-remember-sas-dark-day-in-a-north-west-village/,200,text/html,http,328915,9523ddd2e79a76242c009fcf6eaebe9eb4310c3930f178f02d596868afe2ac0b,trafilatura,,2832,501,8823b8e05ebbfa07a7abdf5b00cdd056c1b3e76983d284ce591408153e36d788,
MEDIA-022,acquired_extracted,"Lonmin Q1 2014 mining production down 10%, will revise full-year guidance as result of strikes",2014,Mining Weekly,retrieval_manifest,https://www.miningweekly.com/article/lonmin-q1-2014-mining-production-down-10-will-revise-full-year-guidance-as-result-of-strikes-2014-01-30,https://www.miningweekly.com/article/lonmin-q1-2014-mining-production-down-10-will-revise-full-year-guidance-as-result-of-strikes-2014-01-30,200,text/html,http,259943,23dbefe81f153ddc5036573a364dda3068fb5bd47b9acb71aa88909bf8ba6c90,trafilatura,,5076,822,396f6738d4eea771b916be6808589f3a3700585532b8df9e0d4be6e3003b275d,
MEDIA-023,acquired_extracted,AMCU members defy call to return to work,2014,Engineering News,retrieval_manifest,https://www.engineeringnews.co.za/article/amcu-members-defy-call-to-return-to-work-2014-05-14,https://www.engineeringnews.co.za/article/amcu-members-defy-call-to-return-to-work-2014-05-14,200,text/html,http,249084,bb51729453f63ce6fed5cbba9125e610acb34f926c42c4a75213f28fbbdd35b6,trafilatura,,3270,543,6af4090da393751b5bb61720747916424f76f7e8100aa237a0c5ce52d4348618,
MEDIA-024,acquired_extracted,"Lonmin, AMCU celebrate finalisation of landmark BEE equity deal",2014,Mining Weekly,retrieval_manifest,https://www.miningweekly.com/article/lonmin-amcu-celebrate-finalisation-of-landmark-bee-equity-deal-2014-12-12,https://www.miningweekly.com/article/lonmin-amcu-celebrate-finalisation-of-landmark-bee-equity-deal-2014-12-12,200,text/html,http,258185,27de1306220c84c77b9354e3dc60f77aa36a8d69dae3c496da4ffd13fcabb3c7,trafilatura,,6046,962,3ffb2c1161ceeeeb6c9ec3c9296f44d940fca2c67395036998153683a2106cf5,
MEDIA-025,acquired_extracted,"Farlam wants workers housed, Mining Charter goes to court, coal firms transform for Eskom",2015,Mining Weekly,retrieval_manifest,https://www.miningweekly.com/article/farlam-wants-workers-housed-mining-charter-goes-to-court-coal-firms-transform-for-eskom-2015-06-26,https://www.miningweekly.com/article/farlam-wants-workers-housed-mining-charter-goes-to-court-coal-firms-transform-for-eskom-2015-06-26,200,text/html,http,259194,e03fa07dee4ea59602a21993c351e71bb2535371cdc28c0746f14bfe1f9a8bfa,trafilatura,,5285,854,9b50f81754ffe002d4e2de9358ad98ea8c502b129b7948cf87ec0ba0786803c9,
MEDIA-026,acquired_extracted,"Lonmin cuts workforce, shrinks capex, lowers unit costs",2015,Mining Weekly,retrieval_manifest,https://www.miningweekly.com/article/lonmin-cuts-workforce-shrinks-capex-lowers-unit-costs-2015-11-13,https://www.miningweekly.com/article/lonmin-cuts-workforce-shrinks-capex-lowers-unit-costs-2015-11-13,200,text/html,http,255698,0b9be955ee1b731433fac1f632ee4592441c510bf7eed0eb11682c938fcee7c8,trafilatura,,5199,866,73a291d895a1f1e5bdbb7a3ce83dca82f13cc996a82ff039755d4be66de41609,
MEDIA-027,acquired_extracted,Corobrik's quality face bricks used in the construction of Marikana's housing project,2016,Engineering News,retrieval_manifest,https://www.engineeringnews.co.za/article/corobriks-quality-face-bricks-used-in-the-construction-of-marikanas-housing-project-2016-05-23,https://www.engineeringnews.co.za/article/corobriks-quality-face-bricks-used-in-the-construction-of-marikanas-housing-project-2016-05-23,200,text/html,http,249646,d8cd7d72aa09464c7b39a36b4eb9c6cd4c7ae4cd420de9ef1d75db2710f356b6,trafilatura,,4994,765,3b2a699a7485abccf8898778df3ce4e502040aa806c3b63c1058fec30fe7f7e9,
MEDIA-028,acquired_extracted,"Objectives are to cut fixed costs, minimise capex, up efficiencies",2017,Mining Weekly,retrieval_manifest,https://www.miningweekly.com/article/objectives-are-to-cut-fixed-costs-minimise-capex-up-efficiencies-2017-04-07,https://www.miningweekly.com/article/objectives-are-to-cut-fixed-costs-minimise-capex-up-efficiencies-2017-04-07,200,text/html,http,265518,94a999e78a49503ea164269e8735b87d3f5f47ef3579b4cbca4b9362c0a9d890,trafilatura,,4943,793,b3e91d51d7748897d37ea3ed3a213c622e349978ef41061c6613e6aefa3a4e80,
MEDIA-029,acquired_extracted,The lost platinum sector jobs are not coming back,2019,Daily Maverick,retrieval_manifest,https://www.dailymaverick.co.za/article/2019-10-24-the-lost-platinum-sector-jobs-are-not-coming-back/,https://www.dailymaverick.co.za/article/2019-10-24-the-lost-platinum-sector-jobs-are-not-coming-back/,200,text/html,http,291328,0551260eb903a84319702763d1111f045a9a394c76b7d084021ecd9197caa43c,trafilatura,,8004,1303,87c746807464b44ce7cc29f4de3d33ac00efbc9d6115e44c3c572cd530aa5557,
MEDIA-030,acquired_extracted,"One decade on, the Marikana mine has seen a turnaround in fortunes and is making a punchy profit",2022,Daily Maverick,retrieval_manifest,https://www.dailymaverick.co.za/article/2022-08-14-one-decade-on-the-marikana-mine-has-seen-a-turnaround-in-fortunes-and-is-making-a-punchy-profit/,https://www.dailymaverick.co.za/article/2022-08-14-one-decade-on-the-marikana-mine-has-seen-a-turnaround-in-fortunes-and-is-making-a-punchy-profit/,200,text/html,http,300055,4576534ff565ea79110377cab8f9c365c062e6398edb8dbf2b74eacf2fe73a74,trafilatura,,4701,829,396285d7aca0c92cd390e086048d084c1081fee2013d9a5316de042e5abc881a,
MEDIA-031,acquired_extracted,Lonmin donates 50 ha of land for residential development,2013,Mining Weekly,retrieval_manifest,https://www.miningweekly.com/article/lonmin-donates-50-ha-of-land-for-residential-development-2013-10-29,https://www.miningweekly.com/article/lonmin-donates-50-ha-of-land-for-residential-development-2013-10-29,200,text/html,http,257696,a014623af7b5dcf53cf597db1957af215dd8bb14998f2d504376d3725b3b04d0,trafilatura,,3917,605,f15bdc75caa4292e77d6090dee3e8431cc21e5b4870a1731eee6262c42bf6bc2,
MEDIA-032,acquired_extracted,80 000 AMCU workers on strike in platinum sector,2014,Mining Weekly,retrieval_manifest,https://www.miningweekly.com/article/80-000-amcu-workers-on-strike-in-platinum-sector-2014-01-23,https://www.miningweekly.com/article/80-000-amcu-workers-on-strike-in-platinum-sector-2014-01-23,200,text/html,http,261137,7539cb52dd6b4f469d5b4c894074e681964266e85ff0910d57cfa7f4f302751b,trafilatura,,7586,1229,2f6cb9918160f43f34334c1b37f3b2e52117cde181fb6a9002e2b39985d5cace,
MEDIA-033,acquired_extracted,Strike-hit mothers have no food to put on the table – Lonmin,2014,Mining Weekly,retrieval_manifest,https://www.miningweekly.com/article/strike-hit-mothers-have-no-food-to-put-on-the-table-lonmin-2014-04-03,https://www.miningweekly.com/article/strike-hit-mothers-have-no-food-to-put-on-the-table-lonmin-2014-04-03,200,text/html,http,262002,abc8681fec3465601462b2b2388612474358444ca2397341a8db68e1347a0f30,trafilatura,,7789,1284,d0d8ad3f9a97f83d690cfdf1aee34adabd26c811affcb9d66b3a98536ae8f3dc,
MEDIA-034,acquired_extracted,Miners regress on ARV treatment – Lonmin,2014,Mining Weekly,retrieval_manifest,https://www.miningweekly.com/article/miners-regress-on-arv-treatment-lonmin-2014-04-14,https://www.miningweekly.com/article/miners-regress-on-arv-treatment-lonmin-2014-04-14,200,text/html,http,256515,729b29098f8e5717106aa6b2201bc0efbc34d334b6c949423cf34173e145016e,trafilatura,,3928,624,32dff3710011ff2a46ffbbff828f71baf03bf4288a32ce55691254150f772aee,
MEDIA-035,acquired_extracted,"AMCU opens strike fund for members, calls for donations",2014,Mining Weekly,retrieval_manifest,https://www.miningweekly.com/article/amcu-opens-strike-fund-for-members-calls-for-donations-2014-04-15,https://www.miningweekly.com/article/amcu-opens-strike-fund-for-members-calls-for-donations-2014-04-15,200,text/html,http,258902,5b1dea3ba7bc94c5a57093eb26bbaa2cfdaed4a9d3f9c6b6d2c414a46f43c299,trafilatura,,4338,681,9dbe8e388e1624b1067350570175ab5ab5763cda7b8f0edcd0f8dd3f54111cd3,
MEDIA-036,acquired_extracted,AMCU considering all options – negotiator,2014,Mining Weekly,retrieval_manifest,https://www.miningweekly.com/article/amcu-considering-all-options-negotiator-2014-05-29,https://www.miningweekly.com/article/amcu-considering-all-options-negotiator-2014-05-29,200,text/html,http,257346,ad827bbe5e8ce5408539d6711b6f3b5f2c51b873586351708f9862ec52777f34,trafilatura,,4532,742,0c0e4bc7b7e86b31ace62b8cacc6633f07a188a650e90439d759cd75403e76ae,
MEDIA-037,acquired_extracted,Housing Miners,2014,Mining Weekly,retrieval_manifest,https://www.miningweekly.com/article/housing-miners-2014-11-11,https://www.miningweekly.com/article/housing-miners-2014-11-11,200,text/html,http,267659,eede02d2a1f500704626c2ede54b2f67ac9e34408a97be5b663b3db32e2dfc9c,trafilatura,,11230,1746,22494656646156ca166a0185f09816764624b90424c18c7038a7c97832c9f8bf,
MEDIA-038,acquired_extracted,"AMCU stands firm on R12 500 demand, Lonmin calls on union to reconsider 9%",2014,Mining Weekly,retrieval_manifest,https://www.miningweekly.com/article/amcu-stands-firm-on-r12-500-demand-lonmin-calls-on-union-to-reconsider-9-2014-04-03,https://www.miningweekly.com/article/amcu-stands-firm-on-r12-500-demand-lonmin-calls-on-union-to-reconsider-9-2014-04-03,200,text/html,http,260316,16bbcf10cc3f1eecd39affcc0abab98db12d2685b8d60a0729bad204e1f1947f,trafilatura,,4958,812,040191d4838fb1777e4c09bf3b6553008fa940f303d62c3ea45a45d3654639b0,
MEDIA-039,acquired_extracted,Mining towns get R18bn facelift,2015,Mining Weekly,retrieval_manifest,https://www.miningweekly.com/article/mining-towns-get-r18bn-facelift-2015-07-01,https://www.miningweekly.com/article/mining-towns-get-r18bn-facelift-2015-07-01,200,text/html,http,264281,7d2b1e1c714af42c39170f4fa31eb5f0eb4683d337651f4d90f6cb6e8a88dd4e,trafilatura,,10823,1622,2476688ef14727bae85106700546f0003da44f6bee589cfe367bc2795104b523,
MEDIA-040,acquired_extracted,"Farlam finds against Lonmin, recommends enforced housing delivery",2015,Mining Weekly,retrieval_manifest,https://www.miningweekly.com/article/farlam-finds-against-lonmin-recommends-enforced-housing-delivery-2015-06-25,https://www.miningweekly.com/article/farlam-finds-against-lonmin-recommends-enforced-housing-delivery-2015-06-25,200,text/html,http,269929,600ea14629d9f047cc9b8a8cbbe51ebfb94c35ffdac11b8da67cacdd13e9d39a,trafilatura,,13671,2195,aba4d988ecb1f984c9db7485d4c394169b2fa8f19b35715076ae73c371b0fff0,
MEDIA-041,acquired_extracted,Govt commits billions for revitalisation of mining-dependent communities,2016,Mining Weekly,retrieval_manifest,https://www.miningweekly.com/article/govt-commits-billions-for-revitalisation-of-mining-dependent-communities-2016-02-05,https://www.miningweekly.com/article/govt-commits-billions-for-revitalisation-of-mining-dependent-communities-2016-02-05,200,text/html,http,266773,47d414f890c6bcc7f4c898db85693af5da13c8f790f47f97c20d59eeac253313,trafilatura,,11340,1676,78ef36ebc8c5ed54d1c5436b8a35d9c3dce35e30f14f226a1c1dcffcc34f68d1,
MEDIA-042,acquired_extracted,Nothing off table as Lonmin pursues value in low platinum price environment,2017,Mining Weekly,retrieval_manifest,https://www.miningweekly.com/article/nothing-off-table-as-lonmin-pursues-value-in-low-platinum-price-environment-2017-04-07,https://www.miningweekly.com/article/nothing-off-table-as-lonmin-pursues-value-in-low-platinum-price-environment-2017-04-07,200,text/html,http,276282,5d18334d7d09973d308add21e4ac3553d2657c7365c09e0984beb0fceba2d183,trafilatura,,13138,2194,6061ab8372dc8705607ee2e80f22eddb1823540cd28139c51c8ee580384ec589,
MEDIA-043,acquired_extracted,"Sibanye-Stillwater to acquire embattled Lonmin, completes PGMs strategy",2017,Mining Weekly,retrieval_manifest,https://www.miningweekly.com/article/sibanye-stillwater-to-acquire-embattled-lonmin-in-all-share-offer-2017-12-14,https://www.miningweekly.com/article/sibanye-stillwater-to-acquire-embattled-lonmin-in-all-share-offer-2017-12-14,200,text/html,http,271137,eac4512f97f311ba154ad084786ee1cafbdf5583a30348b012ba66808844a0aa,trafilatura,,10473,1607,b9892834f1cbe860c528349fc2ba8afeb493eabf13b4937863f076cd452c1196,
MEDIA-044,acquired_extracted,Lonmin transaction filed with South Africa's competition authority,2018,Mining Weekly,retrieval_manifest,https://www.miningweekly.com/article/lonmin-transaction-filed-with-south-africas-competition-body-2018-03-30,https://www.miningweekly.com/article/lonmin-transaction-filed-with-south-africas-competition-body-2018-03-30,200,text/html,http,257958,d7b16d73688f4edf5f6b580f35affa3209b6ab0180bcd320cbcda5c7fe4b09df,trafilatura,,3017,461,10452e2ceaf61ca07457392bc02492cb741ec4b6116c53439d6d23c0d66f2e85,
MEDIA-045,acquired_extracted,Reserve Bank approves Sibanye's buyout of Lonmin,2018,Mining Weekly,retrieval_manifest,https://www.miningweekly.com/article/reserve-bank-approves-sibanyes-buyout-of-lonmin-2018-05-15,https://www.miningweekly.com/article/reserve-bank-approves-sibanyes-buyout-of-lonmin-2018-05-15,200,text/html,http,263018,c6932c11d37680644d648db2330206d76a0d5ceca88c684e4853deb313c0b077,trafilatura,,3980,613,f4a5a5898d9205af007a8513614c350494b9e634a67d916f3b44a7028781356c,
MEDIA-046,acquired_extracted,UK regulatory body approves Sibanye's acquisition of Lonmin,2018,Mining Weekly,retrieval_manifest,https://www.miningweekly.com/article/uk-regulatory-body-approves-sibanyes-acquisition-of-lonmin-2018-06-28,https://www.miningweekly.com/article/uk-regulatory-body-approves-sibanyes-acquisition-of-lonmin-2018-06-28,200,text/html,http,262559,d68138fbe4307f9b2230c41882b0c15f811cc9f75268d6f43e4daf6bdac2eb45,trafilatura,,3305,514,b0de2eeb946d6b7ca282f9c428e00ed9267c84a1645b8e6f38fddf088f391baa,
MEDIA-047,acquired_extracted,"Tribunal approves Sibanye, Lonmin merger; imposes 6-month moratorium on retrenchments",2018,Mining Weekly,retrieval_manifest,https://www.miningweekly.com/article/tribunal-approves-sibanye-lonmin-merger-imposes-6-month-moratorium-on-retrenchments-2018-11-21,https://www.miningweekly.com/article/tribunal-approves-sibanye-lonmin-merger-imposes-6-month-moratorium-on-retrenchments-2018-11-21,200,text/html,http,263957,1a05f8724be00acb40373b284c1537da742cb9967b04f70c1ba6450749a38356,trafilatura,,4040,614,bd469379229593a9cc3e5c58797db128797998c4ad643dda47ed2ae4c856fb90,
MEDIA-048,acquired_extracted,"Lonmin undertakes refinancing, delivers on results promise",2018,Mining Weekly,retrieval_manifest,https://www.miningweekly.com/article/lonmin-undertakes-refinancing-delivers-on-results-promise-2018-10-22,https://www.miningweekly.com/article/lonmin-undertakes-refinancing-delivers-on-results-promise-2018-10-22,200,text/html,http,269392,eaac347544dfa56f742984917d8800f32e2c006eede06c9e8032a8c0beeedc92,trafilatura,,8459,1360,7494c609004d6dc2ee02157a889141687cd472ff8baf6a3a5feb8506b0bd7940,
MEDIA-049,acquired_extracted,"Sibanye, Lonmin merger enters final stretch as AMCU appeal is dismissed",2019,Mining Weekly,retrieval_manifest,https://www.miningweekly.com/article/sibanye-lonmin-merger-enters-final-stretch-as-amcu-appeal-is-dismissed-2019-05-17,https://www.miningweekly.com/article/sibanye-lonmin-merger-enters-final-stretch-as-amcu-appeal-is-dismissed-2019-05-17,200,text/html,http,265476,9aea7a2155b78351ec0fa6644d6ca2d766e0e275ea3a7c82139f9338b3767fd5,trafilatura,,4737,764,c94122a498152a45f32f39b92e46070b1952569252c6da5a7e7ea715869e20d9,
MEDIA-050,acquired_extracted,Rustenburg communities want ConCourt to set aside Sibanye's Lonmin takeover,2019,Mining Weekly,retrieval_manifest,https://www.miningweekly.com/article/rustenburg-communities-want-concourt-to-set-aside-sibanyes-lonmin-takeover-2019-07-19,https://www.miningweekly.com/article/rustenburg-communities-want-concourt-to-set-aside-sibanyes-lonmin-takeover-2019-07-19,200,text/html,http,261023,e3c3433347ced7f301f5cf1ff1cc6e2395c744a1f635f80123e055460e52ea4c,trafilatura,,4862,768,1a85d6200a97535e6e670285c20e61c67306760932021614286cc1e1935ea2d4,
MEDIA-051,acquired_extracted,Sibanye plans to cut 5 270 jobs as it restructures Marikana operations,2019,Mining Weekly,retrieval_manifest,https://www.miningweekly.com/article/sibanye-plans-to-cut-5-270-jobs-as-it-restructures-marikana-operations-2019-09-25,https://www.miningweekly.com/article/sibanye-plans-to-cut-5-270-jobs-as-it-restructures-marikana-operations-2019-09-25,200,text/html,http,266924,beb812916ea87d77322de76d7b3978b9d45ed05b058fe59ab87ab90a56d66fb2,trafilatura,,6368,976,e71f25a7e3e093cbdf796ff91aa46bba8425c4b9cf21e82789161f1ff62a1674,
MEDIA-052,acquired_extracted,Sibanye-Stillwater intensifies PGMs presence,2019,Mining Weekly,retrieval_manifest,https://www.miningweekly.com/article/sibanye-stillwater-intensifies-pgms-presence-2019-08-23,https://www.miningweekly.com/article/sibanye-stillwater-intensifies-pgms-presence-2019-08-23,200,text/html,http,269167,5d93577a3170b7d9a40bad944cfc030ceee81c6c03c9b1e674210e89d96b6cf5,trafilatura,,7772,1201,399add8961c0b17a5c6345b7a4731dda6c77c7a2cbcdc03501bd058dc7abd6e9,
MEDIA-053,acquired_extracted,Sibanye confirms final Marikana retrenchment figures,2020,Mining Weekly,retrieval_manifest,https://www.miningweekly.com/article/sibanye-confirms-final-marikana-retrenchment-figures-2020-01-16,https://www.miningweekly.com/article/sibanye-confirms-final-marikana-retrenchment-figures-2020-01-16,200,text/html,http,264172,e1f538d69cdcabab6b657ccf7486f489e50ffa262f8acf04d36954aeaa6ee9c4,trafilatura,,3499,551,d538cb764f7e9652e7d9aa02e873b8a924439001623f27b70cd3e86cdc8eee80,
MEDIA-054,acquired_extracted,"Sibanye launches campaign to reimagine, foster Marikana community of the future",2021,Mining Weekly,retrieval_manifest,https://www.miningweekly.com/article/sibanye-launches-campaign-to-reimagine-foster-marikana-community-of-the-future-2021-04-16,https://www.miningweekly.com/article/sibanye-launches-campaign-to-reimagine-foster-marikana-community-of-the-future-2021-04-16,200,text/html,http,271193,acfc410064d44e210b09b3deb37087a0116e02d459ee9b775d037a2646686e0f,trafilatura,,7676,1227,20a56b1c4dbea760ceef02a774ff6394ffc8128a44cb8116c89cbe89e841807e,
MEDIA-055,acquired_extracted,Sibanye to hold webcast series to aid healing and renewal in Marikana,2021,Mining Weekly,retrieval_manifest,https://www.miningweekly.com/article/sibanye-to-hold-webcast-series-to-aid-healing-and-renewal-in-marikana-2021-08-11,https://www.miningweekly.com/article/sibanye-to-hold-webcast-series-to-aid-healing-and-renewal-in-marikana-2021-08-11,200,text/html,http,263892,727c4cfbdb297feb556b56b3ad0a19d61c7f9db403bb50c636d4f748a642f0db,trafilatura,,6011,961,2613ba3b2b86f52b948088b2ab4c973c98d9f933408eb9c735a403d25cb0a7a9,
MEDIA-056,acquired_extracted,Amcu's Marikana PGM miners demand pay hikes of up to 40% from Sibanye,2022,Daily Maverick,retrieval_manifest,https://www.dailymaverick.co.za/article/2022-05-03-exclusive-amcus-marikana-pgm-miners-demand-pay-hikes-of-up-to-40-from-sibanye/,https://www.dailymaverick.co.za/article/2022-05-03-exclusive-amcus-marikana-pgm-miners-demand-pay-hikes-of-up-to-40-from-sibanye/,200,text/html,http,265007,cde38688a06b6ff672517d4deb5c43a51abc3078dbb4f6f629c135396291d82a,trafilatura,,3360,615,39e628e6853f91deb9da67efeca2ae1201dcce06bdbc5bf9552f4a4fbde30aa4,
MEDIA-057,acquired_extracted,"Mine workers have seen significant wage growth since Marikana, but social burdens undermine gains",2022,Daily Maverick,retrieval_manifest,https://www.dailymaverick.co.za/article/2022-07-24-mine-workers-have-seen-significant-wage-growth-since-marikana-but-social-burdens-undermine-gains/,https://www.dailymaverick.co.za/article/2022-07-24-mine-workers-have-seen-significant-wage-growth-since-marikana-but-social-burdens-undermine-gains/,200,text/html,http,351116,b248a099260469d8e76bb896b099087156013897179a7bf6a7fa657c430ff8df,trafilatura,,11167,1877,9a5336c74d76ef52480d800c3d0ee3237e633e6ffbd99d87a864cbc05256a367,
MEDIA-058,acquired_extracted,Marikana miners: We'll fight another 10 years to taste justice,2022,Daily Maverick,retrieval_manifest,https://www.dailymaverick.co.za/article/2022-08-13-mine-workers-symbolising-sas-tragic-day-well-fight-another-10-years-to-taste-justice/,https://www.dailymaverick.co.za/article/2022-08-13-mine-workers-symbolising-sas-tragic-day-well-fight-another-10-years-to-taste-justice/,200,text/html,http,431640,f8a9e05fdb74509e6ede59e93c2b79e2631184aafcbe449916df83f7f3748db3,trafilatura,,12928,2080,1314f0f7a504f71769daf5fc0133eb761a1f305dbfe843446107a2093374f468,
CORP-001,acquired_extracted,Lonmin Plc Annual Report and Accounts 2012,2012,Lonmin Plc,source_overrides,https://www.annualreports.com/HostedData/AnnualReportArchive/l/LSE_LMI_2012.pdf,https://www.annualreports.com/HostedData/AnnualReportArchive/l/LSE_LMI_2012.pdf,200,application/pdf,http,3991451,8d52b61cb15ebf62ecdadc6edf8fd9ee0b3bff122ac9725b4681a898d1b1ac0a,pypdf,168,628052,110199,544a9ffbe10c8e3f7d012fa4f6a4bb3392ad9ad5a9646b95b18c7a0791f63d9b,
CORP-002,acquired_extracted,Lonmin Plc Annual Report and Accounts 2013,2013,Lonmin Plc,source_overrides,https://www.annualreports.com/HostedData/AnnualReportArchive/l/LSE_LMI_2013.pdf,https://www.annualreports.com/HostedData/AnnualReportArchive/l/LSE_LMI_2013.pdf,200,application/pdf,http,5274690,d262b5ecbc5d39d6fa3c9a7184042451023db4b43806713e8438a826f183c6d3,pypdf,192,714618,122802,fab543ddd49d4cb286690013bb8955156cd26a4553a8cd367c2373d1dad73347,
CORP-003,acquired_extracted,Lonmin Plc Annual Report and Accounts 2014,2014,Lonmin Plc,source_overrides,https://www.annualreports.com/HostedData/AnnualReportArchive/l/LSE_LMI_2014.pdf,https://www.annualreports.com/HostedData/AnnualReportArchive/l/LSE_LMI_2014.pdf,200,application/pdf,http,6790472,b6ca01afa36756f2170e2902ccdf6990a1a2a485ceb06f61197c0ae5b587bde9,pypdf,214,756117,147966,21a259fe9aac57165c6ad3d241076c274136bbd0c5bab8ef5f32db08d15ff9f8,
CORP-004,acquired_extracted,Lonmin Plc Annual Report and Accounts 2016,2016,Lonmin Plc,source_overrides,https://www.annualreports.com/HostedData/AnnualReportArchive/l/LSE_LMI_2015.pdf,https://www.annualreports.com/HostedData/AnnualReportArchive/l/LSE_LMI_2015.pdf,200,application/pdf,http,5380832,0b06b6e678dd0f17b5ab74e54f82425a26d5458f6b8e3dd6cdc2e6b1535d3ff2,pypdf,216,761735,147501,372d89213c079051a4bac59399ddaf01baedebdbccd07650d6011a60108bbdb9,
CORP-006,acquired_extracted,Lonmin Plc Annual Report and Accounts 2017,2017,Lonmin Plc,source_overrides,https://www.sibanyestillwater.com/wp-content/uploads/transactions/lonmin/final-offer/lonmin-year-end-30september2017.pdf,https://www.sibanyestillwater.com/wp-content/uploads/transactions/lonmin/final-offer/lonmin-year-end-30september2017.pdf,200,application/pdf,http,1020946,f090e434d42905aa01f232e8493c64ad1c6a824dde130028015ca0f649e84de4,pypdf,69,217428,41631,cd825ea998391515fea0962ac1b0e7dfe0f85ff11af04c754283eea3fbdab665,
CORP-007,acquired_extracted,Lonmin Plc Annual Report and Accounts 2018,2018,Lonmin Plc,source_overrides,https://www.sibanyestillwater.com/wp-content/uploads/transactions/lonmin/lonmin-annual-report-2018.pdf,https://www.sibanyestillwater.com/wp-content/uploads/transactions/lonmin/lonmin-annual-report-2018.pdf,200,application/pdf,http,4294860,0b036a9e37cb21e6d33758be4da2dd9059b6725d4ecfab1f01ac810e169f5231,pypdf,200,624152,98841,17dd284cce4cfd55bf9698e2ed0ad6bec3e5f35317fdca75fc0db181ffc07d55,
CORP-008,acquired_extracted,Sibanye-Stillwater Integrated Report 2019,2019,Sibanye-Stillwater,source_overrides,https://reports.sibanyestillwater.com/2019/,https://reports.sibanyestillwater.com/2019/,200,text/html,http,41636,37477423ef12d413778621b2a8a31468fe5fd4e8ca661b827bb40582c044d272,trafilatura,,1949,325,fbe4d902b6f9bb236364d0ad746066f34f4390f05ce19eaa6d47cd0873cf5f04,
CORP-009,acquired_extracted,Sibanye-Stillwater Integrated Report 2020,2020,Sibanye-Stillwater,source_overrides,https://reports.sibanyestillwater.com/2020/,https://reports.sibanyestillwater.com/2020/,200,text/html,http,57708,b859f4e259bc47489eb47016b47e3929ca9e23125d4f10afd3e2e237d4eb4bf2,trafilatura,,19229,2730,09efb0bae2902b52bb5afd71974c067e54a5db339737805e2ca6d866e856e80b,
CORP-010,acquired_extracted,Sibanye-Stillwater Integrated Report 2021,2021,Sibanye-Stillwater,source_overrides,https://reports.sibanyestillwater.com/2021/,https://reports.sibanyestillwater.com/2021/,200,text/html,http,78601,d3a74cf14df1008f1e3aa7de32b2b6a0dc19d2b14b63d6b6e500857245c08a4f,trafilatura,,22238,3227,3be4a7993f2e0aa61c4778d8c7eba2f22f8fe400c7d5baae905685b1f8d4157a,
CORP-011,acquired_extracted,Sibanye-Stillwater Integrated Report 2022,2022,Sibanye-Stillwater,source_overrides,https://reports.sibanyestillwater.com/2022/,https://reports.sibanyestillwater.com/2022/,200,text/html,http,97809,682d15410c00e54191ce6eac09c229e18b9fdf20ec8a5e9c28edd50f4ec27387,trafilatura,,1908,301,919e88000e6205c2a277b8445e630e8939fb7889aae8c4bcab3dca946e1619a5,
CORP-012,acquired_extracted,Sibanye-Stillwater Integrated Report 2023,2023,Sibanye-Stillwater,source_overrides,https://reports.sibanyestillwater.com/2023/,https://reports.sibanyestillwater.com/2023/,200,text/html,http,78323,68a50632bc086298b0cb3653c8b4ab555d5a29707979280ec31287a27e531728,trafilatura,,14841,2224,29655d83953b9e9c9f469ae12314d18edec78828dbf7ff7adc8d578bec8e7791,
expanded_corporate_candidates__EXP-CORP-001,acquired_extracted,Lonmin Plc Annual Report and Accounts 2010,2010,Lonmin Plc,expanded_corporate_candidates.csv,https://www.annualreports.com/HostedData/AnnualReportArchive/l/LSE_LMI_2010.pdf,https://www.annualreports.com/HostedData/AnnualReportArchive/l/LSE_LMI_2010.pdf,200,application/pdf,http,2155509,3edf9c2173aa3e7a6ff2c8c9b475677dab0f95748fc4e5acab3a48c0f9b6a85f,pypdf,156,566512,91533,a5b56788736894d75b585aa7608def072009c822ba941d76f6bab550023c7c8c,
expanded_corporate_candidates__EXP-CORP-002,acquired_extracted,Lonmin Plc Annual Report and Accounts 2011,2011,Lonmin Plc,source_overrides,https://www.annualreports.co.uk/HostedData/AnnualReportArchive/l/LSE_LMI_2011.pdf,https://www.annualreports.co.uk/HostedData/AnnualReportArchive/l/LSE_LMI_2011.pdf,200,application/pdf,http,2781687,7235b2867f000f1ad9efc51956ab14fd7fc4ff031c0769adedca655b751938be,pymupdf_fallback,164,491005,79172,b2af45e17550f0b05990f74d4c1ab401cd4d24405b9814d796763ee4fe596711,
expanded_corporate_candidates__EXP-CORP-003,acquired_extracted,Lonmin Plc Annual Report and Accounts 2015,2015,Lonmin Plc,expanded_corporate_candidates.csv,https://www.annualreports.com/HostedData/AnnualReportArchive/l/LSE_LMI_2015.pdf,https://www.annualreports.com/HostedData/AnnualReportArchive/l/LSE_LMI_2015.pdf,200,application/pdf,http,5380832,0b06b6e678dd0f17b5ab74e54f82425a26d5458f6b8e3dd6cdc2e6b1535d3ff2,pypdf,216,761735,147501,372d89213c079051a4bac59399ddaf01baedebdbccd07650d6011a60108bbdb9,
expanded_corporate_candidates_batch1__EXP-CORP-001,acquired_extracted,Lonmin Plc Annual Report and Accounts 2010,2010,Lonmin Plc,expanded_corporate_candidates_batch1.csv,https://www.annualreports.com/HostedData/AnnualReportArchive/l/LSE_LMI_2010.pdf,https://www.annualreports.com/HostedData/AnnualReportArchive/l/LSE_LMI_2010.pdf,200,application/pdf,http,2155509,3edf9c2173aa3e7a6ff2c8c9b475677dab0f95748fc4e5acab3a48c0f9b6a85f,pypdf,156,566512,91533,a5b56788736894d75b585aa7608def072009c822ba941d76f6bab550023c7c8c,
expanded_corporate_candidates_batch1__EXP-CORP-002,acquired_extracted,Lonmin Plc Annual Report and Accounts 2011,2011,Lonmin Plc,source_overrides,https://www.annualreports.co.uk/HostedData/AnnualReportArchive/l/LSE_LMI_2011.pdf,https://www.annualreports.co.uk/HostedData/AnnualReportArchive/l/LSE_LMI_2011.pdf,200,application/pdf,http,2781687,7235b2867f000f1ad9efc51956ab14fd7fc4ff031c0769adedca655b751938be,pymupdf_fallback,164,491005,79172,b2af45e17550f0b05990f74d4c1ab401cd4d24405b9814d796763ee4fe596711,
expanded_corporate_candidates_batch1__EXP-CORP-003,acquired_extracted,Lonmin Plc Annual Report and Accounts 2015,2015,Lonmin Plc,source_overrides,https://www.annualreports.com/HostedData/AnnualReportArchive/l/LSE_LMI_2015.pdf,https://www.annualreports.com/HostedData/AnnualReportArchive/l/LSE_LMI_2015.pdf,200,application/pdf,http,5380832,0b06b6e678dd0f17b5ab74e54f82425a26d5458f6b8e3dd6cdc2e6b1535d3ff2,pypdf,216,761735,147501,372d89213c079051a4bac59399ddaf01baedebdbccd07650d6011a60108bbdb9,
EXP-CORP-004,acquired_extracted,Lonmin Plc Sustainable Development Report 2016,2016,Lonmin Plc,expanded_corporate_candidates_batch1.csv,https://wikirate-production-storage.fra1.cdn.digitaloceanspaces.com/files/3336301/14042001.pdf,https://wikirate-production-storage.fra1.cdn.digitaloceanspaces.com/files/3336301/14042001.pdf,200,application/pdf,http,714018,49c52996e06bbaca9ec0effe90baa77840e90af55a1d7593eddcb58eaf221d52,pypdf,14,48108,7215,d96e2e1a1220a73d130ae2bd3280c4516c3981795a5fa9bb016fba953bfa178d,
EXP-CORP-005,acquired_extracted,Lonmin Plc Sustainable Development Report 2018,2018,Lonmin Plc,expanded_corporate_candidates_batch1.csv,https://www.sibanyestillwater.com/wp-content/uploads/transactions/lonmin/1548855505-lonmin-sdr-2018.pdf,https://www.sibanyestillwater.com/wp-content/uploads/transactions/lonmin/1548855505-lonmin-sdr-2018.pdf,200,application/pdf,http,3392827,ea89361c8c0ff455cf7181ac52e9b323731648c89a9a7d23b2ebf5a86e959c34,pypdf,86,237214,35874,7a8a85dd8f80bd7a7c9d0ba69c8b843607a969e9865c4ed3dcf0d4cf65994718,
EXP-CORP-006,acquired_no_text,Marikana Renewal Fact Sheet 2020,2020,Sibanye-Stillwater,expanded_corporate_candidates_batch1.csv,https://reports.sibanyestillwater.com/2020/download/SSW-FS20-marikana-renewal.pdf,https://reports.sibanyestillwater.com/2020/download/SSW-FS20-marikana-renewal.pdf,200,text/html,http,212,d02032286070b4dd9d8fbd985a7bdca8af8edf52b89ff177db3bfcb2c8a9c43d,pypdf_error:PdfStreamError,0,0,0,,
EXP-CORP-007,acquired_no_text,Social and Labour Plans: Summary of Projects in South Africa 2021,2021,Sibanye-Stillwater,expanded_corporate_candidates_batch1.csv,https://reports.sibanyestillwater.com/2021/download/SSW-FS21-SLP-summary.pdf?v=0.572,https://reports.sibanyestillwater.com/2021/download/SSW-FS21-SLP-summary.pdf?v=0.572,200,text/html,http,212,d02032286070b4dd9d8fbd985a7bdca8af8edf52b89ff177db3bfcb2c8a9c43d,pypdf_error:PdfStreamError,0,0,0,,
EXP-CORP-008,acquired_no_text,Sibanye-Stillwater Group Impact Report 2022,2022,Sibanye-Stillwater,expanded_corporate_candidates_batch1.csv,https://reports.sibanyestillwater.com/2022/download/SSW-IMPACT22.pdf,https://reports.sibanyestillwater.com/2022/download/SSW-IMPACT22.pdf,200,text/html,http,212,d02032286070b4dd9d8fbd985a7bdca8af8edf52b89ff177db3bfcb2c8a9c43d,pypdf_error:PdfStreamError,0,0,0,,
EXP-CORP-009,acquired_no_text,Sibanye-Stillwater Group Impact Supplement 2023,2023,Sibanye-Stillwater,expanded_corporate_candidates_batch1.csv,https://reports.sibanyestillwater.com/2023/downloads/ssw-Impact23.pdf,https://reports.sibanyestillwater.com/2023/downloads/ssw-Impact23.pdf,200,text/html,http,212,d02032286070b4dd9d8fbd985a7bdca8af8edf52b89ff177db3bfcb2c8a9c43d,pypdf_error:PdfStreamError,0,0,0,,
EXP-CORP-010,acquired_no_text,Social and Labour Plans: Summary of Projects in South Africa 2023,2023,Sibanye-Stillwater,expanded_corporate_candidates_batch1.csv,https://reports.sibanyestillwater.com/2023/downloads/ssw-FS23-SLP-summary.pdf,https://reports.sibanyestillwater.com/2023/downloads/ssw-FS23-SLP-summary.pdf,200,text/html,http,212,d02032286070b4dd9d8fbd985a7bdca8af8edf52b89ff177db3bfcb2c8a9c43d,pypdf_error:PdfStreamError,0,0,0,,
CORP-NEWS-001,acquired_extracted,Sibanye-Stillwater enters Section 189 consultation with stakeholders at its Marikana operation and associated services,2019,Sibanye-Stillwater,expanded_corporate_candidates_news_releases.csv,https://www.resource-capital.ch/fileadmin/user_upload/25092019_EN_Sibanye-Stillwater_enters_Section_189_consultation_with_stakeholders_at_its_Marikana_operation_and_associated_services_25Sep2019.pdf,https://www.resource-capital.ch/fileadmin/user_upload/25092019_EN_Sibanye-Stillwater_enters_Section_189_consultation_with_stakeholders_at_its_Marikana_operation_and_associated_services_25Sep2019.pdf,200,application/pdf,http,85383,9209a68c406f9cf0065425e2e97414fc16496d156cbc8a90c28618683ca4e079,pypdf,3,9979,1438,fc8065262c46c2a7667b54c79978b8dc16ac30d71cc8f37c51ba7accc778c751,
CORP-NEWS-002,acquired_extracted,Constitutional Court of South Africa dismisses applications brought by Greater Lonmin Community,2019,Sibanye-Stillwater,expanded_corporate_candidates_news_releases.csv,https://thevault.exchange/?get_group_doc=245%2F1567694971-WithLogoConstitutionalCourtofSouthAfricadismissesapplicationsbroughtbyGreaterLonminCommunity5Sep2019.pdf,https://thevault.exchange/?get_group_doc=245%2F1567694971-WithLogoConstitutionalCourtofSouthAfricadismissesapplicationsbroughtbyGreaterLonminCommunity5Sep2019.pdf,200,application/pdf,http,86457,474c3c024d6a8dfc7f0cc8b84b13410701605f23bb4f85831b2f9b6043fe1ffa,pypdf,2,6985,1019,7bc0b9ee4b092a58e7c8f3cb4cb18a0cd30a266c32137cc7f6d01234d33e206d,
CORP-NEWS-003,acquired_extracted,Sibanye-Stillwater signs three-year PGM wage agreements,2019,Sibanye-Stillwater,expanded_corporate_candidates_news_releases.csv,https://thevault.exchange/?get_group_doc=245%2F1573812467-sibanye-stillwater-signs-three-year-pgm-agreements-15nov2019.pdf,https://thevault.exchange/?get_group_doc=245%2F1573812467-sibanye-stillwater-signs-three-year-pgm-agreements-15nov2019.pdf,200,application/pdf,http,98399,922d2f83a21734ee6f938ba3e53a288f3f1063a460ed3745884c5321eeedb824,pypdf,2,5829,915,e2f08e1c08b0e587e091f40ef339074d012f23dc3ea8e95fa73b8b22adf25b6c,
CORP-NEWS-004,acquired_low_text,Conclusion of S189 consultation process at the Marikana operations,2020,Sibanye-Stillwater,expanded_corporate_candidates_news_releases.csv,https://www.pressebox.com/pressrelease/swiss-resource-capital-ag/Conclusion-of-S189-consultation-process-at-the-Marikana-operations/boxid/988847,https://www.pressebox.com/pressrelease/swiss-resource-capital-ag/Conclusion-of-S189-consultation-process-at-the-Marikana-operations/boxid/988847,200,text/html,http,117003,2ed01191b0696adc14203c38e4945440e8b0c5b8c700fc5394c11fd9417be36a,trafilatura,,499,78,23e670324ae310086177ce3bab6a999bf7ba8d1aa58d648d37417133e66dc0a7,
CORP-NEWS-005,acquired_extracted,Referral of the Platinum wage negotiations dispute to the CCMA for Sibanye-Stillwater’s Rustenburg and Marikana operations,2019,Sibanye-Stillwater,expanded_corporate_candidates_news_releases.csv,https://thevault.exchange/?get_group_doc=245%2F1569859850-MediareleaseReferralofthePlatinumwagenegotiationsdisputetotheCCMAforSibanye-StillwatersRustenburgandMarikanaoperations30Sep2019.pdf,https://thevault.exchange/?get_group_doc=245%2F1569859850-MediareleaseReferralofthePlatinumwagenegotiationsdisputetotheCCMAforSibanye-StillwatersRustenburgandMarikanaoperations30Sep2019.pdf,200,application/pdf,http,87294,276266eaa101ea2cf27b489f78a5da494b646de1276793694e3288133724aaac,pypdf,2,5494,821,142a3d7307814cd509fb45d43f958bd4a1eddbfb80e80e0a738f1dbc9f58b9b5,
CORP-NEWS-006,acquired_extracted,Marikana Commemoration speakers call for positive change in South Africa,2023,Sibanye-Stillwater,expanded_corporate_candidates_news_releases.csv,https://thevault.exchange/?get_group_doc=245%2F1692017960-MediareleaseMarikanacommemorationcallforpositivechangeinSA14August2023.pdf,https://thevault.exchange/?get_group_doc=245%2F1692017960-MediareleaseMarikanacommemorationcallforpositivechangeinSA14August2023.pdf,200,application/pdf,http,86786,d4e9fd437035b29dcad804c2348d4b78c038f250649e27ec1fa2edaa41347c16,pypdf,3,12248,1796,8639bebcb73f5d6b51e9e7365e622bb7d737c8aa5a64445a4b6c9a8323691f5e,
CORP-SAT-001,acquired_extracted,SA PGM wage negotiations,2019,Sibanye-Stillwater,expanded_corporate_candidates_saturation.csv,https://www.sibanyestillwater.com/features/2019/sa-pgm-wage-negotiations/,https://www.sibanyestillwater.com/features/2019/sa-pgm-wage-negotiations/,200,text/html,http,181426,802f2896e1cb5a04694694334dbca3f6a16c4cfab0ee34705e342af076ccae8a,trafilatura,,754,120,1c0babde6aef02934b9b371e90d51e38f6d49b4443872a11031e054f8492fc31,
CORP-SAT-002,acquired_extracted,Marikana Memorial,2020,Sibanye-Stillwater,expanded_corporate_candidates_saturation.csv,https://www.sibanyestillwater.com/features/2020/marikana-memorial/,https://www.sibanyestillwater.com/features/2020/marikana-memorial/,200,text/html,http,209064,5947d9671eb06e13109eb1bd1fcc699423d3890447a6d21331106619231d736d,trafilatura,,7820,1292,7121f073ef0a463ef1b5b0d4882f9fdf77a1594e434e2ba42008172e1c0e9199,
CORP-SAT-003,acquired_extracted,Marikana Renewal,2021,Sibanye-Stillwater,expanded_corporate_candidates_saturation.csv,https://www.sibanyestillwater.com/features/2021/marikana-renewal/,https://www.sibanyestillwater.com/features/2021/marikana-renewal/,200,text/html,http,193024,deb18770b6e3785dc6c265410bb1e73c0380bb26f3263855721b672357b7e1d3,trafilatura,,2972,478,7e6d46bc0fad0d753f8c39a2963df05380febe6c5195eee4ae82e641ed49921f,
CORP-SAT-004,acquired_extracted,Marikana commemoration 2021,2021,Sibanye-Stillwater,expanded_corporate_candidates_saturation.csv,https://www.sibanyestillwater.com/features/2021/marikana-commemoration/,https://www.sibanyestillwater.com/features/2021/marikana-commemoration/,200,text/html,http,214057,7aac14c3b2dfb38e7aa6c6ee51fc468b6c4978cd4984e8bf3f762771d66c76fc,trafilatura,,10986,1688,09ff036b00f987cb4a5c41d299406af9e59b242de367fb6aa63afd906bfe7551,
CORP-SAT-005,acquired_low_text,4th Annual Marikana Commemoration Lecture,2023,Sibanye-Stillwater,expanded_corporate_candidates_saturation.csv,https://www.sibanyestillwater.com/features/2023/4th-annual-marikana-lecture/,https://www.sibanyestillwater.com/features/2023/4th-annual-marikana-lecture/,200,text/html,http,179016,c38c8fe08620a1dd4678becf7a71a72427ace953cb7c6b09053c706b54f4c460,trafilatura,,360,59,81ba7d8aeb255a5c3a0eae642e3c1fb5b7c90e612878faa57a9b223afe96bcfc,
EXP-GOV-001,acquired_extracted,Release of the Marikana Commission report,2015,The Presidency / South African Government,expanded_government_candidates_batch1.csv,https://www.gov.za/news/speeches/president-jacob-zuma-release-marikana-report-25-jun-2015,https://www.gov.za/news/speeches/president-jacob-zuma-release-marikana-report-25-jun-2015,200,text/html,http,62340,a51d131e296a30f5851b96f47a4b1a0d44e6fe6d05b774e0fb70f5ce1fdc96de,trafilatura,,14725,2388,e92cc4853a2e135d51f8be0b649a233e33cc0c5b0e096d8dedf96b3104e522df,
EXP-GOV-002,acquired_extracted,North West Human Settlements on Marikana housing project,2015,North West Department of Local Government and Human Settlements / South African Government,expanded_government_candidates_batch1.csv,https://www.gov.za/speeches/north-west-human-settlements-marikana-housing-project-7-dec-2015-0000,https://www.gov.za/speeches/north-west-human-settlements-marikana-housing-project-7-dec-2015-0000,200,text/html,http,43790,bce3751a5667120a17b3ba5e6c4582e0f14c0eb3bd75e898b7b61e54a9ab1a4a,trafilatura,,1704,288,20576fbb7a8996f3a2e5278c212c30d8a43785601db96df55ecc4df6e907c8a2,
EXP-GOV-003,acquired_extracted,North West Human Settlements on illegal occupants of Marikana houses,2016,North West Human Settlements / South African Government,expanded_government_candidates_batch1.csv,https://www.gov.za/speeches/illegal-occupants-houses-marikana-stand-be-evicted-19-apr-2016-0000,https://www.gov.za/speeches/illegal-occupants-houses-marikana-stand-be-evicted-19-apr-2016-0000,200,text/html,http,42763,383ace145c1c6d04e84c8ea21ab16a63fcda30b9fd102ba84c0b6464188b69a2,trafilatura,,1250,202,6fb631a8b527c4e1d0fb8400b2606e79def058a916bebf6fb79bc0fb5b08de18,
EXP-GOV-004,acquired_extracted,Government remembers Marikana,2017,South African Government,expanded_government_candidates_batch1.csv,https://www.gov.za/speeches/government-remembers-marikana-16-aug-2017-0000,https://www.gov.za/speeches/government-remembers-marikana-16-aug-2017-0000,200,text/html,http,48378,b02188a82691ad48dff0e53759134a2293fd65e281a55b27414544a6bfc9b59d,trafilatura,,6814,1066,a880ae64675e86424877777003b225194dce13890304518720f08792aaecaee3,
EXP-GOV-005,acquired_extracted,Department of Human Settlements Embarks on Major Effort to Revitalise Distressed Mining Towns,2017,Parliament of South Africa,expanded_government_candidates_batch1.csv,https://www.parliament.gov.za/news/department-human-settlements-embarks-major-effort-revitalise-distressed-mining-towns,https://www.parliament.gov.za/news/department-human-settlements-embarks-major-effort-revitalise-distressed-mining-towns,200,text/html,http,65819,1eb6f735cafc7ea022e72b883b9a445bcd685d4c4ff45615ebf3449d130029f3,trafilatura,,7169,1141,0700122efff5cdb030751a3133dea36ee526f47f9d3c7f081c81543a1c3f205e,
EXP-GOV-010,acquired_extracted,Panel of Experts Report on Policing and Crowd Management,2018,Panel of Experts / Minister of Police,source_overrides,https://www.polity.org.za/attachment.php?aa_id=84996,https://cisp.cachefly.net/assets/articles/attachments/84996_pannel_of_experts_2021.pdf,200,application/pdf,http,4974024,5d2222e3f5ff12cf418d2d5def88f6825a640d805f30600361587522b9960f34,pypdf,596,1234332,194376,4964531a668baec7e9544509f914835905d9e62312133f29fbdd53571636d9f9,
EXP-GOV-011,acquired_extracted,Parliament requests update from SAPS on implementation of recommendations in Panel of Experts Report,2021,Parliament of South Africa,expanded_government_candidates_batch2.csv,https://www.gov.za/news/media-statements/parliament-requests-update-saps-implementation-recommendations-panel-experts,https://www.gov.za/news/media-statements/parliament-requests-update-saps-implementation-recommendations-panel-experts,200,text/html,http,45990,367c9f0d1462400e1c935354643a255bdef19fc25f0317c497131a1225363d73,trafilatura,,3936,598,a874f9779d8cde0f6fc6363e786ac8f462e9f6ee3dc11013771e5040f4b763c9,
EXP-GOV-012,acquired_extracted,Panel of experts on Farlam Commission briefs Parliament,2017,South African Government News Agency,expanded_government_candidates_batch2.csv,https://www.sanews.gov.za/south-africa/panel-experts-farlam-commission-briefs-parliament,https://www.sanews.gov.za/south-africa/panel-experts-farlam-commission-briefs-parliament,200,text/html,http,28882,c0d012de889fb9df76e11fcbf13aa6cf38508edc59cbaa704c40f8f96a034468,trafilatura,,3949,650,18595e00a90f913abed53954235344df6f1fd5872a682e1d0e028dca41341387,
GOV-SAT-001,acquired_extracted,Government on Marikana related litigation,2023,South African Government / GCIS,expanded_government_candidates_saturation.csv,https://www.gov.za/news/media-statements/government-marikana-related-litigation-17-aug-2023,https://www.gov.za/news/media-statements/government-marikana-related-litigation-17-aug-2023,200,text/html,http,46346,307327180aa3432b4b63822762d1857dd6977530c776b07f7e632498e4377066,trafilatura,,4325,603,6ad177c39f8a76e61eb9d52e77d428bcca91e080c9404298470f3ba51a4026fd,
WEB-GOV-001,acquired_extracted,Minister Nathi Nhleko says closure needed over Marikana,2015,South African Police Service / South African Government,expanded_government_candidates_web.csv,https://www.gov.za/news/media-statements/minister-nathi-nhleko-says-closure-needed-over-marikana-12-aug-2015,https://www.gov.za/news/media-statements/minister-nathi-nhleko-says-closure-needed-over-marikana-12-aug-2015,200,text/html,http,43282,cbac67af253a76db6e1f0638313b064319b4b9164cb5af12df852b18eae072fa,trafilatura,,1412,236,25fc5c703a4e4348cbbbbc0cfde5613d14d10c10b28e2d152095a728330d92b8,
WEB-GOV-002,acquired_extracted,Farlam recommendations being implemented,2016,South African Government News Agency,expanded_government_candidates_web.csv,https://www.sanews.gov.za/south-africa/farlam-recommendations-being-implemented,https://www.sanews.gov.za/south-africa/farlam-recommendations-being-implemented,200,text/html,http,31244,01e1d14c2b61d58a4439a774989980de6d1ceaa4bfaf03aedee7c843f25c3453,trafilatura,,6223,976,aa5cfe8d298ca15ff1f32b386f152ece2181c7db59ae21de74ddd40a8608d1ca,
WEB-GOV-003,acquired_extracted,Government remembers Marikana tragedy,2020,Government Communication and Information System,expanded_government_candidates_web.csv,https://www.gcis.gov.za/newsroom/media-releases/government-remembers-marikana-tragedy,https://www.gcis.gov.za/newsroom/media-releases/government-remembers-marikana-tragedy,200,text/html,http,25081,50d9cd025830acc18fd7308819483252b054a4914f86a7da48dc6521369ab123,trafilatura,,2596,404,b074680973488125e891351f3da6eaf95bbe2a0c6c25025be07d862ec79061eb,
WEB-GOV-004,acquired_extracted,Government commemorates the Marikana tragedy,2022,South African Government,expanded_government_candidates_web.csv,https://www.gov.za/news/media-statements/government-commemorates-marikana-tragedy-16-aug-2022,https://www.gov.za/news/media-statements/government-commemorates-marikana-tragedy-16-aug-2022,200,text/html,http,50682,8203145e5c8ed0ef0fbb11e1262ed511bb9ef38cb14fad97302bf9d757e72968,trafilatura,,8446,1336,4a38ce28730e60d4ed9699c5a105d1b4a7b8a46c2c9edc4c6a1c1db82da5633c,
expanded_media_candidates__EXP-MEDIA-001,acquired_extracted,It's business unusual at 'improving' Lonmin – Munroe,2013,Mining Weekly,source_overrides,https://www.miningweekly.com/article/its-business-unusual-at-improving-lonmin-munroe-2013-03-15,https://www.miningweekly.com/article/its-business-unusual-at-improving-lonmin-munroe-2013-03-15,200,text/html,http,260569,1c78ab2960532e3b46c31d82ba61ce85f980c90a6d0ed1825c50bfd0a91e4dd3,trafilatura,,10013,1644,ffb49d257b8daddec1d9a03a0c45066ea9c771a0bd57f18400e88594d54fb862,
expanded_media_candidates__EXP-MEDIA-002,acquired_extracted,Lonmin accelerates union recognition process to ease Marikana tensions,2013,Mining Weekly,expanded_media_candidates.csv,https://www.miningweekly.com/article/lonmin-accelerates-union-recognition-process-to-ease-marikana-tensions-2013-05-17,https://www.miningweekly.com/article/lonmin-accelerates-union-recognition-process-to-ease-marikana-tensions-2013-05-17,200,text/html,http,255938,15e3f50d871d94fc4c6fee719c2549642557d20bf5be2b25507dee825659f828,trafilatura,,3801,585,d455bf5a260bba4f231a999fd44580c03e6bedeea90c8ae27216bf82a75a300d,
expanded_media_candidates__EXP-MEDIA-003,acquired_extracted,Lonmin to derecognise smaller unions in favour of AMCU,2013,Mining Weekly,expanded_media_candidates.csv,https://www.miningweekly.com/article/lonmin-to-derecognise-smaller-unions-in-favour-of-amcu-2013-08-23,https://www.miningweekly.com/article/lonmin-to-derecognise-smaller-unions-in-favour-of-amcu-2013-08-23,200,text/html,http,255839,151fbd491133959695aaa455b8808f6517e736fdcf8ed07666130b515ebacb95,trafilatura,,4643,729,391256dff7e126cd5c5c9921a02b821e3a84ef5f2d478bde6dcb9f9e4ffbf941,
expanded_media_candidates__EXP-MEDIA-004,acquired_extracted,NUM wants members at Lonmin back,2013,Mining Weekly,expanded_media_candidates.csv,https://www.miningweekly.com/article/num-wants-members-at-lonmin-back-2013-07-11,https://www.miningweekly.com/article/num-wants-members-at-lonmin-back-2013-07-11,200,text/html,http,252835,546de8742faee14efb67a8377f354e9ca9de40fa53108c75c7a70e77f1f80f06,trafilatura,,3151,501,d404a4c9e124e1d3b0d69844cd268bf57dd2208377ac051fd85bcf3e79f1e603,
expanded_media_candidates__EXP-MEDIA-005,acquired_extracted,NUM member gunned down at Lonmin hostel,2013,Mining Weekly,expanded_media_candidates.csv,https://www.miningweekly.com/article/num-member-gunned-down-at-lonmin-hostel-2013-06-03,https://www.miningweekly.com/article/num-member-gunned-down-at-lonmin-hostel-2013-06-03,200,text/html,http,254020,d4a636218657c51876d1e4f826b8106e4682d75e11edd21b53d73d54eea63b49,trafilatura,,3853,616,cae0ab0f706a29c799b2d52227b82dc7b35889a88bcb72f9243327b2cef93464,
expanded_media_candidates__EXP-MEDIA-006,acquired_extracted,AMCU postpones Lonmin strike action pending meeting with Motlanthe,2013,Mining Weekly,expanded_media_candidates.csv,https://www.miningweekly.com/article/amcu-postpones-strike-action-pending-meeting-with-motlanthe-2013-06-13,https://www.miningweekly.com/article/amcu-postpones-strike-action-pending-meeting-with-motlanthe-2013-06-13,200,text/html,http,258045,c3929000034716c2fd5b477b74d668091e8d9ac9285023573b9caf1f901d04a9,trafilatura,,6456,1042,e83684f0425dca4daf42ae170fc590d0073d955611493053466a1a6686772f6b,
expanded_media_candidates__EXP-MEDIA-007,acquired_extracted,Union puts chamber on spot over alleged Lonmin breach,2013,Mining Weekly,expanded_media_candidates.csv,https://www.miningweekly.com/article/union-puts-chamber-on-spot-over-alleged-lonmin-breach-2013-09-06,https://www.miningweekly.com/article/union-puts-chamber-on-spot-over-alleged-lonmin-breach-2013-09-06,200,text/html,http,259111,82b5208e2065e26b4449626dc7aa7724abc999ec7dec514ddf6a798da7a63a28,trafilatura,,8601,1366,56b906b531737f7fa445d9308653221bc70f434a3d77f16926dd9f60e0317c57,
expanded_media_candidates__EXP-MEDIA-008,acquired_extracted,Solidarity gears up for Lonmin strike,2013,Mining Weekly,expanded_media_candidates.csv,https://www.miningweekly.com/article/solidarity-gears-up-for-lonmin-strike-2013-08-19,https://www.miningweekly.com/article/solidarity-gears-up-for-lonmin-strike-2013-08-19,200,text/html,http,255453,eb66e314ad7600450ac0719bf7c110dc0099fac19a57375555d0de67f109bfca,trafilatura,,3883,603,1b88cc2f5e445540a24832008eb395a200480a3317463ff354f83dcd0786ca9b,
expanded_media_candidates__EXP-MEDIA-009,acquired_extracted,An end to platinum miner's single-sex hostels beckons,2014,Mining Weekly,expanded_media_candidates.csv,https://www.miningweekly.com/article/an-end-to-platinum-miners-single-sex-hostels-beckons-2014-03-28,https://www.miningweekly.com/article/an-end-to-platinum-miners-single-sex-hostels-beckons-2014-03-28,200,text/html,http,270521,592f617c7216c20c9135066012a698db65dda81e840ff90d449ecbfde1227144,trafilatura,,11687,1836,25343bb3988501058268c1750729233a49ddbc23bd0b3d0ccaf6485b6ed90286,
expanded_media_candidates__EXP-MEDIA-010,acquired_extracted,Marikana report to Zuma by Tuesday,2015,Mining Weekly,expanded_media_candidates.csv,https://www.miningweekly.com/article/marikana-report-to-zuma-by-tuesday-2015-03-30,https://www.miningweekly.com/article/marikana-report-to-zuma-by-tuesday-2015-03-30,200,text/html,http,257131,91046a0dec6ab66db42356ae6c10d7aa4e042cd85c6f842fc5f4cc3867435417,trafilatura,,3089,495,90402ca2158e96a0f563f2277732c99ccb4fd7c83897720a006d20de437a923f,
expanded_media_candidates__EXP-MEDIA-011,acquired_extracted,Marikana Commission: Sowing the killing fields,2012,Daily Maverick,expanded_media_candidates.csv,https://www.dailymaverick.co.za/article/2012-11-09-marikana-commission-sowing-the-killing-fields/,https://www.dailymaverick.co.za/article/2012-11-09-marikana-commission-sowing-the-killing-fields/,200,text/html,http,316919,c37b8f044bcdffc864f2cc7a68eda0e11bca5e3bd29c6193c9b910506e8694d6,trafilatura,,7983,1366,44c9ce59960642d0e6a654fc89c58ef6a9466fcc355cccde730b9298b32a8cff,
expanded_media_candidates__EXP-MEDIA-012,acquired_extracted,Marikana Commission: 'Don't single us out' - police,2012,Daily Maverick,expanded_media_candidates.csv,https://www.dailymaverick.co.za/article/2012-11-06-marikana-commission-dont-single-us-out-police/,https://www.dailymaverick.co.za/article/2012-11-06-marikana-commission-dont-single-us-out-police/,200,text/html,http,261107,c84a851ddd2594dae1af0b110de14f339ddeca32dee772005c9410985af3bf67,trafilatura,,4234,729,50dfa75cc8b2de3870af9d12d546fd882572261d39e2b54bbcc45def93c4f6e6,
expanded_media_candidates__EXP-MEDIA-013,acquired_extracted,"Marikana Commission: The foiled saviour, Joseph Mathunjwa",2012,Daily Maverick,expanded_media_candidates.csv,https://www.dailymaverick.co.za/article/2012-11-29-marikana-commission-the-foiled-saviour-joseph-mathunjwa/,https://www.dailymaverick.co.za/article/2012-11-29-marikana-commission-the-foiled-saviour-joseph-mathunjwa/,200,text/html,http,315031,b2c44b751ebd43b0ec8a781637e89d0276820e21bb77a0c3b5094de9068f8367,trafilatura,,4948,882,0c2319b3c46cb0cf9480be593e09e9106c60813fc30975a028eb02ddbebbe5aa,
expanded_media_candidates__EXP-MEDIA-014,acquired_extracted,25 October 2012: A day of reckoning at Marikana,2012,Daily Maverick,expanded_media_candidates.csv,https://www.dailymaverick.co.za/article/2012-10-24-25-october-2012-a-day-of-reckoning-at-marikana/,https://www.dailymaverick.co.za/article/2012-10-24-25-october-2012-a-day-of-reckoning-at-marikana/,200,text/html,http,361429,4fc5d2624f0eb5d4cc9da172ff344de91a060a2ecf38db362f3226bd8c6682a1,trafilatura,,11198,1933,4e3ea31dfdf919d9c2c794cf7d9b1437e647a862a253530379106b22ab2b5eb4,
expanded_media_candidates__EXP-MEDIA-015,acquired_extracted,Marikana Commission: Gung-ho Mangwashi Phiyega under scrutiny,2013,Daily Maverick,expanded_media_candidates.csv,https://www.dailymaverick.co.za/article/2013-01-24-marikana-commission-gung-ho-mangwashi-phiyega-under-scrutiny/,https://www.dailymaverick.co.za/article/2013-01-24-marikana-commission-gung-ho-mangwashi-phiyega-under-scrutiny/,200,text/html,http,310813,a0a3fda048cd3eeaca52237a082b9d11144badc4aae3d45f0baf5abe2ca9a69b,trafilatura,,4756,796,7d241e22febe66fa22ee00065039db1528a597d2db6ce16dcf9ad0339709cfb2,
expanded_media_candidates__EXP-MEDIA-016,acquired_extracted,Money-kana Commission?,2013,Daily Maverick,expanded_media_candidates.csv,https://www.dailymaverick.co.za/article/2013-08-30-money-kana-commission/,https://www.dailymaverick.co.za/article/2013-08-30-money-kana-commission/,200,text/html,http,298957,c923771b1a8488e628118d1774d35d243857b7a31d30620029926ae6aee887f2,trafilatura,,5147,862,056db2efff6cea76c28b8552d852739c8ab499b71ad49dea640b063e04bd1105,
expanded_media_candidates__EXP-MEDIA-017,acquired_extracted,"Marikana Commission: Lies, videotapes and the police's crumbling wall of deceit",2013,Daily Maverick,expanded_media_candidates.csv,https://www.dailymaverick.co.za/article/2013-09-16-marikana-commission-lies-videotapes-and-the-polices-crumbling-wall-of-deceit/,https://www.dailymaverick.co.za/article/2013-09-16-marikana-commission-lies-videotapes-and-the-polices-crumbling-wall-of-deceit/,200,text/html,http,325984,df049a2f920c2faf77d9142131da0c3355f4cdd9d61ae8852da07b88fa929d2b,trafilatura,,8756,1518,5e31e6e57caf4214583c94ebeaa23343510424f17888e6c3c29e672c99c045ea,
expanded_media_candidates__EXP-MEDIA-018,acquired_extracted,Marikana massacre: More disturbing questions about police planning and objectives,2013,Daily Maverick,expanded_media_candidates.csv,https://www.dailymaverick.co.za/article/2013-10-23-marikana-massacre-more-disturbing-questions-about-police-planning-and-objectives/,https://www.dailymaverick.co.za/article/2013-10-23-marikana-massacre-more-disturbing-questions-about-police-planning-and-objectives/,200,text/html,http,315538,fa8b455178d08002bf084d0b0de1a09211a515c3918c23a1df0bc0829b081bbf,trafilatura,,7308,1204,058c26de8ab8949408d87ccab23a5d9059cb62d90ce1c30d94e99a3713dba22a,
expanded_media_candidates__EXP-MEDIA-019,acquired_extracted,"Marikana massacre: SAPS, Lonmin, Ramaphosa & time for blood. Miners' blood.",2013,Daily Maverick,expanded_media_candidates.csv,https://www.dailymaverick.co.za/article/2013-10-24-marikana-massacre-saps-lonmin-ramaphosa-time-for-blood-miners-blood/,https://www.dailymaverick.co.za/article/2013-10-24-marikana-massacre-saps-lonmin-ramaphosa-time-for-blood-miners-blood/,200,text/html,http,364046,8ea4f1057c3d401ed2fbecc839c697cbac89dda21a7ee7953b6745eb470d0715,trafilatura,,11903,2039,96c5940da3be55d96a4dd32fd89d4a2b44b1e29eb4ed3adf0bd480d1ac697891,
expanded_media_candidates__EXP-MEDIA-020,acquired_extracted,"Marikana massacre: Ramaphosa's statement, revisited",2013,Daily Maverick,expanded_media_candidates.csv,https://www.dailymaverick.co.za/article/2013-10-25-marikana-massacre-ramaphosas-statement-revisited/,https://www.dailymaverick.co.za/article/2013-10-25-marikana-massacre-ramaphosas-statement-revisited/,200,text/html,http,368424,d5adaa4c9b98f1845b41317a863521e00e29549368744eb4a5f93c20fd97def2,trafilatura,,7452,1222,82537cbdb054407b0f325e09a049dd155bc410366aed46591e0cedc792d5b53a,
expanded_media_candidates__EXP-MEDIA-021,acquired_extracted,"Memories of Marikana, through the eNCA lens",2013,Daily Maverick,expanded_media_candidates.csv,https://www.dailymaverick.co.za/article/2013-08-13-memories-of-marikana-through-the-enca-lens/,https://www.dailymaverick.co.za/article/2013-08-13-memories-of-marikana-through-the-enca-lens/,200,text/html,http,317562,fd99494c6d9d305b650346742762ded5fb840c521ebff09dc36cf74591e16691,trafilatura,,6601,1098,3824e8101415ccac7ec05d64746b009befa83114851c29e97e010acba0aa8fe1,
expanded_media_candidates__EXP-MEDIA-022,acquired_extracted,Marking the anniversary of two mining massacres: So much remains the same,2013,Daily Maverick,expanded_media_candidates.csv,https://www.dailymaverick.co.za/article/2013-08-14-marking-the-anniversary-of-two-mining-massacres-so-much-remains-the-same/,https://www.dailymaverick.co.za/article/2013-08-14-marking-the-anniversary-of-two-mining-massacres-so-much-remains-the-same/,200,text/html,http,319451,0a895697c006a5ba27daf05a7ee6d342bcf45e8497155c95751919c7ef1404bc,trafilatura,,5592,968,b811ad23c74197b341ffc6d11ff3c9eded04d06abd0bc80b4a4a85aaabb162a0,
expanded_media_candidates__EXP-MEDIA-023,acquired_extracted,Marikana massacre: The first of Lonmin's voices are heard,2014,Daily Maverick,expanded_media_candidates.csv,https://www.dailymaverick.co.za/article/2014-06-09-marikana-massacre-the-first-of-lonmins-voices-are-heard/,https://www.dailymaverick.co.za/article/2014-06-09-marikana-massacre-the-first-of-lonmins-voices-are-heard/,200,text/html,http,344154,eda26eeac95179af81aea685ab9bed3ba33311222fb41fc0826622cafcc1931f,trafilatura,,12546,2316,129c755990cab327cefb7a4a78ca37da36666c67e68042086e90a73fb33007eb,
expanded_media_candidates__EXP-MEDIA-024,acquired_extracted,Marikana report: Key findings and recommendations,2015,Daily Maverick,expanded_media_candidates.csv,https://www.dailymaverick.co.za/article/2015-06-26-marikana-report-key-findings-and-recommendations/,https://www.dailymaverick.co.za/article/2015-06-26-marikana-report-key-findings-and-recommendations/,200,text/html,http,341606,1205a5faa3ddda20ef7b4789c5d6a6f5e99215f91e7aec50dee811510e3a68f1,trafilatura,,8571,1403,b3c9a6a8e3ea884723879deaf08dcbf70699096a6e5d8b3073e0c88d671af39a,
expanded_media_candidates__EXP-MEDIA-025,acquired_extracted,amaBhungane: 'War' looming over Marikana housing evictions,2016,Daily Maverick,expanded_media_candidates.csv,https://www.dailymaverick.co.za/article/2016-08-31-amabhungane-war-looming-over-marikana-housing-evictions/,https://www.dailymaverick.co.za/article/2016-08-31-amabhungane-war-looming-over-marikana-housing-evictions/,200,text/html,http,349438,4b291c79ded126269954e02f6daf1e27d8a08cb59a7d11b998aca07e8e0786de,trafilatura,,8624,1432,915f52080c81dac97b35af50a3fff0165753883fcae554b6bba18171c87d42a8,
expanded_media_candidates__EXP-MEDIA-026,acquired_extracted,What's mine is mine: How the Bapo Ba Mogale got robbed of R800 million,2016,Daily Maverick,expanded_media_candidates.csv,https://www.dailymaverick.co.za/article/2016-10-26-whats-mine-is-mine-how-the-bapo-ba-mogale-got-robbed-of-r800-million/,https://www.dailymaverick.co.za/article/2016-10-26-whats-mine-is-mine-how-the-bapo-ba-mogale-got-robbed-of-r800-million/,200,text/html,http,451073,ae1b22551fecf5435ea97920b68401a7b8931fa141ba7a725283cbbb18283911,trafilatura,,21223,3707,1b956cb1027d78cc31571716f1edd38df16958a1ff0af5e5f7417e72a139054d,
expanded_media_candidates__EXP-MEDIA-027,acquired_extracted,Marikana Massacre: Police absolve 87 of their own,2017,Daily Maverick,expanded_media_candidates.csv,https://www.dailymaverick.co.za/article/2017-03-15-marikana-massacre-police-absolve-87-of-their-own/,https://www.dailymaverick.co.za/article/2017-03-15-marikana-massacre-police-absolve-87-of-their-own/,200,text/html,http,319775,3ebb1361a9ef40acb5576fa31051ab27c123bd55db73460e362fcd4ebd82ff51,trafilatura,,6921,1103,6783bb29d75e2c9c4910ee6daba0965996b6b4bf172ba3e2696a8a6f6ecc9c8f,
expanded_media_candidates__EXP-MEDIA-028,acquired_extracted,"Marikana Massacre: 'He is fine, let him die'",2017,Daily Maverick,expanded_media_candidates.csv,https://www.dailymaverick.co.za/article/2017-03-20-marikana-massacre-he-is-fine-let-him-die/,https://www.dailymaverick.co.za/article/2017-03-20-marikana-massacre-he-is-fine-let-him-die/,200,text/html,http,333582,55232003cac267cf2b607f4dcd527d070960de195078bf38d63c4dcb3fda2fdc,trafilatura,,8355,1362,9d912013d21925bb2185899c422d707ce1603f28416115e57f40dfd8ef712a01,
expanded_media_candidates__EXP-MEDIA-029,acquired_extracted,Marikana: What's been done on SAPS recommendations?,2017,Daily Maverick,expanded_media_candidates.csv,https://www.dailymaverick.co.za/article/2017-08-16-marikana-whats-been-done-on-saps-recommendations/,https://www.dailymaverick.co.za/article/2017-08-16-marikana-whats-been-done-on-saps-recommendations/,200,text/html,http,303312,ebfc2dc5fc653fc4e403455304ca3ab624d7f2d19fcbc53f6032ba673f697f5a,trafilatura,,7393,1215,ae4f7dc53801bcaaabaea1153d7da4af0a5f057b94a93b1db37dd2ff07f898bc,
expanded_media_candidates__EXP-MEDIA-030,acquired_extracted,Will there ever be accountability for the Marikana Massacre?,2018,Daily Maverick,expanded_media_candidates.csv,https://www.dailymaverick.co.za/article/2018-06-15-will-there-ever-be-accountability-for-the-marikana-massacre/,https://www.dailymaverick.co.za/article/2018-06-15-will-there-ever-be-accountability-for-the-marikana-massacre/,200,text/html,http,354919,8a0a584b85f02c67ee12c786e4783877698a21411f059246e5029491f2b4eddc,trafilatura,,5751,911,1d6c963955a0e40aa2a0cc8befbe7084770bc48844dfd90531626e3bff03b596,
expanded_media_candidates__EXP-MEDIA-031,acquired_extracted,The legacy of Marikana: Accountability urgent to prevent another atrocity,2018,Daily Maverick,expanded_media_candidates.csv,https://www.dailymaverick.co.za/article/2018-08-15-the-legacy-of-marikana-accountability-urgent-to-prevent-another-atrocity/,https://www.dailymaverick.co.za/article/2018-08-15-the-legacy-of-marikana-accountability-urgent-to-prevent-another-atrocity/,200,text/html,http,330455,df99ac10567462250a8f6c372babc765869e8d4752e1ebbbb380308f2b945f06,trafilatura,,7618,1290,8684828da74611d944c3e07478e13fcbd064e45469bfb068908b8ff77b7ab8f7,
expanded_media_candidates__EXP-MEDIA-032,acquired_extracted,"Marikana Massacre – IPID investigates massacred miners' deaths, and SAPS' lies, without the promised funding",2018,Daily Maverick,expanded_media_candidates.csv,https://www.dailymaverick.co.za/article/2018-08-30-marikana-massacre-ipid-investigates-massacred-miners-deaths-and-saps-lies-without-the-promised-funding/,https://www.dailymaverick.co.za/article/2018-08-30-marikana-massacre-ipid-investigates-massacred-miners-deaths-and-saps-lies-without-the-promised-funding/,200,text/html,http,350125,3212cd0fad6b2450d8fc2a024c9a9cb6bf82895bcb2a80fd02dc0bc5e0b8d079,trafilatura,,4696,785,229a6561301004068ed6d383c27ac80480c9dfce4e54a97e540cdc51d0458be9,
expanded_media_candidates__EXP-MEDIA-033,acquired_extracted,Community wants ConCourt to declare R5bn Lonmin deal illegal,2019,Daily Maverick,expanded_media_candidates.csv,https://www.dailymaverick.co.za/article/2019-07-21-community-wants-concourt-to-declare-r5bn-lonmin-deal-illegal/,https://www.dailymaverick.co.za/article/2019-07-21-community-wants-concourt-to-declare-r5bn-lonmin-deal-illegal/,200,text/html,http,284428,d465cbec22aa2d99f3fe04163da090e079e151be6060216a79362bc9a5fa7c1f,trafilatura,,5268,839,f783e5e5c3e7928636b4bb8f7eb833428512f28ab3dd4aa888bd4b1754e48190,
expanded_media_candidates__EXP-MEDIA-034,acquired_extracted,SA still waiting for action on Farlam Commission findings,2019,Daily Maverick,expanded_media_candidates.csv,https://www.dailymaverick.co.za/article/2019-08-16-sa-still-waiting-for-action-on-farlam-commission-findings/,https://www.dailymaverick.co.za/article/2019-08-16-sa-still-waiting-for-action-on-farlam-commission-findings/,200,text/html,http,290129,287f4be8e3550862b46cec72150e29057a75c91a62345957dedf2364a863b90e,trafilatura,,6594,1073,82df3a9d1d0c2c7e95456c17a99478bbfd21dfc8ed7bf9366517081d967d7216,
expanded_media_candidates__EXP-MEDIA-035,acquired_extracted,"Marikana massacre: The devastating impact of the narrative painted by business, police and the state",2020,Daily Maverick,expanded_media_candidates.csv,https://www.dailymaverick.co.za/article/2020-08-26-marikana-massacre-the-devastating-impact-of-the-narrative-painted-by-business-police-and-the-state/,https://www.dailymaverick.co.za/article/2020-08-26-marikana-massacre-the-devastating-impact-of-the-narrative-painted-by-business-police-and-the-state/,200,text/html,http,286786,4f05881f77aef901ec097bd29ec96fef466ca43bfe4a1dfd3fc68c09f666578a,trafilatura,,7734,1268,9ce4957dd8c906e04ff650d7bad28fd70a61fd475c7b69b25c913e5908699acb,
expanded_media_candidates__EXP-MEDIA-036,acquired_extracted,"SAPS transformation: Key report gathers dust, snubbing Marikana Commission",2021,Daily Maverick,expanded_media_candidates.csv,https://www.dailymaverick.co.za/article/2021-01-17-saps-transformation-key-report-gathers-dust-snubbing-marikana-commission/,https://www.dailymaverick.co.za/article/2021-01-17-saps-transformation-key-report-gathers-dust-snubbing-marikana-commission/,200,text/html,http,293157,e8de6f8b85181a0e317a7da0c317ff7bba69469e1ce47053ca325dc5878046df,trafilatura,,8045,1222,6649e3520f5997f75705a0909bde00a03a97ccfbbc715ac354aebd2594b1c50c,
expanded_media_candidates_02__EXP-MEDIA-037,acquired_extracted,Lonmin workers embark on illegal work stoppage,2013,Mining Weekly,expanded_media_candidates_02.csv,https://www.miningweekly.com/article/illegal-strike-erupts-at-lonmin-2013-03-05,https://www.miningweekly.com/article/illegal-strike-erupts-at-lonmin-2013-03-05,200,text/html,http,258171,09d9ad18e9527d43fc8619416e112e12152863bde2f5d61cb544b4b643e96fd1,trafilatura,,6004,951,a8a4612f9b8c4555712a8f3100703a049fb9a11e19da37e3258f53d912d31da6,
expanded_media_candidates_02__EXP-MEDIA-038,acquired_extracted,"AMCU, Lonmin find strike-averting meeting point?",2013,Mining Weekly,expanded_media_candidates_02.csv,https://www.miningweekly.com/article/amcu-lonmin-find-strike-averting-meeting-point-deputy-president-2013-06-21,https://www.miningweekly.com/article/amcu-lonmin-find-strike-averting-meeting-point-deputy-president-2013-06-21,200,text/html,http,260215,1c57a43b194b89628267cfdc312b73209575035c0c351282f177b1503c91021c,trafilatura,,6954,1132,25a355b8a61344e281e8d3b5221bbc4f595f13807addceff30997eb6ed86e979,
expanded_media_candidates_02__EXP-MEDIA-039,acquired_extracted,Lonmin confirms work stoppage across shafts,2013,Mining Weekly,expanded_media_candidates_02.csv,https://www.miningweekly.com/article/lonmin-confirms-work-stoppage-across-shafts-2013-05-14,https://www.miningweekly.com/article/lonmin-confirms-work-stoppage-across-shafts-2013-05-14,200,text/html,http,255148,c2f4c24d00983f281c4bc81636629cef79aaac55f51e38eeb09fe9bd7056b92d,trafilatura,,3585,570,5e9fa54401f2ac41a5046b1c32a021c7441685de64342985fc28be33b6fd5abb,
expanded_media_candidates_02__EXP-MEDIA-040,acquired_extracted,"AMCU, Lonmin talks reach deadlock, formal arbitration to start",2013,Mining Weekly,expanded_media_candidates_02.csv,https://www.miningweekly.com/article/amcu-lonmin-talks-reach-deadlock-formal-arbitration-to-start-2013-05-23,https://www.miningweekly.com/article/amcu-lonmin-talks-reach-deadlock-formal-arbitration-to-start-2013-05-23,200,text/html,http,256071,877cb1407dd63e28aba0723ef29fd98773cce8d313895de5a92b53ab707df7e9,trafilatura,,3442,538,2cfd9f9de83584d3bcaacc0dc3f30c4291e8538c7c334e371787497e0491c107,
expanded_media_candidates_02__EXP-MEDIA-041,acquired_extracted,"Lonmin to lose 3 100 oz/d, Implats 2 800 oz/d in production owing to AMCU strike",2014,Mining Weekly,expanded_media_candidates_02.csv,https://www.miningweekly.com/article/lonmin-to-lose-3-100-ozd-implats-2-800-ozd-in-production-owing-to-amcu-strike-2014-01-23,https://www.miningweekly.com/article/lonmin-to-lose-3-100-ozd-implats-2-800-ozd-in-production-owing-to-amcu-strike-2014-01-23,200,text/html,http,259056,f01d35b34ff91ea3d162d833d133b974d8a3a669efed9117f129cbc533604d6e,trafilatura,,3812,606,29c41c74e9fdd41e778855ffb78bb73b92395f245dfb2b9158fe256dac7b83cf,
expanded_media_candidates_02__EXP-MEDIA-042,acquired_extracted,"AMCU, platinum companies' wage talks stall",2014,Mining Weekly,expanded_media_candidates_02.csv,https://www.miningweekly.com/article/amcu-platinum-companies-wage-talks-stall-2014-02-06,https://www.miningweekly.com/article/amcu-platinum-companies-wage-talks-stall-2014-02-06,200,text/html,http,258980,05d84820c8a0dcd04fae84329373cf2528ddceb388204a3e76dc08360418e414,trafilatura,,4313,691,45e5725991774cf9fb6ad1c382c4aacf5af73e5e5e6307b5e0147be55cd4ec22,
expanded_media_candidates_02__EXP-MEDIA-043,acquired_extracted,AMCU sidelined as platinum producers take offer directly to employees,2014,Mining Weekly,expanded_media_candidates_02.csv,https://www.miningweekly.com/article/amcu-sidelined-as-platinum-producers-take-offer-directly-to-employees-2014-04-25,https://www.miningweekly.com/article/amcu-sidelined-as-platinum-producers-take-offer-directly-to-employees-2014-04-25,200,text/html,http,261618,401fa8d79548abd2bf453a83a08753993a74c5db996142a06db6892ee4224a42,trafilatura,,4786,763,cf6f2f6a2415e4f3a25640f780ca69eebd047824700726bc7141b4e8e736ec09,
expanded_media_candidates_02__EXP-MEDIA-044,acquired_extracted,"Lonmin hit hardest by strike, third capital raising expected",2014,Mining Weekly,expanded_media_candidates_02.csv,https://www.miningweekly.com/article/lonmin-hit-hardest-by-strike-third-capital-raising-expected-2014-05-22,https://www.miningweekly.com/article/lonmin-hit-hardest-by-strike-third-capital-raising-expected-2014-05-22,200,text/html,http,259033,95eab1d1e82b8b2964a7bf9795ef51322ba76993de7f77027878a8fc7f2581c4,trafilatura,,3881,622,502260cde83d41b3ea9fefecd61f784850aa6308cdd9f516cfcd3a2b2d4a9126,
expanded_media_candidates_02__EXP-MEDIA-045,acquired_extracted,"AMCU rejects platinum offer, sticking to R12 500 demand",2014,Mining Weekly,expanded_media_candidates_02.csv,https://www.miningweekly.com/article/amcu-rejects-platinum-offer-sticking-to-r12-500-demand-2014-01-31,https://www.miningweekly.com/article/amcu-rejects-platinum-offer-sticking-to-r12-500-demand-2014-01-31,200,text/html,http,258703,de4b7dcbca210bf0516feabe270258ffaf9889fd8ab4874fac83aacdd174c1b6,trafilatura,,3920,648,70098a27622a52210245d05b50eed04b2350b242ef3754235b9587e2cd443409,
expanded_media_candidates_02__EXP-MEDIA-046,acquired_extracted,Farlam Commission: More Marikana massacre secrets and lies,2014,Daily Maverick,expanded_media_candidates_02.csv,https://www.dailymaverick.co.za/article/2014-03-14-farlam-commission-more-marikana-massacre-secrets-and-lies/,https://www.dailymaverick.co.za/article/2014-03-14-farlam-commission-more-marikana-massacre-secrets-and-lies/,200,text/html,http,320073,0176362ef5b2f74399110f791db1a7942139989b492e0b7a8de607f0b65ed6be,trafilatura,,9307,1639,16d45ce417fd4b0a6a6ca0cee0240395176fe0f3aadad7fe18fc56bd988a496e,
expanded_media_candidates_02__EXP-MEDIA-047,acquired_extracted,"In Marikana, local government's failures in plain sight",2012,Daily Maverick,expanded_media_candidates_02.csv,https://www.dailymaverick.co.za/article/2012-09-10-in-marikana-local-governments-failures-in-plain-sight/,https://www.dailymaverick.co.za/article/2012-09-10-in-marikana-local-governments-failures-in-plain-sight/,200,text/html,http,330805,500f1c8a219367598a664ff1cadc864c110371e02e38f511a6d6b8a9632e6659,trafilatura,,7913,1246,68172a7887d71be89b99d48452ab1c81808df57cdb8195736a0a13a4ec6620a1,
expanded_media_candidates_02__EXP-MEDIA-048,acquired_extracted,Cyril Ramaphosa: The true betrayal,2012,Daily Maverick,expanded_media_candidates_02.csv,https://www.dailymaverick.co.za/article/2012-10-27-cyril-ramaphosa-the-true-betrayal/,https://www.dailymaverick.co.za/article/2012-10-27-cyril-ramaphosa-the-true-betrayal/,200,text/html,http,348946,d6cb2ef572f4ef84e6b2fee8dc0bb101eb0a562a343733b49836802582580cce,trafilatura,,10382,1764,9f6fdfe27a325bea23bbbbba8983e050139ebc06d24afd25c0dce6eb8a9be18b,
expanded_media_candidates_02__EXP-MEDIA-049,acquired_extracted,Marikana Commission: Phiyega's testimony begins,2013,Daily Maverick,expanded_media_candidates_02.csv,https://www.dailymaverick.co.za/article/2013-03-15-marikana-commission-phiyegas-testimony-begins/,https://www.dailymaverick.co.za/article/2013-03-15-marikana-commission-phiyegas-testimony-begins/,200,text/html,http,303068,5dff15a548f90abe319bff2e45798b62f593ddc6baefd6ad2d129f67ca4492d8,trafilatura,,6313,1049,45e24d2688843d6001c0329bcf252167319605b7675444e6226c1f6a59174a64,
expanded_media_candidates_02__EXP-MEDIA-050,acquired_extracted,Marikana Commission: Sangoma's death and Phiyega's understanding of truth,2013,Daily Maverick,expanded_media_candidates_02.csv,https://www.dailymaverick.co.za/article/2013-03-26-marikana-commission-sangomas-death-and-phiyegas-understanding-of-truth/,https://www.dailymaverick.co.za/article/2013-03-26-marikana-commission-sangomas-death-and-phiyegas-understanding-of-truth/,200,text/html,http,342313,96f9547c67bc16f35297ad23680725a93f5f663fbf28a7f2b3a03fc838404cc6,trafilatura,,8132,1370,1c026b7f9fb959ae891ed2abf9d82f4f67f748c6d26f9072eb72a05dce6419bf,
expanded_media_candidates_02__EXP-MEDIA-051,acquired_extracted,"Lonmin ops ramping up, normal levels expected by Q1 2015",2014,Mining Weekly,expanded_media_candidates_02.csv,https://www.miningweekly.com/article/lonmin-ops-ramping-up-normal-levels-expected-by-q1-2015-2014-07-25,https://www.miningweekly.com/article/lonmin-ops-ramping-up-normal-levels-expected-by-q1-2015-2014-07-25,200,text/html,http,262435,ecaf2238986213e522a094b92e7549c80175310ca07366987c51c714c854b854,trafilatura,,7302,1196,f096edd11dd1145ee890d13829026729720b3a3194b80c2a21234efb38e45646,
expanded_media_candidates_02__EXP-MEDIA-052,acquired_extracted,"We made significant progress in Marikana, says Lonmin",2018,Mining Weekly,expanded_media_candidates_02.csv,https://www.miningweekly.com/article/we-made-significant-progress-in-marikana-says-lonmin-2018-08-15,https://www.miningweekly.com/article/we-made-significant-progress-in-marikana-says-lonmin-2018-08-15,200,text/html,http,262619,04b68a2e427e113da283928765066dcd68184bc2453608e129a98295d660e18e,trafilatura,,4564,741,597bf4ef0292e6af3750a0eeb7d946070cc0a451c394c2160b40f4aed78539f4,
expanded_media_candidates_batch1__EXP-MEDIA-001,acquired_extracted,The murder fields of Marikana. The cold murder fields of Marikana.,2012,Daily Maverick,expanded_media_candidates_batch1.csv,https://www.dailymaverick.co.za/article/2012-09-08-the-murder-fields-of-marikana-the-cold-murder-fields-of-marikana/,https://www.dailymaverick.co.za/article/2012-09-08-the-murder-fields-of-marikana-the-cold-murder-fields-of-marikana/,200,text/html,http,362603,652ea3c66599e065259f219c01f52cf2ab20f28d1d39684cf98e756958b7b72b,trafilatura,,16785,2953,d1143021346b9144058e0fcdca76717afcff56508c83e29c99ae88a03d7ba162,
expanded_media_candidates_batch1__EXP-MEDIA-002,acquired_extracted,"Marikana's Small Koppie: 14 dead, 300 metres away from Wonderkop. Why?",2012,Daily Maverick,expanded_media_candidates_batch1.csv,https://www.dailymaverick.co.za/article/2012-09-08-marikanas-small-koppie-14-dead-300-metres-away-from-wonderkop-why/,https://www.dailymaverick.co.za/article/2012-09-08-marikanas-small-koppie-14-dead-300-metres-away-from-wonderkop-why/,200,text/html,http,313012,04cf1c1b0023b74f881d374f0b6b034d912b4c6e3243c4fa0c9614cb2343026b,trafilatura,,7898,1399,34a7bc16663cd27d024567620391e273d3826451382ddf06f201498a0c737f96,
expanded_media_candidates_batch1__EXP-MEDIA-003,acquired_extracted,"In Marikana, local government's failures in plain sight",2012,Daily Maverick,expanded_media_candidates_batch1.csv,https://www.dailymaverick.co.za/article/2012-09-10-in-marikana-local-governments-failures-in-plain-sight/,https://www.dailymaverick.co.za/article/2012-09-10-in-marikana-local-governments-failures-in-plain-sight/,200,text/html,http,330805,cd40a24b67029d22cac3de43886db81f4c7602932fb3d49a2edfa0f4e0f045bc,trafilatura,,7913,1246,68172a7887d71be89b99d48452ab1c81808df57cdb8195736a0a13a4ec6620a1,
expanded_media_candidates_batch1__EXP-MEDIA-004,acquired_extracted,"Unsafe House, Unsafe Job? The foul truth about living conditions at Marikana",2012,Daily Maverick,expanded_media_candidates_batch1.csv,https://www.dailymaverick.co.za/article/2012-09-27-unsafe-house-unsafe-job-the-foul-truth-about-living-conditions-at-marikana/,https://www.dailymaverick.co.za/article/2012-09-27-unsafe-house-unsafe-job-the-foul-truth-about-living-conditions-at-marikana/,200,text/html,http,334528,2736e7f51c5d40427d65e00ba30a1026f6cb06456bb0115dc8e1b5a223c9f13c,trafilatura,,8771,1465,5f7a64c5244e66d67af256131f312f689620817ec72c6daacc075369e2fa87b4,
expanded_media_candidates_batch1__EXP-MEDIA-005,acquired_extracted,Friendship forged in the depths of the earth and strengthened by the horror of Marikana,2012,Daily Maverick,expanded_media_candidates_batch1.csv,https://www.dailymaverick.co.za/article/2012-09-26-friendship-forged-in-the-depths-of-the-earth-and-strengthened-by-the-horror-of-marikana/,https://www.dailymaverick.co.za/article/2012-09-26-friendship-forged-in-the-depths-of-the-earth-and-strengthened-by-the-horror-of-marikana/,200,text/html,http,370857,83d1df940212fb25a4dcbc6b277c960fb3f6d5f1d2730d0fcbb1b341685b29c4,trafilatura,,18539,3422,f2b39625fcc98bac5372df1a8fe07917c67fee1ea7acb9095baef3c5ccf2207e,
expanded_media_candidates_batch1__EXP-MEDIA-006,acquired_extracted,Marikana: The debt-hole that fuelled the fire,2012,Daily Maverick,expanded_media_candidates_batch1.csv,https://www.dailymaverick.co.za/article/2012-10-12-marikana-the-debt-hole-that-fuelled-the-fire/,https://www.dailymaverick.co.za/article/2012-10-12-marikana-the-debt-hole-that-fuelled-the-fire/,200,text/html,http,317764,de9a5a168557ae3276e40105f479eb60b35863a33b9a9c6f4bd8daffdd4fcaef,trafilatura,,6816,1159,cf202240b29ca34efc00e7a1c6eeb7da686c35ffc2cee4c2e29f03ed8e390d72,
expanded_media_candidates_batch1__EXP-MEDIA-007,acquired_extracted,Marikana: Police torturing their way to intimidation,2012,Daily Maverick,expanded_media_candidates_batch1.csv,https://www.dailymaverick.co.za/article/2012-11-02-marikana-police-torturing-their-way-to-intimidation/,https://www.dailymaverick.co.za/article/2012-11-02-marikana-police-torturing-their-way-to-intimidation/,200,text/html,http,322167,ccd83f2851b789dcee60586b4fafc526111edc5a6dab30dc6f4b96682cdac853,trafilatura,,8355,1439,5aae9d3051e28fafd1ab73e6697d9ca502f53618d583772651462aab1184c1d1,
expanded_media_candidates_batch1__EXP-MEDIA-008,acquired_extracted,Marikana Commission: Sowing the killing fields,2012,Daily Maverick,expanded_media_candidates_batch1.csv,https://www.dailymaverick.co.za/article/2012-11-09-marikana-commission-sowing-the-killing-fields/,https://www.dailymaverick.co.za/article/2012-11-09-marikana-commission-sowing-the-killing-fields/,200,text/html,http,316919,7fd8f319a30166fb143f8e86dbb7315ed12f0f8108c928d415f4c1d198fdca1c,trafilatura,,7983,1366,44c9ce59960642d0e6a654fc89c58ef6a9466fcc355cccde730b9298b32a8cff,
expanded_media_candidates_batch1__EXP-MEDIA-009,acquired_extracted,Cyril Ramaphosa: The true betrayal,2012,Daily Maverick,expanded_media_candidates_batch1.csv,https://www.dailymaverick.co.za/article/2012-10-27-cyril-ramaphosa-the-true-betrayal/,https://www.dailymaverick.co.za/article/2012-10-27-cyril-ramaphosa-the-true-betrayal/,200,text/html,http,348946,f0e3cb7d2cb7c6e948863d419196eb15ee19fe845269f6a8220f09eaeab80386,trafilatura,,10382,1764,9f6fdfe27a325bea23bbbbba8983e050139ebc06d24afd25c0dce6eb8a9be18b,
expanded_media_candidates_batch1__EXP-MEDIA-010,acquired_extracted,Marikana murders: The world now believes,2012,Daily Maverick,expanded_media_candidates_batch1.csv,https://www.dailymaverick.co.za/article/2012-09-10-marikana-murders-the-world-now-believes/,https://www.dailymaverick.co.za/article/2012-09-10-marikana-murders-the-world-now-believes/,200,text/html,http,307136,e4a4d99c74efb1ff499fc3725b1325c3e36842e712d70f0cd031c665e12eca7a,trafilatura,,7483,1320,07ee33ca1e24ab2ff61d7e2e4ff877bd7cf5831e7a5d791581988c55d00c6eca,
expanded_media_candidates_batch1__EXP-MEDIA-011,acquired_extracted,"Marikana, Malema, rebellion, revolution",2012,Daily Maverick,expanded_media_candidates_batch1.csv,https://www.dailymaverick.co.za/article/2012-09-12-marikana-malema-rebellion-revolution/,https://www.dailymaverick.co.za/article/2012-09-12-marikana-malema-rebellion-revolution/,200,text/html,http,344117,15240eb5d8af93ace5784c277953d3897881c009d08ec84fdfbf7dc251fcf6c6,trafilatura,,8839,1484,dc91d7d6b068a8d2e1ea4dd32f9ddd782b8a82b8cac04a0706120b13294a2e0a,
expanded_media_candidates_batch1__EXP-MEDIA-012,acquired_extracted,Daily Maverick's SA Persons of the Year: The victims of Marikana,2012,Daily Maverick,expanded_media_candidates_batch1.csv,https://www.dailymaverick.co.za/article/2012-12-31-daily-mavericks-sa-persons-of-the-year-the-victims-of-marikana/,https://www.dailymaverick.co.za/article/2012-12-31-daily-mavericks-sa-persons-of-the-year-the-victims-of-marikana/,200,text/html,http,339570,149d65821034d4b923b1e34c89232fd9b5f9a450a368de562c8e6ed123ba8c5d,trafilatura,,7357,1227,7df62576bb28e2a41ee71f1f1f0dc08ce96271d0f7b32421461db1523ba8c08c,
expanded_media_candidates_batch1__EXP-MEDIA-013,acquired_extracted,Marikana Commission: Gung-ho Mangwashi Phiyega under scrutiny,2013,Daily Maverick,expanded_media_candidates_batch1.csv,https://www.dailymaverick.co.za/article/2013-01-24-marikana-commission-gung-ho-mangwashi-phiyega-under-scrutiny/,https://www.dailymaverick.co.za/article/2013-01-24-marikana-commission-gung-ho-mangwashi-phiyega-under-scrutiny/,200,text/html,http,310813,2b4985248596f5a33e9f466e8af5e8507db5c9e702759efa7fbd2f3ecab9643d,trafilatura,,4756,796,7d241e22febe66fa22ee00065039db1528a597d2db6ce16dcf9ad0339709cfb2,
expanded_media_candidates_batch1__EXP-MEDIA-014,acquired_extracted,Marikana Commission: Sangoma's death and Phiyega's understanding of truth,2013,Daily Maverick,expanded_media_candidates_batch1.csv,https://www.dailymaverick.co.za/article/2013-03-26-marikana-commission-sangomas-death-and-phiyegas-understanding-of-truth/,https://www.dailymaverick.co.za/article/2013-03-26-marikana-commission-sangomas-death-and-phiyegas-understanding-of-truth/,200,text/html,http,342313,c04b52c1c77b96dee14806a70f9081cae43f583057c666cabd694b4ab930a7fb,trafilatura,,8132,1370,1c026b7f9fb959ae891ed2abf9d82f4f67f748c6d26f9072eb72a05dce6419bf,
expanded_media_candidates_batch1__EXP-MEDIA-015,acquired_extracted,"The Marikana Commission, and skewed access to justice",2013,Daily Maverick,expanded_media_candidates_batch1.csv,https://www.dailymaverick.co.za/article/2013-08-15-the-marikana-commission-and-skewed-access-to-justice/,https://www.dailymaverick.co.za/article/2013-08-15-the-marikana-commission-and-skewed-access-to-justice/,200,text/html,http,333694,efe00b27ca6e6c9b67c7b5a46177abd7007b603ae3eced38f43e23c2446176d0,trafilatura,,6304,1025,532a34e74510126f9b4b5f2633fd131bb2c5a3a3dfeb47ad33fdc4f3114eff14,
expanded_media_candidates_batch1__EXP-MEDIA-016,acquired_extracted,Money-kana Commission?,2013,Daily Maverick,expanded_media_candidates_batch1.csv,https://www.dailymaverick.co.za/article/2013-08-30-money-kana-commission/,https://www.dailymaverick.co.za/article/2013-08-30-money-kana-commission/,200,text/html,http,298957,64acb6fa6f358cb5580b3bc522bd62384b5d0b302102e8fa2d5edb424d5f020f,trafilatura,,5147,862,056db2efff6cea76c28b8552d852739c8ab499b71ad49dea640b063e04bd1105,
expanded_media_candidates_batch1__EXP-MEDIA-017,acquired_extracted,"Marikana massacre: SAPS, Lonmin, Ramaphosa & time for blood. Miners' blood.",2013,Daily Maverick,expanded_media_candidates_batch1.csv,https://www.dailymaverick.co.za/article/2013-10-24-marikana-massacre-saps-lonmin-ramaphosa-time-for-blood-miners-blood/,https://www.dailymaverick.co.za/article/2013-10-24-marikana-massacre-saps-lonmin-ramaphosa-time-for-blood-miners-blood/,200,text/html,http,364046,9ef580bb53923d4b09eca8013521f1333de11bea472b30a67cb88e323f7a50cb,trafilatura,,11903,2039,96c5940da3be55d96a4dd32fd89d4a2b44b1e29eb4ed3adf0bd480d1ac697891,
expanded_media_candidates_batch1__EXP-MEDIA-018,acquired_extracted,"Marikana massacre: Ramaphosa's statement, revisited",2013,Daily Maverick,expanded_media_candidates_batch1.csv,https://www.dailymaverick.co.za/article/2013-10-25-marikana-massacre-ramaphosas-statement-revisited/,https://www.dailymaverick.co.za/article/2013-10-25-marikana-massacre-ramaphosas-statement-revisited/,200,text/html,http,368424,ead82a1b20127c613a74127ab457de09871db3ecf4659f7d037603aaad6b84f8,trafilatura,,7452,1222,82537cbdb054407b0f325e09a049dd155bc410366aed46591e0cedc792d5b53a,
expanded_media_candidates_batch1__EXP-MEDIA-019,acquired_extracted,Marikana massacre: The first of Lonmin's voices are heard,2014,Daily Maverick,expanded_media_candidates_batch1.csv,https://www.dailymaverick.co.za/article/2014-06-09-marikana-massacre-the-first-of-lonmins-voices-are-heard/,https://www.dailymaverick.co.za/article/2014-06-09-marikana-massacre-the-first-of-lonmins-voices-are-heard/,200,text/html,http,344154,78f51f1a3e6b98e5ed148273fcd96d8b499be0d8bb16efc4988de6896d283c82,trafilatura,,12546,2316,129c755990cab327cefb7a4a78ca37da36666c67e68042086e90a73fb33007eb,
expanded_media_candidates_batch1__EXP-MEDIA-020,acquired_extracted,Marikana report: Key findings and recommendations,2015,Daily Maverick,expanded_media_candidates_batch1.csv,https://www.dailymaverick.co.za/article/2015-06-26-marikana-report-key-findings-and-recommendations/,https://www.dailymaverick.co.za/article/2015-06-26-marikana-report-key-findings-and-recommendations/,200,text/html,http,341606,4cd06d484232b4a6b271bb3d1e386005600ea615e78a4c1d95624d392cc64c73,trafilatura,,8571,1403,b3c9a6a8e3ea884723879deaf08dcbf70699096a6e5d8b3073e0c88d671af39a,
expanded_media_candidates_batch1__EXP-MEDIA-021,acquired_extracted,"Marikana massacre: The devastating impact of the narrative painted by business, police and the state",2020,Daily Maverick,expanded_media_candidates_batch1.csv,https://www.dailymaverick.co.za/article/2020-08-26-marikana-massacre-the-devastating-impact-of-the-narrative-painted-by-business-police-and-the-state/,https://www.dailymaverick.co.za/article/2020-08-26-marikana-massacre-the-devastating-impact-of-the-narrative-painted-by-business-police-and-the-state/,200,text/html,http,286786,e353d0e22cfae7cd5daa0a2c7b14c5cc57d54392afa64a9398969e66549c98c9,trafilatura,,7734,1268,9ce4957dd8c906e04ff650d7bad28fd70a61fd475c7b69b25c913e5908699acb,
expanded_media_candidates_batch1__EXP-MEDIA-022,acquired_extracted,Marikana – a massacre without criminal consequences,2022,Daily Maverick,expanded_media_candidates_batch1.csv,https://www.dailymaverick.co.za/article/2022-05-19-marikana-a-massacre-still-without-any-criminal-consequences/,https://www.dailymaverick.co.za/article/2022-05-19-marikana-a-massacre-still-without-any-criminal-consequences/,200,text/html,http,310878,a0b7baf9671bb59a35bd06e6ff09cb5d7fae94ed24085973e818046c544ce288,trafilatura,,6972,1139,3fa20330baf43828fe38abe07fd159633318c0d957921fb9f78669ddefb37db3,
expanded_media_candidates_batch1__EXP-MEDIA-023,acquired_extracted,We must fight to ensure that those slain at Marikana did not die in vain,2022,Daily Maverick,expanded_media_candidates_batch1.csv,https://www.dailymaverick.co.za/article/2022-08-15-we-must-fight-to-ensure-that-those-slain-at-marikana-on-16-august-2012-did-not-die-in-vain/,https://www.dailymaverick.co.za/article/2022-08-15-we-must-fight-to-ensure-that-those-slain-at-marikana-on-16-august-2012-did-not-die-in-vain/,200,text/html,http,343046,dd1e6b4b8327b3c56e01429ef37d8cbeef1df9abd3b553ee3f32caf66d3b62c9,trafilatura,,11530,1906,d91edee82fe7d27108bf439dbeca0e472707638ac6f30df387a8a23b8a0d4be4,
expanded_media_candidates_batch1__EXP-MEDIA-024,acquired_extracted,REPUTATION WRECKING BALL,2012,Mining Weekly,expanded_media_candidates_batch1.csv,https://www.miningweekly.com/article/reputation-wrecking-ball-2012-09-07,https://www.miningweekly.com/article/reputation-wrecking-ball-2012-09-07,200,text/html,http,251143,c2e897e61da602c2dba1d8f62cc43550e19e182bd9bda55f8671421b08648350,trafilatura,,2209,338,0fe9ea64369aab9bec038501669cd82304629d65357867e70dfeb989ed80cf9e,
expanded_media_candidates_batch1__EXP-MEDIA-025,acquired_extracted,It's business unusual at 'improving' Lonmin – Munroe,2013,Mining Weekly,source_overrides,https://www.miningweekly.com/article/its-business-unusual-at-improving-lonmin-munroe-2013-03-15,https://www.miningweekly.com/article/its-business-unusual-at-improving-lonmin-munroe-2013-03-15,200,text/html,http,260570,69164d4a574a77de2eee806a9b24e6d43c2f0a12c7ce9e11aec6cb01c13a1f40,trafilatura,,10013,1644,ffb49d257b8daddec1d9a03a0c45066ea9c771a0bd57f18400e88594d54fb862,
expanded_media_candidates_batch1__EXP-MEDIA-026,acquired_extracted,Lonmin says significant safety records achieved at Marikana,2013,Mining Weekly,expanded_media_candidates_batch1.csv,https://www.miningweekly.com/article/lonmin-says-significant-safety-records-achieved-at-marikana-2013-01-24,https://www.miningweekly.com/article/lonmin-says-significant-safety-records-achieved-at-marikana-2013-01-24,200,text/html,http,254289,1e9cb2d37c009f0a1b56f5f94d6947b4aac16c307b44ec59449d44685b22b08d,trafilatura,,3011,463,3cba78da10e0cd0e3a597b5c2d10004487478106c1cee49599c94d964a0c442c,
expanded_media_candidates_batch1__EXP-MEDIA-027,acquired_extracted,Lonmin accelerates union recognition process to ease Marikana tensions,2013,Mining Weekly,expanded_media_candidates_batch1.csv,https://www.miningweekly.com/article/lonmin-accelerates-union-recognition-process-to-ease-marikana-tensions-2013-05-17,https://www.miningweekly.com/article/lonmin-accelerates-union-recognition-process-to-ease-marikana-tensions-2013-05-17,200,text/html,http,255938,24df955c269d156cfcad59280ababafdf941ddfa298bfc46972538bbb7e5d2da,trafilatura,,3801,585,d455bf5a260bba4f231a999fd44580c03e6bedeea90c8ae27216bf82a75a300d,
expanded_media_candidates_batch1__EXP-MEDIA-028,acquired_extracted,Lonmin to derecognise smaller unions in favour of AMCU,2013,Mining Weekly,expanded_media_candidates_batch1.csv,https://www.miningweekly.com/article/lonmin-to-derecognise-smaller-unions-in-favour-of-amcu-2013-08-23,https://www.miningweekly.com/article/lonmin-to-derecognise-smaller-unions-in-favour-of-amcu-2013-08-23,200,text/html,http,255838,50a00679e32e3348ace4138d1c91ada4304f0b627b65c4d7de4bd4d8fe4085aa,trafilatura,,4643,729,391256dff7e126cd5c5c9921a02b821e3a84ef5f2d478bde6dcb9f9e4ffbf941,
expanded_media_candidates_batch1__EXP-MEDIA-029,acquired_extracted,Union puts chamber on spot over alleged Lonmin breach,2013,Mining Weekly,expanded_media_candidates_batch1.csv,https://www.miningweekly.com/article/union-puts-chamber-on-spot-over-alleged-lonmin-breach-2013-09-06,https://www.miningweekly.com/article/union-puts-chamber-on-spot-over-alleged-lonmin-breach-2013-09-06,200,text/html,http,259111,a0e649bb8e728bdb006be614fda53f81efd1b08fbb7645458cbe8848b44d82cd,trafilatura,,8601,1366,56b906b531737f7fa445d9308653221bc70f434a3d77f16926dd9f60e0317c57,
expanded_media_candidates_batch1__EXP-MEDIA-030,acquired_extracted,"AMCU to serve strike notice on Lonmin, Implats",2014,Mining Weekly,expanded_media_candidates_batch1.csv,https://www.miningweekly.com/article/amcu-to-serve-strike-notice-on-lonmin-implats-2014-01-17,https://www.miningweekly.com/article/amcu-to-serve-strike-notice-on-lonmin-implats-2014-01-17,200,text/html,http,257041,5ad1ece6cf8486438aae98998a15f1f593f07c3d5942f2136db4e3b9cd060595,trafilatura,,3302,516,7fab7385435a0c56a76e860aba6cc0d4e50e1b849df7fd7daaa262667a095d9b,
expanded_media_candidates_batch1__EXP-MEDIA-031,acquired_extracted,"Lonmin to lose 3 100 oz/d, Implats 2 800 oz/d in production owing to AMCU strike",2014,Mining Weekly,expanded_media_candidates_batch1.csv,https://www.miningweekly.com/article/lonmin-to-lose-3-100-ozd-implats-2-800-ozd-in-production-owing-to-amcu-strike-2014-01-23,https://www.miningweekly.com/article/lonmin-to-lose-3-100-ozd-implats-2-800-ozd-in-production-owing-to-amcu-strike-2014-01-23,200,text/html,http,257601,716157119fb53e48fd6bbafce4383380b069d95289fcff134e1cdfa2bbbe0a1a,trafilatura,,3812,606,29c41c74e9fdd41e778855ffb78bb73b92395f245dfb2b9158fe256dac7b83cf,
expanded_media_candidates_batch1__EXP-MEDIA-032,acquired_extracted,AMCU prepared to strike for next six months,2014,Mining Weekly,expanded_media_candidates_batch1.csv,https://www.miningweekly.com/article/amcu-will-not-return-to-work-without-r12-500-basic-wage-2014-03-27,https://www.miningweekly.com/article/amcu-will-not-return-to-work-without-r12-500-basic-wage-2014-03-27,200,text/html,http,258370,e0a3b92e1862b7bef6c65a47f4858e926072f8d43a86d66a382a0173c4c8b20a,trafilatura,,3716,594,caf592683d5570c75996a811e04b2983fea9ac54dcfcd1031d8cbc66d21985f0,
expanded_media_candidates_batch1__EXP-MEDIA-033,acquired_extracted,Lonmin aims for May 14 restart in challenge to platinum strike,2014,Mining Weekly,expanded_media_candidates_batch1.csv,https://www.miningweekly.com/article/lonmin-aims-for-may-14-restart-in-challenge-to-platinum-strike-2014-05-09,https://www.miningweekly.com/article/lonmin-aims-for-may-14-restart-in-challenge-to-platinum-strike-2014-05-09,200,text/html,http,258289,6157344d80e202155349ffd32218aadac7b3dfe58f999865faf8a1eb73b7f9f8,trafilatura,,4829,812,021d81f4b5a6ae8e5f26d4a078d9849d64a23f55ca5eefaa7e089ebda5e9592b,
expanded_media_candidates_batch1__EXP-MEDIA-034,acquired_extracted,"Uphold overwhelming wish of workers to return, pleads Lonmin",2014,Mining Weekly,expanded_media_candidates_batch1.csv,https://www.miningweekly.com/article/uphold-overwhelming-wish-of-workers-to-return-pleads-lonmin-2014-05-12,https://www.miningweekly.com/article/uphold-overwhelming-wish-of-workers-to-return-pleads-lonmin-2014-05-12,200,text/html,http,265850,081dd590a519c4528b48d61bf98176d3ab778c9c0be112545a8dcfceee2e7075,trafilatura,,11420,1890,1814a8ca9ea1cd93e516d4a8d711bb2fdccb8b5bd8e204ec6fb8c737d9bd486e,
expanded_media_candidates_batch1__EXP-MEDIA-035,acquired_extracted,"Platinum majors, AMCU sign wage deal; workers to return Wed",2014,Mining Weekly,expanded_media_candidates_batch1.csv,https://www.miningweekly.com/article/sa-platinum-job-cuts-in-question-as-wage-deals-to-be-signed-2014-06-24,https://www.miningweekly.com/article/sa-platinum-job-cuts-in-question-as-wage-deals-to-be-signed-2014-06-24,200,text/html,http,262108,2a409ca7d72675cf9b7def1e7accb54bb935db8bcd6754f3983bf5022c70a482,trafilatura,,7555,1233,65bc9be0592af9ca0629ec413f6dac35aeb2ded2aa5fa016e1c9e8d6527908b2,
expanded_media_candidates_batch1__EXP-MEDIA-036,acquired_extracted,An end to platinum miner's single-sex hostels beckons,2014,Mining Weekly,expanded_media_candidates_batch1.csv,https://www.miningweekly.com/article/an-end-to-platinum-miners-single-sex-hostels-beckons-2014-03-28,https://www.miningweekly.com/article/an-end-to-platinum-miners-single-sex-hostels-beckons-2014-03-28,200,text/html,http,269843,a22c26fdbe6c297e4582a823275fe2d21f4e9f0bc1fcc16e72694dfd2b4d8724,trafilatura,,11687,1836,25343bb3988501058268c1750729233a49ddbc23bd0b3d0ccaf6485b6ed90286,
expanded_media_candidates_batch1__EXP-MEDIA-037,acquired_extracted,Lonmin accused of prolonging platinum strike by hiding revenue,2014,Mining Weekly,expanded_media_candidates_batch1.csv,https://www.miningweekly.com/article/lonmin-accused-of-prolonging-platinum-strike-by-hiding-revenue-2014-10-24,https://www.miningweekly.com/article/lonmin-accused-of-prolonging-platinum-strike-by-hiding-revenue-2014-10-24,200,text/html,http,255596,9b4b42fa4c1bc38777c9735905dacbab215e876806c85109671f15c7e5b7d7b9,trafilatura,,4709,757,2d94785f36b22a8a5121cafb76605cfe17a5d0dd89c75c1fc1997538cf2bccba,
expanded_media_candidates_batch1__EXP-MEDIA-038,acquired_extracted,Lonmin hands over New Marikana primary school to Basic Education dept,2018,Engineering News / Creamer Media,source_overrides,https://www.engineeringnews.co.za/article/lonmin-hands-over-new-marikana-primary-school-to-basic-education-dept-2018-04-06,https://www.engineeringnews.co.za/article/lonmin-hands-over-new-marikana-primary-school-to-basic-education-dept-2018-04-06,200,text/html,http,251191,e0a3405c1803dcb19694b3a1ec870a17e6327f3fd736add96faba5833707188c,trafilatura,,4170,651,ec4ea81cdff97dc914417cc74f1a80d2a9640bc3bba3441fe2ba118c9130d4ff,
expanded_media_candidates_batch1__EXP-MEDIA-039,acquired_extracted,"We made significant progress in Marikana, says Lonmin",2018,Mining Weekly,expanded_media_candidates_batch1.csv,https://www.miningweekly.com/article/we-made-significant-progress-in-marikana-says-lonmin-2018-08-15,https://www.miningweekly.com/article/we-made-significant-progress-in-marikana-says-lonmin-2018-08-15,200,text/html,http,262479,8c2b2182f5c6cda42f0ba394329a57f384333abbe1b5b19449cf3f0d7d9fc99f,trafilatura,,4564,741,597bf4ef0292e6af3750a0eeb7d946070cc0a451c394c2160b40f4aed78539f4,
expanded_media_candidates_batch1__EXP-MEDIA-040,acquired_extracted,Recovering platinum miner forging ahead,2013,Engineering News,expanded_media_candidates_batch1.csv,https://www.engineeringnews.co.za/article/recovering-platinum-miner-forging-ahead-2013-03-15,https://www.engineeringnews.co.za/article/recovering-platinum-miner-forging-ahead-2013-03-15,200,text/html,http,258008,ace957b40f79a054e4a7814267889c8eb45c77b971016c8f47d0454f277f49d3,trafilatura,,14364,2245,6e2d8858423589b56559cd8746b3f7ed13e70a6e7c0f7a78849f30171b4b30a1,
expanded_media_candidates_batch1__EXP-MEDIA-041,acquired_extracted,Lonmin miners return to work,2013,Engineering News,expanded_media_candidates_batch1.csv,https://www.engineeringnews.co.za/article/lonmin-miners-return-to-work-2013-05-15,https://www.engineeringnews.co.za/article/lonmin-miners-return-to-work-2013-05-15,200,text/html,http,246988,c4fe1addd01e4f5dd9e71513811c01632feadbb776687c190c400928cf6e3cb9,trafilatura,,4107,668,88eaf683fa20e5459e7370eb3ddd920796b83e3651d897087612bbcda777e415,
expanded_media_candidates_batch1__EXP-MEDIA-042,acquired_extracted,"Platinum town, striking miner ready for deal",2014,Engineering News,expanded_media_candidates_batch1.csv,https://www.engineeringnews.co.za/article/platinum-town-striking-miner-ready-for-deal-2014-04-25,https://www.engineeringnews.co.za/article/platinum-town-striking-miner-ready-for-deal-2014-04-25,200,text/html,http,250342,2d68e0ee3aacb2f83cd365491e05ca8c0a3ac0780c2539b11563d3638f855a76,trafilatura,,4149,687,5ea4232db1194f618df3c938f23770b30aa069eb37ecdd7d9c491127ed64e5f3,
expanded_media_candidates_batch1__EXP-MEDIA-043,acquired_extracted,Profit shifting report false – Lonmin,2014,Engineering News,expanded_media_candidates_batch1.csv,https://www.engineeringnews.co.za/article/profit-shifting-report-false-lonmin-2014-10-16,https://www.engineeringnews.co.za/article/profit-shifting-report-false-lonmin-2014-10-16,200,text/html,http,248663,faaa4619a0945019fca1d4c44e21cd88480eec658343f30ab381ea79c95109a6,trafilatura,,5277,863,fc274e5a5cdc2634144ee6c4c860898ca1bd0c7013956b0b26adeab80ea80389,
expanded_media_candidates_batch1__EXP-MEDIA-044,acquired_extracted,"Force majeure with some suppliers, not customers – Lonmin",2014,Engineering News,expanded_media_candidates_batch1.csv,https://www.engineeringnews.co.za/article/force-majeure-with-some-suppliers-not-customers-lonmin-2014-04-11,https://www.engineeringnews.co.za/article/force-majeure-with-some-suppliers-not-customers-lonmin-2014-04-11,200,text/html,http,245516,a5cc2a6ac0071873a93cf506cde69fc23bb53d311f8aabbdb8789b986b530eee,trafilatura,,3147,500,b72eeaabb63c27dfc16f66dc0fb4b84cab5a25c0d2c6c1fb26985155a7c6ff3a,
expanded_media_candidates_batch2__EXP-MEDIA-045,acquired_extracted,Volatility now plagues platinum miner's housing allocation,2016,Mining Weekly,expanded_media_candidates_batch2.csv,https://www.miningweekly.com/article/volatility-now-plagues-platinum-miners-housing-allocation-2016-02-05,https://www.miningweekly.com/article/volatility-now-plagues-platinum-miners-housing-allocation-2016-02-05,200,text/html,http,259779,bd906f3c83da63e0fefd35224003e1bf8bdbf81f671715b41dd14a9288b5b4fa,trafilatura,,4950,780,60d07fdba50b1d418d28e59d56e4fd064c5215fbcddb00c0d6daade784b5167c,
expanded_media_candidates_batch2__EXP-MEDIA-046,acquired_extracted,Lonmin committed to R500m expenditure on employee apartments,2017,Mining Weekly,expanded_media_candidates_batch2.csv,https://www.miningweekly.com/article/lonmin-committed-to-r500m-expenditure-on-employee-apartments-2017-04-07,https://www.miningweekly.com/article/lonmin-committed-to-r500m-expenditure-on-employee-apartments-2017-04-07,200,text/html,http,263716,c170d49b80e908d0f18e747fb84784ee75df0c862db849895887cf4fc3259d4a,trafilatura,,7953,1276,d8ed22244ef227f88df6216b1c9f0c9612b7701126cd0e0504b36ce331816209,
expanded_media_candidates_batch2__EXP-MEDIA-047,acquired_extracted,Violent protestors demand 1 500 new jobs from struggling Lonmin,2017,Mining Weekly,expanded_media_candidates_batch2.csv,https://www.miningweekly.com/article/violent-protestors-demand-1-500-new-jobs-from-struggling-lonmin-2017-05-11,https://www.miningweekly.com/article/violent-protestors-demand-1-500-new-jobs-from-struggling-lonmin-2017-05-11,200,text/html,http,269775,ebb9809176914c3fe53802d9829a576ac5c5d87b81b35e8a00cb0f781619e61a,trafilatura,,7464,1161,40f534c181c2f2d7c5031138a73db95c4d6aba21a0c3e85d6bbbbace5d96190b,
expanded_media_candidates_batch2__EXP-MEDIA-048,acquired_extracted,Review Mining Charter's proposed home ownership model,2017,Mining Weekly,expanded_media_candidates_batch2.csv,https://www.miningweekly.com/article/review-mining-charters-proposed-home-ownership-model-2017-02-10,https://www.miningweekly.com/article/review-mining-charters-proposed-home-ownership-model-2017-02-10,200,text/html,http,262522,b58609bba16ae0120dcc0a7ea280759d1c5b4d4d437baf386b433ce5dff6b506,trafilatura,,5735,912,b8ece98d39eb1684837d4324a5a23e304d704f8f644f8cdbba0da4a2df7e1fe1,
expanded_media_candidates_batch2__EXP-MEDIA-049,acquired_extracted,POST MARIKANA MEASURES,2017,Mining Weekly,expanded_media_candidates_batch2.csv,https://www.miningweekly.com/article/post-marikana-measures-2017-01-27,https://www.miningweekly.com/article/post-marikana-measures-2017-01-27,200,text/html,http,258696,0b61668f2a2058aa3a35ca65f66dd82804626a5d3db19bc510572470ec7d5fbb,trafilatura,,2724,429,f476ff2ec668060fcd6160750248633bf82696592f94694407a39c291310af9a,
expanded_media_candidates_batch2__EXP-MEDIA-050,acquired_extracted,Lonmin community wants operations suspended on social failings,2017,Mining Weekly,expanded_media_candidates_batch2.csv,https://www.miningweekly.com/article/lonmin-community-wants-operations-suspended-on-social-failings-2017-10-25,https://www.miningweekly.com/article/lonmin-community-wants-operations-suspended-on-social-failings-2017-10-25,200,text/html,http,259583,fc5022e6efb44e213780664504d6b469eaef26fae68f2d717f4b7a69103cb867,trafilatura,,3908,616,a7ab65fb13f0a0c7a73098d259f476fff8a7e99f738cdd1bec34d187d09db964,
expanded_media_candidates_batch2__EXP-MEDIA-051,acquired_extracted,amaBhungane: 'War' looming over Marikana housing evictions,2016,Daily Maverick,expanded_media_candidates_batch2.csv,https://www.dailymaverick.co.za/article/2016-08-31-amabhungane-war-looming-over-marikana-housing-evictions/,https://www.dailymaverick.co.za/article/2016-08-31-amabhungane-war-looming-over-marikana-housing-evictions/,200,text/html,http,349438,b81c17b5b875fd09170ae8e28e26d1eb4d7cad7a9ab78b482e85b30c0f77d9e8,trafilatura,,8624,1432,915f52080c81dac97b35af50a3fff0165753883fcae554b6bba18171c87d42a8,
expanded_media_candidates_batch2__EXP-MEDIA-052,acquired_extracted,"Murder at Small Koppie: J'Accuse, Greg Marinovich's way",2016,Daily Maverick,expanded_media_candidates_batch2.csv,https://www.dailymaverick.co.za/article/2016-03-24-murder-at-small-koppie-jaccuse-greg-marinovichs-way/,https://www.dailymaverick.co.za/article/2016-03-24-murder-at-small-koppie-jaccuse-greg-marinovichs-way/,200,text/html,http,344280,482e5d784bcaceb48c91746cb37085d87f77d62810fc8bff6fcd6d833ea924cf,trafilatura,,9259,1510,e7c653049f70cbe02f839ba07c7c0a279a7214f32aadad676d40cd06c9704c9f,
EXP-MEDIA-053,acquired_extracted,What's mine is mine: How the Bapo Ba Mogale got robbed of R800 million,2016,Daily Maverick,expanded_media_candidates_batch2.csv,https://www.dailymaverick.co.za/article/2016-10-26-whats-mine-is-mine-how-the-bapo-ba-mogale-got-robbed-of-r800-million/,https://www.dailymaverick.co.za/article/2016-10-26-whats-mine-is-mine-how-the-bapo-ba-mogale-got-robbed-of-r800-million/,200,text/html,http,451073,c866983005f6978a2ca9bbae4e00d218c49f0b9782905c8950bd96a8516e2d45,trafilatura,,21223,3707,1b956cb1027d78cc31571716f1edd38df16958a1ff0af5e5f7417e72a139054d,
EXP-MEDIA-054,acquired_extracted,Marikana Massacre: Police absolve 87 of their own,2017,Daily Maverick,expanded_media_candidates_batch2.csv,https://www.dailymaverick.co.za/article/2017-03-15-marikana-massacre-police-absolve-87-of-their-own/,https://www.dailymaverick.co.za/article/2017-03-15-marikana-massacre-police-absolve-87-of-their-own/,200,text/html,http,319775,dfcde9362c817520367403d92c60e6f2695835dad21291b38175ccd9c313bc88,trafilatura,,6921,1103,6783bb29d75e2c9c4910ee6daba0965996b6b4bf172ba3e2696a8a6f6ecc9c8f,
EXP-MEDIA-055,acquired_extracted,"Marikana Massacre: 'He is fine, let him die'",2017,Daily Maverick,expanded_media_candidates_batch2.csv,https://www.dailymaverick.co.za/article/2017-03-20-marikana-massacre-he-is-fine-let-him-die/,https://www.dailymaverick.co.za/article/2017-03-20-marikana-massacre-he-is-fine-let-him-die/,200,text/html,http,333582,2d6e97d2a2058a8a8a0417db496e3b20f4616a14a236b01ee07c34169fd256bd,trafilatura,,8355,1362,9d912013d21925bb2185899c422d707ce1603f28416115e57f40dfd8ef712a01,
EXP-MEDIA-056,acquired_extracted,Will there ever be accountability for the Marikana Massacre?,2018,Daily Maverick,expanded_media_candidates_batch2.csv,https://www.dailymaverick.co.za/article/2018-06-15-will-there-ever-be-accountability-for-the-marikana-massacre/,https://www.dailymaverick.co.za/article/2018-06-15-will-there-ever-be-accountability-for-the-marikana-massacre/,200,text/html,http,354919,b6441d43d3bbb9ef159585e5846a76792cb8b1b5ae4ff53f4ac8a376b5b18936,trafilatura,,5751,911,1d6c963955a0e40aa2a0cc8befbe7084770bc48844dfd90531626e3bff03b596,
EXP-MEDIA-057,acquired_extracted,The legacy of Marikana: Accountability urgent to prevent another atrocity,2018,Daily Maverick,expanded_media_candidates_batch2.csv,https://www.dailymaverick.co.za/article/2018-08-15-the-legacy-of-marikana-accountability-urgent-to-prevent-another-atrocity/,https://www.dailymaverick.co.za/article/2018-08-15-the-legacy-of-marikana-accountability-urgent-to-prevent-another-atrocity/,200,text/html,http,330455,7d3a09a8dad5742b1728d3b631d326004b01e1ed796a5ce5b902e89425510304,trafilatura,,7618,1290,8684828da74611d944c3e07478e13fcbd064e45469bfb068908b8ff77b7ab8f7,
EXP-MEDIA-058,acquired_extracted,"Marikana Massacre – IPID investigates massacred miners' deaths, and SAPS' lies, without the promised funding",2018,Daily Maverick,expanded_media_candidates_batch2.csv,https://www.dailymaverick.co.za/article/2018-08-30-marikana-massacre-ipid-investigates-massacred-miners-deaths-and-saps-lies-without-the-promised-funding/,https://www.dailymaverick.co.za/article/2018-08-30-marikana-massacre-ipid-investigates-massacred-miners-deaths-and-saps-lies-without-the-promised-funding/,200,text/html,http,350125,0a364dc6f4785e8989992b68155cc6cb894d0d1e188889f73569f9ab4fc052d3,trafilatura,,4696,785,229a6561301004068ed6d383c27ac80480c9dfce4e54a97e540cdc51d0458be9,
EXP-MEDIA-059,acquired_extracted,SA still waiting for action on Farlam Commission findings,2019,Daily Maverick,expanded_media_candidates_batch2.csv,https://www.dailymaverick.co.za/article/2019-08-16-sa-still-waiting-for-action-on-farlam-commission-findings/,https://www.dailymaverick.co.za/article/2019-08-16-sa-still-waiting-for-action-on-farlam-commission-findings/,200,text/html,http,290129,f5fa7337d7d73e0c7b46890cf6b6ee87748c92e41d1ea7aa99d184edc7d0b64f,trafilatura,,6594,1073,82df3a9d1d0c2c7e95456c17a99478bbfd21dfc8ed7bf9366517081d967d7216,
EXP-MEDIA-060,acquired_extracted,Sibanye plans to cut 5 270 jobs as it restructures Marikana operations,2019,Engineering News,expanded_media_candidates_batch3.csv,https://www.engineeringnews.co.za/article/sibanye-plans-to-cut-5-270-jobs-as-it-restructures-marikana-operations-2019-09-25,https://www.engineeringnews.co.za/article/sibanye-plans-to-cut-5-270-jobs-as-it-restructures-marikana-operations-2019-09-25,200,text/html,http,258923,00b3ac0f0d6160b93bf8e724e20f2d607b3d2d123daa72e75c4eddf8dddd68ff,trafilatura,,6381,978,55fc1bb71cc17bb99387d11ae4fd57cb7b12b2ab7d4ab2aab950da5a8f70411b,
EXP-MEDIA-061,acquired_extracted,Sibanye confirms final Marikana retrenchment figures,2020,Engineering News,expanded_media_candidates_batch3.csv,https://www.engineeringnews.co.za/article/sibanye-confirms-final-marikana-retrenchment-figures-2020-01-16,https://www.engineeringnews.co.za/article/sibanye-confirms-final-marikana-retrenchment-figures-2020-01-16,200,text/html,http,256177,f81cb7d8b9d41f9544e9983570a0119f3eecc1514ac881b3bdf52fb21d12a09d,trafilatura,,3512,553,629de6a842565b9ecc40fecf12f427adeb006cd772e0603d9212de572d6d9ac6,
EXP-MEDIA-062,acquired_extracted,Sibanye settles Marikana streaming deal,2020,Engineering News,expanded_media_candidates_batch3.csv,https://www.engineeringnews.co.za/article/sibanye-settles-marikana-streaming-deal-2020-03-04,https://www.engineeringnews.co.za/article/sibanye-settles-marikana-streaming-deal-2020-03-04,200,text/html,http,253263,cbe3b1c4b6296d86786d64742792c012ff3a21247915ead565095c73ab37e6be,trafilatura,,3641,554,794ebac9ebae42d68b8de119653f9960380f5562bd5117ce760c99249ead45a2,
EXP-MEDIA-063,acquired_extracted,"Sibanye launches campaign to reimagine, foster Marikana community of the future",2021,Engineering News,expanded_media_candidates_batch3.csv,https://www.engineeringnews.co.za/article/sibanye-launches-campaign-to-reimagine-foster-marikana-community-of-the-future-2021-04-16,https://www.engineeringnews.co.za/article/sibanye-launches-campaign-to-reimagine-foster-marikana-community-of-the-future-2021-04-16,200,text/html,http,263213,b4257dba36c7c8372b3c6cec9eadca021657fae152b16e94e7d2bf07346ef6eb,trafilatura,,7689,1229,e69b0f8ce2d73742a684ac34053e156cefc04db1e8621117613f7e785941bd66,
EXP-MEDIA-064,acquired_extracted,Sibanye-Stillwater hoists first tons from R4bn 4 000-job K4 platinum project,2022,Engineering News,expanded_media_candidates_batch3.csv,https://www.engineeringnews.co.za/article/first-tons-hoisted-at-marikanas-top-tier-4-000-job-k4-platinum-project-2022-05-16,https://www.engineeringnews.co.za/article/first-tons-hoisted-at-marikanas-top-tier-4-000-job-k4-platinum-project-2022-05-16,200,text/html,http,258339,b73969d8dbed44436c652513045609252d71d06880cdca0b697b4470b608fa03,trafilatura,,5138,809,2b7b6403c746e47593d77b61e975c7f29f3d5fb59301d9445c5d680ad1ba6378,
EXP-MEDIA-065,acquired_extracted,"Sibanye reaches wage agreement with NUM, UASA, but AMCU holds out",2022,Engineering News,expanded_media_candidates_batch3.csv,https://www.engineeringnews.co.za/article/sibanye-reaches-wage-agreement-with-num-uasa-but-amcu-holds-out-2022-09-30,https://www.engineeringnews.co.za/article/sibanye-reaches-wage-agreement-with-num-uasa-but-amcu-holds-out-2022-09-30,200,text/html,http,255912,b80e470e25afca016d5a42b19cc47cdcbc1158461d14456da985cd07e4f5d7e1,trafilatura,,4049,636,21ca44d8c782a3aafa34b789865a6ef8e0b71b5e8581cf4723e8ecf6b235d348,
EXP-MEDIA-066,acquired_extracted,"Sibanye concludes five-year wage deal at Rustenburg, Marikana operations",2022,Engineering News,expanded_media_candidates_batch3.csv,https://www.engineeringnews.co.za/article/sibanye-concludes-five-year-wage-deal-at-rustenburg-marikana-operations-2022-10-28,https://www.engineeringnews.co.za/article/sibanye-concludes-five-year-wage-deal-at-rustenburg-marikana-operations-2022-10-28,200,text/html,http,254040,1a25140cbcdfec0b29cbd6dc50501f57a841b3262ce4638a7cd9732326f50a99,trafilatura,,3851,599,f8a2558ab898d06afbd7bbd4487d92a7ad4ffb258e62f9a800600a0af042df62,
EXP-MEDIA-067,acquired_extracted,Sibanye continues to make reparations at Marikana,2022,Mining Weekly,expanded_media_candidates_batch3.csv,https://www.miningweekly.com/article/sibanye-continues-to-make-reparations-at-marikana-2022-07-15,https://www.miningweekly.com/article/sibanye-continues-to-make-reparations-at-marikana-2022-07-15,200,text/html,http,274063,9c5f2795389021600384d54965831e361fc282ec869c9f3476d95125b33d496b,trafilatura,,9941,1582,85f2f5ba9538dbc9941670775b274bea0baa0bd45ea1b1df425624e522f98a99,
EXP-MEDIA-068,acquired_extracted,More than 4 000 jobs on the line as Sibanye considers future of four South African PGM shafts,2023,Engineering News,expanded_media_candidates_batch3.csv,https://www.engineeringnews.co.za/article/more-than-4-000-jobs-on-the-line-as-sibanye-considers-future-of-four-south-african-pgm-shafts-2023-10-25,https://www.engineeringnews.co.za/article/more-than-4-000-jobs-on-the-line-as-sibanye-considers-future-of-four-south-african-pgm-shafts-2023-10-25,200,text/html,http,259905,c46aed82bf8fdfc0ecb6c65cb377f438aecb72e794f6f8a11b7c106a88ef63f7,trafilatura,,6537,994,2dc2c29de62199e9309f4118620a3cef45c6a0b2ec1514d6cd0cc117efb359db,
EXP-MEDIA-069,acquired_extracted,"For the platinum Industry, Marikana was a ‘Mechanisation Moment’",2019,Daily Maverick,expanded_media_candidates_batch3.csv,https://www.dailymaverick.co.za/article/2019-08-16-for-the-platinum-industry-marikana-was-a-mechanisation-moment/,https://www.dailymaverick.co.za/article/2019-08-16-for-the-platinum-industry-marikana-was-a-mechanisation-moment/,200,text/html,http,300341,b4834f5e4fd42533c2a5bd69a3ca72049251b81e19af8c22cdaec1bef28db5aa,trafilatura,,7037,1175,154cd65fadc9cdd8902962f40dba2aa5b55890b0a3177e37debfd665021f0118,
EXP-MEDIA-070,acquired_extracted,How the twilight of South Africa’s migrant labour system spawned a social apocalypse,2022,Daily Maverick,expanded_media_candidates_batch3.csv,https://www.dailymaverick.co.za/article/2022-11-27-how-the-twilight-of-sas-migrant-labour-system-spawned-a-social-apocalypse/,https://www.dailymaverick.co.za/article/2022-11-27-how-the-twilight-of-sas-migrant-labour-system-spawned-a-social-apocalypse/,200,text/html,http,533653,ea031d45052734db7fc81a7800a8041aeac5a2ea745372a5ba09abbddb048e1d,trafilatura,,24238,4078,cc37721a52a26a08a08d796f7f65cec805a80b1d17cb8e0fcdb366ccb45b903f,
EXP-MEDIA-071,acquired_extracted,Cooling of labour militancy in SA’s mines mirrors decline of migrant labour system,2022,Daily Maverick,expanded_media_candidates_batch3.csv,https://www.dailymaverick.co.za/article/2022-11-28-cooling-of-labour-militancy-in-sas-mines-mirrors-decline-of-migrant-labour-system/,https://www.dailymaverick.co.za/article/2022-11-28-cooling-of-labour-militancy-in-sas-mines-mirrors-decline-of-migrant-labour-system/,200,text/html,http,470021,1b134f10646c81c002dee7229e6dc8f86feb9ca80401f4433e62f7d9d2107244,trafilatura,,7391,1245,5fbfa06e0750244b8c77cc0eed13427cbfa9cbf10197f39c8f76a16312c6eae2,
SAT-EARLY-MEDIA-001,acquired_extracted,Lonmin inks landmark BEE deals with traditional community,2014,Mining Weekly,expanded_media_candidates_saturation_2010_2018.csv,https://www.miningweekly.com/article/lonmin-inks-landmark-bee-deals-with-traditional-community-2014-07-30,https://www.miningweekly.com/article/lonmin-inks-landmark-bee-deals-with-traditional-community-2014-07-30,200,text/html,http,262823,579c496051c1851860bc8b81e57d70ed344abc325457471759069e413f6d121e,trafilatura,,7004,1140,2b52a2f3771954cc9c0611a8c3969710cd78951799e379b6777994c8e36ea6df,
SAT-EARLY-MEDIA-002,acquired_extracted,Missing millions from Lonmin fund prompts community pay reform,2016,Mining Weekly / Bloomberg,expanded_media_candidates_saturation_2010_2018.csv,https://www.miningweekly.com/article/missing-millions-from-lonmin-fund-prompts-community-pay-reform-2016-08-04,https://www.miningweekly.com/article/missing-millions-from-lonmin-fund-prompts-community-pay-reform-2016-08-04,200,text/html,http,256911,8969d664150954cfc94e78a5bdf3c8a80fd2c2be300b11dac63dcb4db1b4c40a,trafilatura,,4606,737,d4c29bb2b91c27f40b5e62890d3bfc123a3cf7645a9996f27d064992f0c6da37,
SAT-EARLY-MEDIA-005,acquired_extracted,Bapo cancel protest march against Lonmin after reaching new employment deal,2015,Mining Weekly / African News Agency,expanded_media_candidates_saturation_2010_2018.csv,https://www.miningweekly.com/article/bapo-cancel-protest-march-against-lonmin-after-reaching-new-employment-deal-2015-06-17,https://www.miningweekly.com/article/bapo-cancel-protest-march-against-lonmin-after-reaching-new-employment-deal-2015-06-17,200,text/html,http,256255,37e4b16d6b5f4db364c8954e3a79b49981b63fcb2a5267f63eda7004cff26c2b,trafilatura,,4249,685,cb54a9dcc41c76e674d821d58c19fbfd068dbd1361aecd094902508a5e6ca8c5,
SAT-EARLY-MEDIA-006,acquired_extracted,Power shift in unions could mean a difficult time ahead in SA platinum belt,2013,Mining Weekly,expanded_media_candidates_saturation_2010_2018.csv,https://www.miningweekly.com/article/power-shift-in-unions-could-mean-a-difficult-time-ahead-in-sa-platinum-belt-2013-06-28,https://www.miningweekly.com/article/power-shift-in-unions-could-mean-a-difficult-time-ahead-in-sa-platinum-belt-2013-06-28,200,text/html,http,263180,63096f8a3994566acb266862e3f4197332295e644de7a262002f2dd71a700a0b,trafilatura,,8548,1396,d076c4018feeaa17839702269d3a3516197e36a42a3eb2dcd42f1ec73e0884bb,
SAT-EARLY-MEDIA-007,acquired_extracted,Lonmin artisan college forging ahead despite 2012 setbacks,2013,Mining Weekly,expanded_media_candidates_saturation_2010_2018.csv,https://www.miningweekly.com/article/lonmin-artisan-college-forging-ahead-despite-2012-setbacks-2013-03-05,https://www.miningweekly.com/article/lonmin-artisan-college-forging-ahead-despite-2012-setbacks-2013-03-05,200,text/html,http,258628,c79b183b84d34527b2c89ce25932c558582d67f8432f7c659037c5689389b928,trafilatura,,4896,754,a4e4f613f2bfe871abf154fafe0c20eeba1893e499d8001801e31078e70c1c59,
SAT-EARLY-MEDIA-008,acquired_extracted,HONOURING AGREEMENTS,2013,Mining Weekly,expanded_media_candidates_saturation_2010_2018.csv,https://www.miningweekly.com/article/honouring-agreements-2013-03-15,https://www.miningweekly.com/article/honouring-agreements-2013-03-15,200,text/html,http,255171,11c15b751fc8ca0a6ff4f0ad4424f222d613db56537f30778cf0635ee58071a2,trafilatura,,2813,433,420d424939370ef22cc1f85f72c667bf0ebe2507deb2cf02245b029430589512,
SAT-EARLY-MEDIA-011,acquired_extracted,"Marikana: NPA drops 'common purpose' charges, but critical questions remain",2012,Daily Maverick,expanded_media_candidates_saturation_2010_2018.csv,https://www.dailymaverick.co.za/article/2012-09-03-marikana-npa-drops-common-purpose-charges-but-critical-questions-remain/,https://www.dailymaverick.co.za/article/2012-09-03-marikana-npa-drops-common-purpose-charges-but-critical-questions-remain/,200,text/html,http,365905,890611be1b04bbcf2f0a5021bb666bc28a823e95ce96296ed07d1a93092c9551,trafilatura,,12837,2239,a827f850c75a626e21c8b32dfb22450141e36e6935f7ccd09bf44c45c5c1b257,
SAT-EARLY-MEDIA-012,acquired_extracted,A tale of two worlds - Sun City and Marikana,2012,Daily Maverick,expanded_media_candidates_saturation_2010_2018.csv,https://www.dailymaverick.co.za/article/2012-09-03-a-tale-of-two-worlds-sun-city-and-marikana/,https://www.dailymaverick.co.za/article/2012-09-03-a-tale-of-two-worlds-sun-city-and-marikana/,200,text/html,http,303455,7215cb4a95857ecd105a72929e5c740bfa0f525c1362214696809510ec59c949,trafilatura,,4914,819,ac2a67850d3a8175140e0ba6032ec7aeafdac92dcf53075b8a3c13ab95ec87d6,
SAT-EARLY-MEDIA-014,acquired_extracted,Lonmin miners return to work,2013,Engineering News / Sapa,expanded_media_candidates_saturation_2010_2018.csv,https://www.engineeringnews.co.za/article/lonmin-miners-return-to-work-2013-05-15,https://www.engineeringnews.co.za/article/lonmin-miners-return-to-work-2013-05-15,200,text/html,http,246988,ee7a7669101088a23e9aa82c11b98061c220c66923ce2e4fb6929c9eaf37fb79,trafilatura,,4107,668,88eaf683fa20e5459e7370eb3ddd920796b83e3651d897087612bbcda777e415,
SAT-EARLY-MEDIA-015,acquired_extracted,NUM Lonmin chairperson shot dead in Marikana,2013,Engineering News / Reuters,expanded_media_candidates_saturation_2010_2018.csv,https://www.engineeringnews.co.za/article/num-lonmin-chairperson-shot-dead-in-marikana-2013-10-18,https://www.engineeringnews.co.za/article/num-lonmin-chairperson-shot-dead-in-marikana-2013-10-18,200,text/html,http,247168,e0f3dec9df0a525f33a40a8114de0adfbad71b2d20538cdf8d73520c88ee7c9e,trafilatura,,3587,593,466508adfed3c746c274727f6a22373b849b045b53cb13aa6590efc801f01209,
SAT-EARLY-MEDIA-016,acquired_extracted,"Some return to work, others strike",2014,Engineering News / Sapa,expanded_media_candidates_saturation_2010_2018.csv,https://www.engineeringnews.co.za/article/some-return-to-work-others-strike-2014-05-14,https://www.engineeringnews.co.za/article/some-return-to-work-others-strike-2014-05-14,200,text/html,http,250791,a993131a336eead0d97e10b21d259b7ef0ed986751cd8bf0808d2b57d05f794e,trafilatura,,4727,761,d7e6f3619aa6291b4d8b364301c09aec7a474c8cbb3e75d3a6f9fc2baad13be6,
SAT-EARLY-MEDIA-018,acquired_extracted,Platinum miner aims to complete housing project by 2014,2013,Mining Weekly,expanded_media_candidates_saturation_2010_2018.csv,https://www.miningweekly.com/article/platinum-miner-aims-to-complete-housing-project-by-2014-2013-03-29,https://www.miningweekly.com/article/platinum-miner-aims-to-complete-housing-project-by-2014-2013-03-29,200,text/html,http,259282,8fa8577d2dc5aa935ba9233157e39699f30d3c60d5c260bf63c54ec4ce7c8879,trafilatura,,6991,1092,53d92e89d1560122767d7842de3aef3c79dad4da3a67ed1893f89f8b501a32d4,
SAT-MEDIA-001,acquired_extracted,"Another year, another Marikana commemoration - but betrayal, neglect and injustice are still there",2019,Daily Maverick,expanded_media_candidates_saturation_2019_2023.csv,https://www.dailymaverick.co.za/article/2019-08-16-another-year-another-marikana-commemoration-but-betrayal-neglect-and-injustice-are-still-there/,https://www.dailymaverick.co.za/article/2019-08-16-another-year-another-marikana-commemoration-but-betrayal-neglect-and-injustice-are-still-there/,200,text/html,http,433099,c59a60f9520530c8aa1ef71f122d24ee671c81527d26efb8f1c4f332ec6262c8,trafilatura,,7972,1383,c4bd63527bc078f97741de8f859db9ff066378622a780a2c79a2939d640a9c49,
SAT-MEDIA-002,acquired_extracted,Sibanye-Stillwater defeats mining communities challenging R5.4bn Lonmin merger,2019,Daily Maverick,expanded_media_candidates_saturation_2019_2023.csv,https://www.dailymaverick.co.za/article/2019-09-09-sibanye-stillwater-defeats-mining-communities-challenging-r5-4bn-lonmin-merger/,https://www.dailymaverick.co.za/article/2019-09-09-sibanye-stillwater-defeats-mining-communities-challenging-r5-4bn-lonmin-merger/,200,text/html,http,302441,1828cd6676eb13266e011eaca2dc1d50c3de76215fede44fe2f46cbde34df625,trafilatura,,4511,716,a02549a1876e4f686d43896ea85910d345433912b42be26445cb1a72d2fe0bcb,
SAT-MEDIA-003,acquired_extracted,"Eight years later, families of killed Marikana miners still seek justice",2020,Daily Maverick,expanded_media_candidates_saturation_2019_2023.csv,https://www.dailymaverick.co.za/article/2020-08-14-eight-years-later-families-of-killed-marikana-miners-still-seek-justice/,https://www.dailymaverick.co.za/article/2020-08-14-eight-years-later-families-of-killed-marikana-miners-still-seek-justice/,200,text/html,http,282672,2675b392beb5afcf0aab5bc7a16d8b366b43f15745587f9e9ed95f61941ec939,trafilatura,,5415,918,031402a7167ac48f70c46956584f7575db43caf4bfd9e2c0b424f1e63a6faf9c,
SAT-MEDIA-004,acquired_extracted,Marikana and the many faces of justice,2021,Daily Maverick,expanded_media_candidates_saturation_2019_2023.csv,https://www.dailymaverick.co.za/article/2021-08-22-marikana-and-the-many-faces-of-justice/,https://www.dailymaverick.co.za/article/2021-08-22-marikana-and-the-many-faces-of-justice/,200,text/html,http,342773,8ac819214dddd4c03e10ea859c2a3df9511b4509ad9f1f947adb665c18e4f3af,trafilatura,,5533,885,511f6e6b379ee9ed86e985127e944ff8887c52c0f229f439e340f192079ba365,
SAT-MEDIA-005,acquired_extracted,Sibanye continues to make reparations at Marikana,2022,Mining Weekly,expanded_media_candidates_saturation_2019_2023.csv,https://www.miningweekly.com/article/sibanye-continues-to-make-reparations-at-marikana-2022-07-15,https://www.miningweekly.com/article/sibanye-continues-to-make-reparations-at-marikana-2022-07-15,200,text/html,http,274399,922cd82e448e98676fddf0059b7af7c6cbd448cc410f84c0f41157adf098a03a,trafilatura,,9954,1584,caa6af17666af9c26a64dfbe5de223ec5ed64addd7a07c82c93ef45a99382a44,
SAT-MEDIA-006,acquired_extracted,"Sibanye concludes five-year wage deal at Rustenburg, Marikana operations",2022,Engineering News,expanded_media_candidates_saturation_2019_2023.csv,https://www.engineeringnews.co.za/article/sibanye-concludes-five-year-wage-deal-at-rustenburg-marikana-operations-2022-10-28,https://www.engineeringnews.co.za/article/sibanye-concludes-five-year-wage-deal-at-rustenburg-marikana-operations-2022-10-28,200,text/html,http,254041,4a7b2fa5c6dde8584035e47d8463388929c8ad2d7336c1141341cfd48e465f10,trafilatura,,3851,599,f8a2558ab898d06afbd7bbd4487d92a7ad4ffb258e62f9a800600a0af042df62,
SAT-MEDIA-007,acquired_extracted,After the Bell: South African miners are by no means earning the ‘slave wages’ asserted by Amcu leader,2023,Daily Maverick,expanded_media_candidates_saturation_2019_2023.csv,https://www.dailymaverick.co.za/article/2023-12-10-after-the-bell-sa-miners-are-by-no-means-earning-the-slave-wages-asserted-by-amcus-mathunjwa/,https://www.dailymaverick.co.za/article/2023-12-10-after-the-bell-sa-miners-are-by-no-means-earning-the-slave-wages-asserted-by-amcus-mathunjwa/,200,text/html,http,299133,9dd89d54c49d370479bfdfd10be9434b740c68f84a30c68bdd5f752ee8e77f90,trafilatura,,6084,1017,bfbc32ec233982d3a7c8f59ade02777d935b43d9f1bfae9580a606235daa6448,
SAT-MEDIA-011,acquired_extracted,"Sibanye, Lonmin merger enters final stretch as AMCU appeal is dismissed",2019,Mining Weekly,expanded_media_candidates_saturation_2019_2023.csv,https://www.miningweekly.com/article/sibanye-lonmin-merger-enters-final-stretch-as-amcu-appeal-is-dismissed-2019-05-17,https://www.miningweekly.com/article/sibanye-lonmin-merger-enters-final-stretch-as-amcu-appeal-is-dismissed-2019-05-17,200,text/html,http,265344,1200ba7bc65bd5f164f972cf4ba05dd1ce9aa6b77808c94eb38fc7cb19c8f732,trafilatura,,4737,764,c94122a498152a45f32f39b92e46070b1952569252c6da5a7e7ea715869e20d9,
SAT-MEDIA-012,acquired_extracted,Rustenburg communities want ConCourt to set aside Sibanye's Lonmin takeover,2019,Mining Weekly,expanded_media_candidates_saturation_2019_2023.csv,https://www.miningweekly.com/article/rustenburg-communities-want-concourt-to-set-aside-sibanyes-lonmin-takeover-2019-07-19,https://www.miningweekly.com/article/rustenburg-communities-want-concourt-to-set-aside-sibanyes-lonmin-takeover-2019-07-19,200,text/html,http,260891,03b5137b2ca7f19ce7e37a342f41678280f2982076ed8975e8933eea61005061,trafilatura,,4862,768,1a85d6200a97535e6e670285c20e61c67306760932021614286cc1e1935ea2d4,
SAT-MEDIA-013,acquired_extracted,Sibanye files court papers to oppose application to halt R5.2bn Lonmin merger,2019,Mining Weekly,expanded_media_candidates_saturation_2019_2023.csv,https://www.miningweekly.com/article/sibanye-files-court-papers-to-oppose-application-to-halt-r52bn-lonmin-merger-2019-08-02,https://www.miningweekly.com/article/sibanye-files-court-papers-to-oppose-application-to-halt-r52bn-lonmin-merger-2019-08-02,200,text/html,http,261234,afdc37265e69e66123ae306b0a20876f697e64d5f612ddf89be400330844386e,trafilatura,,5375,875,6dc123b6cd5951bcb9bcfb23483bc8086b7a488e08d76d010e7794a9418f3678,
SAT-MEDIA-014,acquired_extracted,Sibanye says ConCourt dismisses GLC's applications,2019,Mining Weekly,expanded_media_candidates_saturation_2019_2023.csv,https://www.miningweekly.com/article/sibanye-says-concourt-dismisses-glcs-applications-2019-09-05,https://www.miningweekly.com/article/sibanye-says-concourt-dismisses-glcs-applications-2019-09-05,200,text/html,http,261325,58318f46acf721c6df13ba150d9a9eb90be1276c2dc338e889df383ec1f052ca,trafilatura,,3649,573,b61bf7ded84a92226a5fd4f82058666ac898ffb023846ce66cc09239ed2d6cd5,
SAT-MEDIA-015,acquired_extracted,Sibanye-Stillwater restructures historical Lonmin BEE structure,2021,Mining Weekly,expanded_media_candidates_saturation_2019_2023.csv,https://www.miningweekly.com/article/sibanye-stillwater-restructures-historical-lonmin-bee-structure-2021-04-14,https://www.miningweekly.com/article/sibanye-stillwater-restructures-historical-lonmin-bee-structure-2021-04-14,200,text/html,http,262591,69274e66247e687e50a19dc9d19d04d7561667d3090a3fa6b260acd2c398dfcf,trafilatura,,4025,602,ef4a2bd6c96b68cd68ebd992cdedd3d9b0d9fe17595c6ceed5cbba835e0f9887,
SAT-MEDIA-017,acquired_extracted,Human rights orgs are seeking accountability for failed Marikana housing,2022,Mining Weekly,expanded_media_candidates_saturation_2019_2023.csv,https://www.miningweekly.com/article/human-rights-orgs-are-seeking-accountability-for-failed-marikana-housing-2022-08-16,https://www.miningweekly.com/article/human-rights-orgs-are-seeking-accountability-for-failed-marikana-housing-2022-08-16,200,text/html,http,266586,57eda5f9be2ec9093b63c18472ae380a845584e8275cc12a68f19ee1005569f0,trafilatura,,7128,1140,5535ed589c1e18fb3a1f72909ede296e2057742197ea61f9c88a8e8b05ad8ea8,
SAT4-MEDIA-001,acquired_extracted,Lesson from Marikana: The other side of above-inflation pay rises,2019,Daily Maverick,expanded_media_candidates_saturation_batch4.csv,https://www.dailymaverick.co.za/article/2019-07-10-lesson-from-marikana-the-other-side-of-above-inflation-pay-rises/,https://www.dailymaverick.co.za/article/2019-07-10-lesson-from-marikana-the-other-side-of-above-inflation-pay-rises/,200,text/html,http,277461,13be5a2db2ffd6ed990bbc86d0ad3cb0a285f3832584a15e08c5c53a8487a36e,trafilatura,,5251,900,3580d85d4f196d0d071fb44338282f60640c824ad9afc6beeba233c796706d29,
SAT4-MEDIA-002,acquired_extracted,EXCLUSIVE: Amcu’s Marikana PGM miners demand pay hikes of up to 40% from Sibanye,2022,Daily Maverick,expanded_media_candidates_saturation_batch4.csv,https://www.dailymaverick.co.za/article/2022-05-03-exclusive-amcus-marikana-pgm-miners-demand-pay-hikes-of-up-to-40-from-sibanye/,https://www.dailymaverick.co.za/article/2022-05-03-exclusive-amcus-marikana-pgm-miners-demand-pay-hikes-of-up-to-40-from-sibanye/,200,text/html,http,265007,f647c9957ef2449c807e45df721ea021759c0a5c52c03e7a556951bc2c757583,trafilatura,,3360,615,39e628e6853f91deb9da67efeca2ae1201dcce06bdbc5bf9552f4a4fbde30aa4,
SAT4-MEDIA-003,acquired_extracted,"Mine workers have seen significant wage growth since Marikana, but social burdens undermine gains",2022,Daily Maverick,expanded_media_candidates_saturation_batch4.csv,https://www.dailymaverick.co.za/article/2022-07-24-mine-workers-have-seen-significant-wage-growth-since-marikana-but-social-burdens-undermine-gains/,https://www.dailymaverick.co.za/article/2022-07-24-mine-workers-have-seen-significant-wage-growth-since-marikana-but-social-burdens-undermine-gains/,200,text/html,http,351116,5e04302c31fc180566990cb9c6c54447887cf91557ef8f810cb008985990c2d6,trafilatura,,11167,1877,9a5336c74d76ef52480d800c3d0ee3237e633e6ffbd99d87a864cbc05256a367,
SAT4-MEDIA-004,acquired_extracted,Marikana miners: ‘We’ll fight another 10 years to taste justice’,2022,Daily Maverick,expanded_media_candidates_saturation_batch4.csv,https://www.dailymaverick.co.za/article/2022-08-13-mine-workers-symbolising-sas-tragic-day-well-fight-another-10-years-to-taste-justice/,https://www.dailymaverick.co.za/article/2022-08-13-mine-workers-symbolising-sas-tragic-day-well-fight-another-10-years-to-taste-justice/,200,text/html,http,431640,5b85e06e3b690b3e582351d8f8f6c3c7e5f237769676743fd789ad49fca4a7cc,trafilatura,,12928,2080,1314f0f7a504f71769daf5fc0133eb761a1f305dbfe843446107a2093374f468,
SAT4-MEDIA-005,acquired_extracted,Marikana and the police: It's been a decade and the SAPS has learnt nothing,2022,Daily Maverick,expanded_media_candidates_saturation_batch4.csv,https://www.dailymaverick.co.za/article/2022-08-13-marikana-and-the-police-its-been-a-decade-and-theyve-learnt-nothing/,https://www.dailymaverick.co.za/article/2022-08-13-marikana-and-the-police-its-been-a-decade-and-theyve-learnt-nothing/,200,text/html,http,411276,0e4023133eda5dd1469a5e09c561869f1180fadc133003567461056ca855b0bf,trafilatura,,10688,1747,52bc0caaef61f3d9c5eeb06d9b7ca5002db0bb554cf3bd23c76b8defe3f13a8f,
SAT4-MEDIA-006,acquired_extracted,Ten years on: The possibility of holding Cyril Ramaphosa personally liable for the Marikana tragedy,2022,Daily Maverick,expanded_media_candidates_saturation_batch4.csv,https://www.dailymaverick.co.za/article/2022-08-15-10-years-on-the-possibility-of-personal-liability-for-ramaphosa-for-marikana/,https://www.dailymaverick.co.za/article/2022-08-15-10-years-on-the-possibility-of-personal-liability-for-ramaphosa-for-marikana/,200,text/html,http,400602,5ef2f4c2f778b95450c5c2be41e08ad8256574ba610057f4d1ee84f69595afc5,trafilatura,,7816,1279,89864bd2ae3b43c31f6a1a5682f65612890fd1d55e9dabcaa4b9e90de1ce5f9a,
SAT4-MEDIA-007,acquired_extracted,"Marikana massacre: Ten years on, the truth-tellers still carry the weight of what they uncovered",2022,Daily Maverick,expanded_media_candidates_saturation_batch4.csv,https://www.dailymaverick.co.za/article/2022-08-15-ten-years-on-the-marikana-truth-tellers-still-carry-the-weight-of-what-they-uncovered/,https://www.dailymaverick.co.za/article/2022-08-15-ten-years-on-the-marikana-truth-tellers-still-carry-the-weight-of-what-they-uncovered/,200,text/html,http,414052,952fd8a0266f9ccf3656309743a0a7367f275714b85ec33529ad1ddf4d1bca98,trafilatura,,11360,1907,b6726a47f883af8b59913010708c37ceb469da91bd9b86e994a39137b840bb0d,
SAT4-MEDIA-008,acquired_extracted,Marikana bereaved say no healing can occur until someone takes responsibility,2022,Engineering News,expanded_media_candidates_saturation_batch4.csv,https://www.engineeringnews.co.za/article/marikana-bereaved-say-no-healing-can-occur-until-someone-takes-responsibility-2022-08-18,https://www.engineeringnews.co.za/article/marikana-bereaved-say-no-healing-can-occur-until-someone-takes-responsibility-2022-08-18,200,text/html,http,259386,5899e416489b6ea1df21db7f3ab6277906ddaf8293467d4dca2c8f03f0a9ea41,trafilatura,,5837,931,8d67fd332c553ebc4b7f99f8eaf18514e24d6dfcb1dcf9ae70986bedcf428ddb,
SAT4-MEDIA-009,acquired_extracted,"Lonmin working hard to improve living conditions, says CEO Magara",2016,Engineering News,expanded_media_candidates_saturation_batch4.csv,https://www.engineeringnews.co.za/article/lonmin-working-hard-to-improve-living-conditions-says-ceo-magara-2016-08-16,https://www.engineeringnews.co.za/article/lonmin-working-hard-to-improve-living-conditions-says-ceo-magara-2016-08-16,200,text/html,http,251276,02358084ff176a8b1d6a6ce1d22d91c29200f3aca5e185b5ae273a3f075f6b7b,trafilatura,,4818,775,457f4827583987641cef61f31a14fde0fb0691efbd9a0b6a3189cf624c7252f8,
SAT4-MEDIA-010,acquired_extracted,South Africa platinum union to restart trust for Marikana miners,2016,Engineering News / Bloomberg,expanded_media_candidates_saturation_batch4.csv,https://www.engineeringnews.co.za/article/south-africa-platinum-union-to-restart-trust-for-marikana-miners-2016-08-15,https://www.engineeringnews.co.za/article/south-africa-platinum-union-to-restart-trust-for-marikana-miners-2016-08-15,200,text/html,http,247995,3200090cb55810a52d6aba033936b51549a1b747f8068ccf5ab33f9366782a81,trafilatura,,2850,454,68993943a0d7a740ed8a7620b256a273ebde44cfefa40fddb052e6bc85d7c43e,
SAT4-MEDIA-011,acquired_extracted,AMCU signs three-year wage deal with Lonmin,2016,Engineering News,expanded_media_candidates_saturation_batch4.csv,https://www.engineeringnews.co.za/article/amcu-signs-three-year-wage-deal-with-lonmin-2016-10-31,https://www.engineeringnews.co.za/article/amcu-signs-three-year-wage-deal-with-lonmin-2016-10-31,200,text/html,http,250885,7d1cfa6c3326ba7daa17e1f0fbcc80b6fd3a1536570828b062af3d3179936106,trafilatura,,4466,731,db31f9d7c073bce9cf02261d8120469cdde2c108419365c67865626ba6a4a539,
SAT5-MEDIA-001,acquired_extracted,"Farlam finds against Lonmin, recommends enforced housing delivery",2015,Mining Weekly / Creamer Media,expanded_media_candidates_saturation_batch5.csv,https://www.engineeringnews.co.za/article/marikana-report-2015-06-25,https://www.engineeringnews.co.za/article/marikana-report-2015-06-25,200,text/html,http,265373,33e2062bcd706231d0343e8426e4fa0cb8c437e42fc337e998760bc41f802390,trafilatura,,17048,2741,3684ebbcf169aafbb1be2f2c91a2e070f6466944be6845774b9bd6f5ee7bdf04,
SAT5-MEDIA-002,acquired_extracted,Lonmin affirms Farlam report,2015,Engineering News / Creamer Media,expanded_media_candidates_saturation_batch5.csv,https://www.engineeringnews.co.za/article/lonmin-affirms-farlam-report-2015-08-21,https://www.engineeringnews.co.za/article/lonmin-affirms-farlam-report-2015-08-21,200,text/html,http,245249,5f12d1990665c870a2987098d80862256d12863fcd7c7e1d0fd6d6d56ac0193b,trafilatura,,4748,769,7d7e821d7afd43a9ab350608562868c891ab5eaaac49b4866ba3ac248de19060,
SAT5-MEDIA-003,acquired_extracted,Rights organisations are seeking accountability for failed Marikana housing,2022,Engineering News,expanded_media_candidates_saturation_batch5.csv,https://www.engineeringnews.co.za/article/human-rights-orgs-are-seeking-accountability-for-failed-marikana-housing-2022-08-16,https://www.engineeringnews.co.za/article/human-rights-orgs-are-seeking-accountability-for-failed-marikana-housing-2022-08-16,200,text/html,http,258707,aa05c79c51cc726435c53b074a108e6d53f1cc126d41ebf5420ea60dec272ffc,trafilatura,,7141,1142,57f89992d21d262642b977f1fbe2793fcd16427bcf1cef10640da2f666f1dbc6,
SAT6-MEDIA-001,acquired_extracted,"Lonmin commemorates deceased mineworkers, describes massacre as ‘catalyst for change’",2013,Engineering News / Creamer Media,expanded_media_candidates_saturation_batch6.csv,https://www.engineeringnews.co.za/article/lonmin-commemorates-deceased-mineworkers-describes-massacre-as-catalyst-for-change-2013-08-23,https://www.engineeringnews.co.za/article/lonmin-commemorates-deceased-mineworkers-describes-massacre-as-catalyst-for-change-2013-08-23,200,text/html,http,250869,b70d6c8144480f0abd049420170acb27ab35937337f4c308b884ba5e9a276a19,trafilatura,,7004,1098,da5412dc8c66e4a3bc036561f88878c2526de3b5ac1492187d164f26b6592813,
SAT6-MEDIA-002,acquired_extracted,Marikana: The unfolding of a never-ending tragedy,2021,Daily Maverick,expanded_media_candidates_saturation_batch6.csv,https://www.dailymaverick.co.za/article/2021-08-14-marikana-the-unfolding-of-a-never-ending-tragedy/,https://www.dailymaverick.co.za/article/2021-08-14-marikana-the-unfolding-of-a-never-ending-tragedy/,200,text/html,http,553018,648ddc7f3125f42917f256961663580859743cabcf6a41d7ce7338ab150b477a,trafilatura,,18932,3077,a4028b0469f47c91edd08cf951e53adb7830645fb37608c81622fc07ae5c6aed,
SAT6-MEDIA-003,acquired_extracted,Court dismisses Riah Phiyega’s attempt to overturn findings of Marikana Commission,2021,Daily Maverick,expanded_media_candidates_saturation_batch6.csv,https://www.dailymaverick.co.za/article/2021-06-20-court-dismisses-riah-phiyegas-attempt-to-overturn-findings-of-marikana-commission/,https://www.dailymaverick.co.za/article/2021-06-20-court-dismisses-riah-phiyegas-attempt-to-overturn-findings-of-marikana-commission/,200,text/html,http,295694,bcfe4a80b56a41d0dbed206dcd83109082a6297f2b358afb5b7793fa83734a41,trafilatura,,8261,1353,467db209539fe71acc8aea7f33e3345f4d409fbb9d16fc493d36fab683061e5d,
SAT7-MEDIA-001,acquired_extracted,Marikana Commission: Ramaphosa walks the line,2014,Daily Maverick,expanded_media_candidates_saturation_batch7.csv,https://www.dailymaverick.co.za/article/2014-08-13-marikana-commission-ramaphosa-walks-the-line/,https://www.dailymaverick.co.za/article/2014-08-13-marikana-commission-ramaphosa-walks-the-line/,200,text/html,http,364475,e5b29b8e4fbd02fb7d172cafb61dce407ddece0a387215e0330ffac99a23bfa1,trafilatura,,9339,1565,643f5cab79d19373e0542eb0c05251f4aac3b5bdf00ac3ae617ba10b7ed9ee2b,
SAT7-MEDIA-002,acquired_extracted,Marikana Commission: Police’s defence collapsing,2014,Daily Maverick,expanded_media_candidates_saturation_batch7.csv,https://www.dailymaverick.co.za/article/2014-09-09-marikana-commission-polices-defence-collapsing/,https://www.dailymaverick.co.za/article/2014-09-09-marikana-commission-polices-defence-collapsing/,200,text/html,http,317000,f6327ced6d33570f63eda568b4602b708411dc3ab7032a80654698ea6ada31fa,trafilatura,,9191,1590,ee8832e468ec5d18937d551b3013562e5aaa215e68dd42d8f91f588f11330981,
SAT8-MEDIA-001,acquired_extracted,Marikana Commission: Mthethwa under fire,2014,Daily Maverick,expanded_media_candidates_saturation_batch8.csv,https://www.dailymaverick.co.za/article/2014-07-16-marikana-commission-mthethwa-under-fire/,https://www.dailymaverick.co.za/article/2014-07-16-marikana-commission-mthethwa-under-fire/,200,text/html,http,342544,a27e4b0427208e7a0fb685148924c3b458dc2eb863b58744c0fd787dfba8b5e6,trafilatura,,8304,1388,087f6a62fb0ab8e92b98c04f7fe8732513316368d08e376fb8666559aae1d705,
SAT8-MEDIA-002,acquired_extracted,Marikana Commission: Riah Phiyega's impossibly hazy memory,2014,Daily Maverick,expanded_media_candidates_saturation_batch8.csv,https://www.dailymaverick.co.za/article/2014-09-11-marikana-commission-riah-phiyegas-impossibly-hazy-memory/,https://www.dailymaverick.co.za/article/2014-09-11-marikana-commission-riah-phiyegas-impossibly-hazy-memory/,200,text/html,http,318629,cf9b68e511c27f09f6b8b564b013ade4ccd78b3504d97585fd79408a5c56008b,trafilatura,,7512,1266,413d25fa63cd15b46c5b6de540ec2046af2bfc92679f9f8e2213056ad15a5ae0,
SAT8-MEDIA-003,acquired_extracted,"Marikana Commission: Under oath, Phiyega’s bald-faced lie exposed",2013,Daily Maverick,expanded_media_candidates_saturation_batch8.csv,https://www.dailymaverick.co.za/article/2013-03-19-marikana-commission-under-oath-phiyegas-bald-faced-lie-exposed/,https://www.dailymaverick.co.za/article/2013-03-19-marikana-commission-under-oath-phiyegas-bald-faced-lie-exposed/,200,text/html,http,346819,56115e0a2cdcc0ead13e3684f4a70c1e43c065137f1f707015b6df9c6e22d924,trafilatura,,8537,1487,771fd37907c79215ddb37f6cabd38b984f0c5d860ad13b2d3fadf5abfefc48a7,
SAT8-MEDIA-004,acquired_extracted,Marikana Commission: Phiyega’s bad start gets worse,2013,Daily Maverick,expanded_media_candidates_saturation_batch8.csv,https://www.dailymaverick.co.za/article/2013-03-19-marikana-commission-phiyegas-bad-start-gets-worse/,https://www.dailymaverick.co.za/article/2013-03-19-marikana-commission-phiyegas-bad-start-gets-worse/,200,text/html,http,335212,02ee20452ea94228d87891848bf4df214b865c1619ddddb67e8ea60ed6f25df4,trafilatura,,6354,1067,c24230f6d9167ed7e6f423f15356d7963f9431e0b4da2d7c75e2834794ea0312,
SAT8-MEDIA-005,acquired_extracted,Marikana: Phiyega on the attack and Malema on new legal and political crusade,2015,Daily Maverick,expanded_media_candidates_saturation_batch8.csv,https://www.dailymaverick.co.za/article/2015-07-03-marikana-phiyega-on-the-attack-and-malema-on-new-legal-and-political-crusade/,https://www.dailymaverick.co.za/article/2015-07-03-marikana-phiyega-on-the-attack-and-malema-on-new-legal-and-political-crusade/,200,text/html,http,345010,21a7f4dc20d8885847c1f4e85775e11dc85e583ce9da74920d287a1af2ca5846,trafilatura,,9006,1510,be91f126b179c3ea84c041a7a56cf6b5e2600aa724acb0e485e0f21c45363a30,
SAT8-MEDIA-006,acquired_extracted,"Marikana report: Despite the release promise, pressure on Zuma persists",2015,Daily Maverick,expanded_media_candidates_saturation_batch8.csv,https://www.dailymaverick.co.za/article/2015-05-27-marikana-report-despite-the-release-promise-pressure-on-zuma-persists/,https://www.dailymaverick.co.za/article/2015-05-27-marikana-report-despite-the-release-promise-pressure-on-zuma-persists/,200,text/html,http,339036,7ccabc40289fe8cff2f0d824c77c494d77334cf50de6e94195659042f6fa9c93,trafilatura,,7948,1367,0145dead05981fa047718eafcd25df6795b6ab570bf0c60153b61abdaf70cee4,
WEB-MEDIA-001,acquired_extracted,Sibanye to cut 5 270 jobs as it restructures Marikana operations,2019,Mining Weekly,expanded_media_candidates_web_2019_2023.csv,https://www.miningweekly.com/article/sibanye-plans-to-cut-5-270-jobs-as-it-restructures-marikana-operations-2019-09-25,https://www.miningweekly.com/article/sibanye-plans-to-cut-5-270-jobs-as-it-restructures-marikana-operations-2019-09-25,200,text/html,http,266792,f2883ed18bf8d0491bd89307170ac477ce538381a0b14f4dca299285dd99dfd2,trafilatura,,6368,976,e71f25a7e3e093cbdf796ff91aa46bba8425c4b9cf21e82789161f1ff62a1674,
WEB-MEDIA-002,acquired_extracted,Marikana and the many faces of justice,2021,Daily Maverick,expanded_media_candidates_web_2019_2023.csv,https://www.dailymaverick.co.za/article/2021-08-22-marikana-and-the-many-faces-of-justice/,https://www.dailymaverick.co.za/article/2021-08-22-marikana-and-the-many-faces-of-justice/,200,text/html,http,342773,6182f610a57a48f35581c2df2677a23b013ad2bc18d039bebdcb5b7618499410,trafilatura,,5533,885,511f6e6b379ee9ed86e985127e944ff8887c52c0f229f439e340f192079ba365,
WEB-MEDIA-003,acquired_extracted,Marikana massacre commemorated with second yearly memorial lecture,2021,Mining Weekly,expanded_media_candidates_web_2019_2023.csv,https://www.miningweekly.com/article/marikanamassacre-commemorated-with-second-yearly-memorial-lecture-2021-08-17,https://www.miningweekly.com/article/marikanamassacre-commemorated-with-second-yearly-memorial-lecture-2021-08-17,200,text/html,http,271319,0dee6967c5ef3fc822bff52e573516e9e91daf03cec959330b855149b056ca7a,trafilatura,,7430,1156,b996b496c0b13e7e24a611d5c30884511e14d11cbb6ad7c5d284685842da5505,
WEB-MEDIA-004,acquired_extracted,Sibanye continues to make reparations at Marikana,2022,Mining Weekly,expanded_media_candidates_web_2019_2023.csv,https://www.miningweekly.com/article/sibanye-continues-to-make-reparations-at-marikana-2022-07-15,https://www.miningweekly.com/article/sibanye-continues-to-make-reparations-at-marikana-2022-07-15,200,text/html,http,274064,21e15788f8ade7ffb010639ed0058d555b71445064cb4778b2a2c4265169e9e1,trafilatura,,9941,1582,85f2f5ba9538dbc9941670775b274bea0baa0bd45ea1b1df425624e522f98a99,
WEB-MEDIA-005,acquired_extracted,Human rights orgs are seeking accountability for failed Marikana housing,2022,Mining Weekly,expanded_media_candidates_web_2019_2023.csv,https://www.miningweekly.com/article/human-rights-orgs-are-seeking-accountability-for-failed-marikana-housing-2022-08-16,https://www.miningweekly.com/article/human-rights-orgs-are-seeking-accountability-for-failed-marikana-housing-2022-08-16,200,text/html,http,266586,6484426f98446ceb5b7e0c9eff9eba2a625f75f7e20f28b615a127e7e3fa9e97,trafilatura,,7128,1140,5535ed589c1e18fb3a1f72909ede296e2057742197ea61f9c88a8e8b05ad8ea8,
WEB-MEDIA-006,acquired_extracted,"Sibanye concludes five-year wage deal at Rustenburg, Marikana operations",2022,Engineering News,expanded_media_candidates_web_2019_2023.csv,https://www.engineeringnews.co.za/article/sibanye-concludes-five-year-wage-deal-at-rustenburg-marikana-operations-2022-10-28,https://www.engineeringnews.co.za/article/sibanye-concludes-five-year-wage-deal-at-rustenburg-marikana-operations-2022-10-28,200,text/html,http,254041,183aac8368cc278c44d3101ac3183f4587b73b351e3f29acb40db65ed581ddad,trafilatura,,3851,599,f8a2558ab898d06afbd7bbd4487d92a7ad4ffb258e62f9a800600a0af042df62,
WEB-MEDIA-007,acquired_extracted,After the Bell: South African miners are by no means earning the 'slave wages' asserted by Amcu leader,2023,Daily Maverick,expanded_media_candidates_web_2019_2023.csv,https://www.dailymaverick.co.za/article/2023-12-10-after-the-bell-sa-miners-are-by-no-means-earning-the-slave-wages-asserted-by-amcus-mathunjwa/,https://www.dailymaverick.co.za/article/2023-12-10-after-the-bell-sa-miners-are-by-no-means-earning-the-slave-wages-asserted-by-amcus-mathunjwa/,200,text/html,http,299133,e8dae008f90834f103de316b10c1e2799de08ee1fa702f6db2262d43aedf5c8d,trafilatura,,6084,1017,bfbc32ec233982d3a7c8f59ade02777d935b43d9f1bfae9580a606235daa6448,
EXP-NGO-001,acquired_extracted,Coping with Unsustainability: Policy Gap 7 – Lonmin 2003–2012,2013,Bench Marks Foundation,expanded_ngo_candidates_batch1.csv,https://www.bench-marks.org.za/wp-content/uploads/2021/02/lonmin_report_print-1.pdf,https://www.bench-marks.org.za/wp-content/uploads/2021/02/lonmin_report_print-1.pdf,200,application/pdf,http,975061,bd454f4acde184b55498af08f9367ba583497601be1596b9c28c8b771628014f,pypdf,68,166974,26644,ca75026eb51736a6b37cd49f234d7925105495656b2096b6cdc90f6f06f5b2e3,
EXP-NGO-002,acquired_extracted,"Platinum for the World Market, Iron Shacks for the Workers: Living and Working Conditions in Marikana Five Years After the Massacre",2017,Bread for the World / Bench Marks Foundation,expanded_ngo_candidates_batch1.csv,https://www.brot-fuer-die-welt.de/fileadmin/mediapool/blogs/Dossing_Helle/platinum_for_the_world.final_.pdf,https://www.brot-fuer-die-welt.de/fileadmin/mediapool/blogs/Dossing_Helle/platinum_for_the_world.final_.pdf,200,application/pdf,http,5803587,688ea7c230d46768a10ecb41dee40a368a39f6cf42284c4d5ab238d172152516,pypdf,40,129113,20808,93ab49ffbfaadc7750e2ddd9f961b5780cb6b655e46842283fb23c9404cb0344,
EXP-NGO-003,acquired_extracted,Lonmin Social and Labour Plan Analysis: Qualitative and Quantitative Assessment,2014,South African Human Rights Commission / Marikana Commission,expanded_ngo_candidates_batch1.csv,https://www.sahrc.org.za/home/21/files/Lonmin%20Social%20and%20Labour%20Plan%20Analysis%20Qualitative%20and%20Quantitative%20Assessment%20%28Final%29%5B1%5D.pdf,https://sahrc.org.za/home/21/files/Lonmin%20Social%20and%20Labour%20Plan%20Analysis%20Qualitative%20and%20Quantitative%20Assessment%20(Final)[1].pdf,200,application/pdf,http,363145,f87f772abdc69db9f464df2a8f2934bc76ea5902328b3ed87788fdc45c643205,pypdf,36,86251,16506,ff7acb6137d8640850815187a4ba9f9a40f520d5dcf450c961a3f51231d88d80,
EXP-NGO-004,acquired_extracted,"Nothing has changed for the better, things are worse",2022,Bench Marks Foundation,expanded_ngo_candidates_batch1.csv,https://www.bench-marks.org.za/nothing-has-changed-for-the-better-things-are-worse/,https://www.bench-marks.org.za/nothing-has-changed-for-the-better-things-are-worse/,200,text/html,http,370333,30b92c41f9ba4848875200475405b6ec89b84ee883c7d20415910b3b5bc4dbef,trafilatura,,35164,5886,d250032f4dd4206485535401665006746cf2eb7ee708b986b44f136f1ccaa89f,
EXP-NGO-005,acquired_extracted,Smoke and Mirrors: Lonmin's failure to address housing conditions at Marikana,2016,Amnesty International,expanded_ngo_candidates_batch1.csv,https://www.amnesty.org/en/wp-content/uploads/2021/05/AFR5345522016ENGLISH.pdf,https://www.amnesty.org/en/wp-content/uploads/2021/05/AFR5345522016ENGLISH.pdf,200,application/pdf,http,2735211,1321bd90a7dd9d43e259f0c282042dc86ae9abbbe8647a1a5460718780bb4b8a,pypdf,60,185796,30013,94e65ee9c3b62d7c0689a3a07d9dbaf2773f6f7f540a79f93d1ef4a569c0ab05,
EXP-NGO-006,acquired_extracted,Carrying the Costs: Human rights impacts in communities affected by platinum mining in South Africa,2018,Swedwatch with Bench Marks Foundation,expanded_ngo_candidates_batch1.csv,https://www.bench-marks.org.za/wp-content/uploads/2021/02/carrying_the_costs.pdf,https://www.bench-marks.org.za/wp-content/uploads/2021/02/carrying_the_costs.pdf,200,application/pdf,http,1708902,b189cd1ca0d3c430498d0aa4ba760d2cde83eff1147fd0664a8abc91cfc88a34,pypdf,50,105891,16593,469234397da814bf28f673e6170fac20bce8706cf6385560ca9077e63e49ae35,
EXP-NGO-008,acquired_extracted,SERI to represent AMCU at the Marikana Commission,2012,Socio-Economic Rights Institute of South Africa,expanded_ngo_candidates_batch2.csv,https://www.seri-sa.org/images/stories/seri_mediastatement_amcu_14sep12.pdf,https://www.seri-sa.org/images/stories/seri_mediastatement_amcu_14sep12.pdf,200,application/pdf,http,20202,5db9427067f74813b5140d4d84c23cf01a0d74c95988ddac150683a9ba17ae86,pypdf,1,809,129,42d3f2ebebdb1a2de412c22c1d2655558f2e24fe332129c4d2279878d2dea32d,
EXP-NGO-009,acquired_extracted,Civil Society Statement Regarding the Killings at Marikana: A Demand for Justice and Truth,2012,SERI and South African civil-society organisations,expanded_ngo_candidates_batch2.csv,https://www.seri-sa.org/images/stories/marikana_civil_society_statement_13_september_2012_.pdf,https://www.seri-sa.org/images/stories/marikana_civil_society_statement_13_september_2012_.pdf,200,application/pdf,http,351843,4b8b714e0cc4066b8e15ba651ace9e5b4a148dcbfc957686c3c1110f141dd767,pypdf,3,8778,1323,4428dfbd225076e104254bcfa2a86026914854dbc3cd51fccf6f3be764ede21c,
EXP-NGO-010,acquired_extracted,Police Intimidation of Witnesses at Marikana Commission of Inquiry,2012,Socio-Economic Rights Institute of South Africa,expanded_ngo_candidates_batch2.csv,https://abahlali.org/node/9299/,https://abahlali.org/node/9299/,200,text/html,http,39893,743fd017d09f753107c3a40e1a7e92fc3862a87bd078f8e27632f54405ec7acf,trafilatura,,3378,550,7bd1eca73ff697a329be6bc7ffe5b44294287ae99e49ee7edbd0d14d25110ee0,
EXP-NGO-011,acquired_extracted,Families of Marikana deceased demand payment from SAPS,2013,Socio-Economic Rights Institute of South Africa,expanded_ngo_candidates_batch2.csv,https://www.seri-sa.org/images/stories/Marikana_damages_pressrelease_28Feb13_final.pdf,https://www.seri-sa.org/images/stories/Marikana_damages_pressrelease_28Feb13_final.pdf,200,application/pdf,http,148221,bf1de03ce7b25b657d808c56e3b49b451cc725a8670ea4e61f99b545992c34fe,pypdf,1,2344,386,99b67f57eea2f82649fd7e20148d17e5de36de2f9989108e58aafcbc55e45e5f,
EXP-NGO-013,acquired_extracted,Families of slain Marikana miners want the truth about massacre to be revealed,2020,Socio-Economic Rights Institute of South Africa,expanded_ngo_candidates_batch2.csv,https://www.seri-sa.org/images/SERI_Statement-Marikana_families_want_the_truth_revealed.pdf,https://www.seri-sa.org/images/SERI_Statement-Marikana_families_want_the_truth_revealed.pdf,200,application/pdf,http,81581,4bd7cff39cbdc8e3da20fa9059e4fe17527edeaaa4649368ced30a6d4fcc1c96,pypdf,1,2135,351,f62138ed89d4214b2ef02f68d897222b098a5f170b14f6ff1a7665b9e553ff1b,
EXP-NGO-014,acquired_extracted,"Eight years since Marikana, the brutality and lack of accountability continues",2020,Socio-Economic Rights Institute of South Africa,source_overrides,https://www.seri-sa.org/images/SERI_Press_statement_Marikana_8th_anniversary_FINAL.pdf,https://www.seri-sa.org/images/SERI_Press_statement_Marikana_8th_anniversary_FINAL.pdf,200,application/pdf,http,99976,190808aec2bb6ebe7b56e4f1d0a9a4318392dd7b2d4ad10304cb4e20b327a75f,pypdf,1,2838,451,b459e4cd24bd76ece54cf81d998a4834ec7f69840baaafaca86fb5b32762718d,
EXP-NGO-015,acquired_extracted,SERI commemorates the 9th anniversary of the Marikana massacre,2021,Socio-Economic Rights Institute of South Africa,expanded_ngo_candidates_batch2.csv,https://www.seri-sa.org/index.php/more-news/1185-advocacy-seri-commemorates-the-9th-anniversary-of-the-marikana-massacre-15-september-2021,https://www.seri-sa.org/index.php/more-news/1185-advocacy-seri-commemorates-the-9th-anniversary-of-the-marikana-massacre-15-september-2021,200,text/html,http,34676,e19c519274f71022dde23c6e2589690a743a0749cde2cdbc8a8c6f0a7134134e,trafilatura,,5086,788,c2ff1d31339a37e96bb15cf1c81d98e5caace5abe1ef195d61218ee03c5e4398,
EXP-NGO-016,acquired_extracted,Ten years since the Marikana massacre,2022,Socio-Economic Rights Institute of South Africa,expanded_ngo_candidates_batch2.csv,https://seri-sa.org/images/SERI_Press_statement__10_years_since_Marikana_FINAL.pdf,https://seri-sa.org/images/SERI_Press_statement__10_years_since_Marikana_FINAL.pdf,200,application/pdf,http,102384,26e925fae3ff1abf7427a8a317ade6bfd13b158d90dd30f1eeb7c76b5e0c6603,pypdf,1,3613,585,8803e3eaddbbb69c80f7ddf1956fa852e1a2507cea2a57d3338a80eedf2edba2,
EXP-NGO-017,acquired_extracted,11 years later: The victims of the Marikana Massacre still await justice,2023,Socio-Economic Rights Institute of South Africa,expanded_ngo_candidates_batch2.csv,https://www.seri-sa.org/images/Final_SERI_Press_statement__Marikana_11th_anniversary.pdf,https://www.seri-sa.org/images/Final_SERI_Press_statement__Marikana_11th_anniversary.pdf,200,application/pdf,http,108140,09bb2efefa4f2ea66c69e8d6cebd909ad99abb4dc09375513bcfd224c7e7622c,pypdf,2,6145,1010,c5b5b328665308e4d03074c5e895b129d408ccfd2b6f4ccdb1ccd356e078946e,
EXP-NGO-018,acquired_extracted,Marikana: Response to Solicitor General's Media Briefing,2023,Socio-Economic Rights Institute of South Africa,expanded_ngo_candidates_batch2.csv,https://www.seri-sa.org/images/FINAL_SERI_Press_statement__Marikana_claims_2023_20230818.pdf,https://www.seri-sa.org/images/FINAL_SERI_Press_statement__Marikana_claims_2023_20230818.pdf,200,application/pdf,http,179950,cbce267b64c94ee98ae71977cf36ee625e34a2e5465bb723d7d0f512534c7e82,pypdf,3,7636,1218,82580c21106c497ee8cc678af17895318c2d34b0b6a8fe83bd9de23ad52f319a,
EXP-NGO-019,acquired_extracted,South Africa: Marikana mine killings inquiry must be robust and visibly impartial,2012,Amnesty International,expanded_ngo_candidates_batch2.csv,https://www.amnesty.org.uk/knowledge-hub/all-resources/south-africa-marikana-mine-killings-inquiry-must-be-robust-and-visibly-impartial/,https://www.amnesty.org.uk/knowledge-hub/all-resources/south-africa-marikana-mine-killings-inquiry-must-be-robust-and-visibly-impartial/,200,text/html,http,173609,ee06683493df96088a38158ce507544a4933266673ce2634ed251834e2ecb32d,trafilatura,,3768,594,eaae0d787e76ec3575fd4fb77a231be77acbd0e7f37c3c5f0c9438bfc603c95d,
EXP-NGO-020,acquired_extracted,South Africa: Unlawful force and the pattern of concealment: Barriers to accountability for the killings at Marikana,2014,Amnesty International,expanded_ngo_candidates_batch2.csv,https://www.amnesty.org/en/wp-content/uploads/2023/05/AFR530042014ENGLISH.pdf,https://www.amnesty.org/en/wp-content/uploads/2023/05/AFR530042014ENGLISH.pdf,200,application/pdf,http,222144,2bcc160308c9a823a26ccea1e46b493d4e96f3a6072000fd0740207b2f1f8ffb,pypdf,23,44795,7158,17720fed8e7236714b452139faf6756f287cfe3d693d7d8ae5e991b348b8cf15,
EXP-NGO-021,acquired_extracted,South Africa: President Zuma must urgently make Marikana findings public,2015,Amnesty International,expanded_ngo_candidates_batch2.csv,https://www.amnesty.org/en/latest/news/2015/03/south-africa-president-zuma-marikana-findings/,https://www.amnesty.org/en/latest/news/2015/03/south-africa-president-zuma-marikana-findings/,200,text/html,http,111616,01d36d71659226b2ec8280c66d8ab88a9f2fa65cf5af67457ffde4507539e4f4,trafilatura,,6511,1061,892899c40e7f46909f2ed7fbe577532a3d9a1e7636e1571de9dc17eb8a1f1042,
EXP-NGO-022,acquired_extracted,South Africa: Marikana Commission Report only partly addresses accountability leaving families with a long struggle for closure,2015,Amnesty International,source_overrides,https://www.amnesty.org/en/wp-content/uploads/2023/06/AFR5321112015ENGLISH.pdf,https://www.amnesty.org/en/wp-content/uploads/2023/06/AFR5321112015ENGLISH.pdf,200,application/pdf,http,109326,41823df25c95f391379124fdb0fa22c9466c736ef9bf76548b2fc30d226c78fc,pypdf,3,7672,1223,30f3beb4fb29cb7e26f466b637babfc5c76c0946fc024c8f919e91ebb4432ca1,
EXP-NGO-023,acquired_extracted,South Africa: Suspend those behind the Marikana killings and subsequent cover-up,2015,Amnesty International,expanded_ngo_candidates_batch2.csv,https://www.amnesty.org/en/latest/news/2015/08/south-africa-suspend-those-behind-the-marikana-killings-and-subsequent-cover-up/,https://www.amnesty.org/en/latest/news/2015/08/south-africa-suspend-those-behind-the-marikana-killings-and-subsequent-cover-up/,200,text/html,http,117124,f2df3782d8d4d26d088ad5dc0dcbbf64b7997fce30d7ca77051dc6e065c10603,trafilatura,,4228,676,9f806dc4df116be01601f9e5693013cb00c3d7d14f4195eba5604803b94a987f,
EXP-NGO-024,acquired_extracted,Families request Marikana Report be released by Friday,2015,SERI / Legal Resources Centre,expanded_ngo_candidates_batch3.csv,https://seri-sa.org/images/Marikana_PressStatement_27May15_FINAL.pdf,https://seri-sa.org/images/Marikana_PressStatement_27May15_FINAL.pdf,200,application/pdf,http,121252,2105c0a6ebe36385e4f3f8dfd3e02f688ff9ba4d68731c09113480fb32d62a43,pypdf,1,3079,512,aabed8a2aae40d2ab70cfb7cd99047c99bbc1f14a5b6596c51b1b227e304c4fa,
EXP-NGO-025,acquired_extracted,Families of Marikana mineworkers file civil claims against Government,2015,SERI / Legal Resources Centre / Wits Law Clinic,expanded_ngo_candidates_batch3.csv,https://seri-sa.org/images/Marikana_PressStatement.pdf,https://seri-sa.org/images/Marikana_PressStatement.pdf,200,application/pdf,http,126131,5b27358e9f7fd4341301fb6f0e19ad05b0935529687109842995f090dbc69315,pypdf,1,2630,421,82668b174b62d43eda62e451afd97e748b662131e0c32da4bc1e222dd2014074,
EXP-NGO-026,acquired_extracted,Constitutional Court dismisses Legal Aid appeal,2015,Socio-Economic Rights Institute of South Africa,expanded_ngo_candidates_batch3.csv,https://seri-sa.org/images/MagidiwanaCCPress.pdf,https://seri-sa.org/images/MagidiwanaCCPress.pdf,200,application/pdf,http,86062,fae9972d72de5972d8539858d26668079b98ed1ae753f3e1722d5b0fa5e3c79a,pypdf,1,2306,370,b99fb347e5df1873365dae0554ca83b725b0fa5f35e5c2ab365774f1c854c675,
EXP-NGO-027,acquired_extracted,Marikana families left in the dark despite President’s assurances to the media,2015,Socio-Economic Rights Institute of South Africa,expanded_ngo_candidates_batch3.csv,https://seri-sa.org/images/MarikanaSettlements.pdf,https://seri-sa.org/images/MarikanaSettlements.pdf,200,application/pdf,http,134518,4e956dcb7a959cb346fea400c3905df19c3238214d54cfdc3625bff3189f4caf,pypdf,1,2831,452,507848024b312ab519e562faa946d51e68ec5477e3a240ca3d5be71ab7f479e7,
EXP-NGO-028,acquired_extracted,SERI stands by claims for damages made by the deceased miners' families against the state,2021,Socio-Economic Rights Institute of South Africa,expanded_ngo_candidates_batch3.csv,https://www.seri-sa.org/images/SERI_Press_statement__Marikana_Claims_FINAL.pdf,https://www.seri-sa.org/images/SERI_Press_statement__Marikana_Claims_FINAL.pdf,200,application/pdf,http,403565,71fc85c740307bd4ae18cbab3d73c6085cc70bf66d744936e6669830d720aced,pypdf,2,7072,1168,4034e0a9f140dc806f72584093090e8cdb119f74eba02db4502ed46ec63789a1,
EXP-NGO-029,acquired_extracted,Marikana Massacre 9th Commemoration,2021,Socio-Economic Rights Institute of South Africa,expanded_ngo_candidates_batch3.csv,https://www.seri-sa.org/images/FINAL_SERI_Press_statement__Marikana_9th_Commemoration.pdf,https://www.seri-sa.org/images/FINAL_SERI_Press_statement__Marikana_9th_Commemoration.pdf,200,application/pdf,http,373070,33b33a1c3608db41fc843a4d0f82662912804a76096f5bf5ef7ffaacbaf445fe,pypdf,1,3783,595,3899062f2de781569744c28842a7bb50dbdee50145df999f11ed21e293990a39,
EXP-NGO-030,acquired_extracted,SERI welcomes the release of the Marikana Panel of Experts Report on Policing and Crowd Management,2021,Socio-Economic Rights Institute of South Africa,expanded_ngo_candidates_batch3.csv,https://www.seri-sa.org/images/SERI_Press_statement-Panel_of_Experts_report_-_FINAL.pdf,https://www.seri-sa.org/images/SERI_Press_statement-Panel_of_Experts_report_-_FINAL.pdf,200,application/pdf,http,326795,704f9760b9ba1a5d155f7be046fa9650e566e1b3c94854925e637b5068ac6e6e,pypdf,2,4390,699,2b388731e9d9939df496d1eba85dd5707db0151f6c05a4d04e2a46a3cd3ddbdd,
NGO-SAT-001,acquired_extracted,Update on the Criminal Proceedings against the police for the killing of 37 Miners on 13 & 16 August 2012,2018,Socio-Economic Rights Institute of South Africa,expanded_ngo_candidates_saturation.csv,https://www.seri-sa.org/index.php/more-news/822-marikana-update-on-the-criminal-proceedings-against-the-police-for-the-killing-of-37-miners-on-13-16-august-2012-13-august-2018,https://www.seri-sa.org/index.php/more-news/822-marikana-update-on-the-criminal-proceedings-against-the-police-for-the-killing-of-37-miners-on-13-16-august-2012-13-august-2018,200,text/html,http,30677,f6ef6f08cb730271e1c56f3317faf66056854a94d689e3903fe548e54a763675,trafilatura,,3863,651,d17e0b27515fe8d5c609741dd54e7522d3a7fe40f76d38fd287a9804d938e0e0,
NGO-SAT-002,acquired_extracted,Mining Forum of South Africa and another v Minister of Mineral Resources and others,2019,High Court of South Africa / CER legal archive,expanded_ngo_candidates_saturation.csv,https://cer.org.za/virtual-library/judgments/high-courts/mining-forum-of-south-africa-and-another-v-minister-of-mineral-resources-and-others,https://cer.org.za/virtual-library/judgments/high-courts/mining-forum-of-south-africa-and-another-v-minister-of-mineral-resources-and-others,200,text/html,http,31770,9b5d596b0d45a91400728f17d1dc6d1a02c5bafad8f1cc03876eb885e03b344d,trafilatura,,1640,274,7036741634276ab0c8b64860b0c62ad45966efb74b4b791d352d41b909a62da1,
NGO-SAT2-001,acquired_extracted,Full Disclosure: The Truth about Corporate Environmental Compliance in South Africa,2015,Centre for Environmental Rights,expanded_ngo_candidates_saturation2.csv,https://fulldisclosure.cer.org.za/2015/download/CER-Full-Disclosure.pdf,https://fulldisclosure.cer.org.za/2015/download/CER-Full-Disclosure.pdf,200,application/pdf,http,2213241,887911061d189019796b56bc9c0d7056d5c4e183d5e3b2c08c1474d5afedd1b6,pypdf,165,598037,91846,b8c26e1e0a6aced2693559dcba0b1c338910df13cf775bff97b07f7c35318212,
SERI-SAT2-001,acquired_extracted,Department of Justice is Misleading the Public about Marikana Families,2012,Socio-Economic Rights Institute of South Africa,expanded_ngo_candidates_saturation2.csv,https://www.seri-sa.org/images/stories/press_statement_marikana_28oct12.pdf,https://www.seri-sa.org/images/stories/press_statement_marikana_28oct12.pdf,200,application/pdf,http,50735,d20aa592b96aa6a67c3bddbfdfad8acdea02c8218ed2faf52d2b79adde185204,pypdf,1,3118,517,6035dcf1d4a67a4e0c45f88e689e123d4233694a0d05a1029bce2223707df585,
SERI-SAT2-002,acquired_extracted,SERI to seek international scrutiny of police action by the Marikana Commission of Inquiry,2012,Socio-Economic Rights Institute of South Africa,expanded_ngo_candidates_saturation2.csv,https://www.seri-sa.org/images/stories/marikana_pressrelease_10oct12.pdf,https://www.seri-sa.org/images/stories/marikana_pressrelease_10oct12.pdf,200,application/pdf,http,103830,7f313945c02a26ce7b0a43e7a8676241df2026dedc43748bfb4a14a1f9db55fb,pypdf,1,2417,378,100b7281d8a49b258ba5f8eef4f1f3e708f67103af4ca4e2b0a5365ba8db3ec0,
SERI-SAT2-003,acquired_extracted,Families to make closing arguments before the Marikana Commission,2014,Socio-Economic Rights Institute of South Africa,expanded_ngo_candidates_saturation2.csv,https://www.seri-sa.org/images/Marikana_press_statement_10Nov14.pdf,https://www.seri-sa.org/images/Marikana_press_statement_10Nov14.pdf,200,application/pdf,http,153643,5c424b498067cf90b6342441f91ac83101b9b1dfe3459ae234e64b25a20a97a9,pypdf,2,8440,1409,50c452469f8e3eebe469b8cb526f087bf86836b5c161ace6ff6e05c75d572583,
SERI-SAT2-004,acquired_extracted,Marikana legal funding: correcting inaccurate reports,2014,Socio-Economic Rights Institute of South Africa,expanded_ngo_candidates_saturation2.csv,https://www.seri-sa.org/images/Marikana_PressStatement_20Jul14.pdf,https://www.seri-sa.org/images/Marikana_PressStatement_20Jul14.pdf,200,application/pdf,http,97822,38552c1119c42d70ae1e5c346c1043b29a8ae741b6d27460a0af32cdd280d734,pypdf,1,3800,667,6f5875c95711b24c9c1eff3ff75e9da1c2b489a16dbd32bdbf053c7a1910f8f2,
expanded_official_candidates__EXP-OFFICIAL-001,acquired_extracted,David Bruce Submissions to the Marikana Commission,2014,David Bruce / Marikana Commission,expanded_official_candidates.csv,https://www.justice.gov.za/comm-mrk/docs/201411-HoA-DaveBruce.pdf,https://www.justice.gov.za/comm-mrk/docs/201411-HoA-DaveBruce.pdf,200,application/pdf,http,1405281,ac4c7b0231bfc7bbaa86bd41c78f50d4b6ed30d2bc6bb742f06d04bd403ba107,pypdf,65,176973,28695,2881c9c4a98a3e53d0dc7f3e6c4344888db7deb26c2e287d19e4ab1c74d12959,
expanded_official_candidates__EXP-OFFICIAL-002,acquired_extracted,Mabelane Fundi Heads of Argument,2014,Mabelane Fundi / Marikana Commission,expanded_official_candidates.csv,https://www.justice.gov.za/comm-mrk/docs/201411-HoA-MabelaneFundi.pdf,https://www.justice.gov.za/comm-mrk/docs/201411-HoA-MabelaneFundi.pdf,200,application/pdf,http,271127,7a79fd4cb10bf9302cc91d63f490a223ac789cbd63e308da7706608ebd7f00cc,pypdf,53,50386,8164,1a951750ceb240b663ed8eea08ffb98c3de693f4370248569d6c287d8d6be25c,
expanded_official_candidates__EXP-OFFICIAL-003,acquired_extracted,How can the South African Police Service prevent another Marikana?,2014,Gareth Newham / Institute for Security Studies,expanded_official_candidates.csv,https://www.justice.gov.za/comm-mrk/docs/20140409-SeminarPhase02-Newham.pdf,https://www.justice.gov.za/comm-mrk/docs/20140409-SeminarPhase02-Newham.pdf,200,application/pdf,http,258758,9e12036137ed5214d6b377f083ac23ba848d15dc3434d667719f297c0e94475b,pypdf,21,11654,1740,c6c124a261234f471b6f92f7ed979a77adf3dfa6bb579e1014a019ae72d83511,
expanded_official_candidates__EXP-OFFICIAL-004,acquired_extracted,Explaining violence in strikes,2014,Crispen Chinguno / SWOP,expanded_official_candidates.csv,https://www.justice.gov.za/comm-mrk/docs/20140409-SeminarPhase02-Chinguno.pdf,https://www.justice.gov.za/comm-mrk/docs/20140409-SeminarPhase02-Chinguno.pdf,200,application/pdf,http,145320,3d7bb24dad995a860577bd2062b226b8aa3025fa7d630ec7ac1a770b5154c41f,pypdf,20,8900,1271,69c58b25d169c562e7eb71d4e5049830ae2e97abeaaa9577afd59a75a060a2fe,
expanded_official_candidates__EXP-OFFICIAL-005,acquired_extracted,Strike Violence: An Alternative Avenue,2014,Edward Webster / SWOP,expanded_official_candidates.csv,https://www.justice.gov.za/comm-mrk/docs/20140409-SeminarPhase02-Webster.pdf,https://www.justice.gov.za/comm-mrk/docs/20140409-SeminarPhase02-Webster.pdf,200,application/pdf,http,828066,374d2bbba3a3f29df82a546beaf45bd0143335ec456d76780ff0faa9a8a3b50d,pypdf,20,7407,1111,0e6f796f50614b470537c237be98fad229324209401ce16667ab35469b3c74c3,
expanded_official_candidates__EXP-OFFICIAL-006,acquired_extracted,Understanding the causes and re-thinking the future post the strike wave,2014,Gavin Hartford,expanded_official_candidates.csv,https://www.justice.gov.za/comm-mrk/docs/20140409-SeminarPhase02-Hartford.pdf,https://www.justice.gov.za/comm-mrk/docs/20140409-SeminarPhase02-Hartford.pdf,200,application/pdf,http,934440,48a5403ab54feaeab2cf04d94446c5dd0fcc944f254427771e828add76098338,pypdf,18,9147,1189,736b6a8224deb7efcb57dbc884d8940f08aa91bcc7ffb9bbca5bb28e94edf950,
expanded_official_candidates__EXP-OFFICIAL-007,acquired_extracted,Mining & Migrancy,2014,Francis Wilson,expanded_official_candidates.csv,https://www.justice.gov.za/comm-mrk/docs/20140409-SeminarPhase02-Wison.pdf,https://www.justice.gov.za/comm-mrk/docs/20140409-SeminarPhase02-Wison.pdf,200,application/pdf,http,2263911,0a7d25db2e540affe506ca37fc202c2d8d1d1fcdda077c6707b8adda6c7aceb9,pypdf,31,10542,1658,f6143221ef07278afe72150d9cf5b2e57ee437ed6080704c418c1896f909e80d,
expanded_official_candidates__EXP-OFFICIAL-008,acquired_extracted,Workers Bypassing Unions: How to Respond?,2014,Ian Macun / Department of Labour,expanded_official_candidates.csv,https://www.justice.gov.za/comm-mrk/docs/20140331-SeminarPhase02-platinum.pdf,https://www.justice.gov.za/comm-mrk/docs/20140331-SeminarPhase02-platinum.pdf,200,application/pdf,http,158803,4dfada089fe9791d9af9a95e3e89d6171ee89af04adaacede1367f6b010427ed,pypdf,4,10295,1626,6637d15dfc4f674bef0bfb8057013848d79ae47c5095ea7c395cff17d6590d8d,
expanded_official_candidates__EXP-OFFICIAL-009,acquired_extracted,Resolving labour tensions in African mining – the effective regulation of industrial democracy,2014,John Brand,expanded_official_candidates.csv,https://www.justice.gov.za/comm-mrk/docs/20140331-SeminarPhase02-SAIIA-Roundtable.pdf,https://www.justice.gov.za/comm-mrk/docs/20140331-SeminarPhase02-SAIIA-Roundtable.pdf,200,application/pdf,http,5706605,cc61ce5fa1c3c4120beddee2e0eee69bc1447a080642dd5aeb3553ddf5ac6e32,pypdf,43,8736,1235,8825ab2318ab4f6951ed03e04952b36b5662b84dac3f86c4860fa284bcdfe95b,
expanded_official_candidates__EXP-OFFICIAL-010,acquired_extracted,Post-apartheid Trade Union Role and Weaknesses,2014,Sakhela Buhlungu / University of Cape Town,expanded_official_candidates.csv,https://www.justice.gov.za/comm-mrk/docs/20140331-SeminarPhase02-UCT.pdf,https://www.justice.gov.za/comm-mrk/docs/20140331-SeminarPhase02-UCT.pdf,200,application/pdf,http,438231,bc59eb0d949aaa7006987c9bc7595275024a83b9da931b7f26ea067c507695a0,pypdf,11,2579,332,80121081a666ef695f72d2d33714e024fb0e86ac6a2a9f3d9bc4a3d7a7c1304e,
expanded_official_candidates__EXP-OFFICIAL-011,acquired_extracted,Opening Statement on behalf of the families of 21 striking miners killed on 16 August 2012,2012,Counsel for the Families / SERI archive,expanded_official_candidates.csv,https://www.seri-sa.org/images/stories/marikana_opening_submissions_final.pdf,https://www.seri-sa.org/images/stories/marikana_opening_submissions_final.pdf,200,application/pdf,http,89002,025b5a1089aec88ead63636b8b7a3e5f2de37564d67e84ea8a5ad534efe9f7f0,pypdf,10,13321,2198,9cd252c705457cd19adaa14f11fe58e22c40bd4f85dfa9b697fd6b86fbda213e,
expanded_official_candidates__EXP-OFFICIAL-012,acquired_extracted,Monene Family Heads of Argument,2014,Monene Family / SERI archive,expanded_official_candidates.csv,https://www.seri-sa.org/images/Monene_Heads.pdf,https://www.seri-sa.org/images/Monene_Heads.pdf,200,application/pdf,http,567792,079e7e62a672cfecb365e74542d3c2987fc92e77e369205c3c050e35bfd9fae6,pypdf,55,56064,9709,baeec3a7c99a7b343170c0de105cbfefd58992bce68d843c8efaa264ce12213f,
EXP-OFFICIAL-013,acquired_extracted,Lepaaku and Baloyi Families Written Submissions,2014,Lepaaku and Baloyi Families / SERI archive,expanded_official_candidates.csv,https://www.seri-sa.org/images/Lepaaku_Baloyi_Heads.pdf,https://www.seri-sa.org/images/Lepaaku_Baloyi_Heads.pdf,200,application/pdf,http,1192652,1f0f2fbb2bdabef4b57aa29d3e6d160896fbf953feb200b8ac827274a1e77249,pypdf,64,95551,15488,c7e7a4542751c1a9f8349f74bf154d4eafe924511e804c56a0f1610cf102f43f,
expanded_official_candidates_batch1__EXP-OFFICIAL-001,acquired_extracted,Submission by Robert David Bruce,2014,Marikana Commission / Robert David Bruce,expanded_official_candidates_batch1.csv,https://www.justice.gov.za/comm-mrk/docs/201411-HoA-DaveBruce.pdf,https://www.justice.gov.za/comm-mrk/docs/201411-HoA-DaveBruce.pdf,200,application/pdf,http,1405281,ac4c7b0231bfc7bbaa86bd41c78f50d4b6ed30d2bc6bb742f06d04bd403ba107,pypdf,65,176973,28695,2881c9c4a98a3e53d0dc7f3e6c4344888db7deb26c2e287d19e4ab1c74d12959,
expanded_official_candidates_batch1__EXP-OFFICIAL-002,acquired_extracted,Mabelane Fundi Heads of Argument,2014,Marikana Commission / representatives of Mabelane and Fundi,expanded_official_candidates_batch1.csv,https://justice.gov.za/comm-mrk/docs/201411-HoA-MabelaneFundi.pdf,https://justice.gov.za/comm-mrk/docs/201411-HoA-MabelaneFundi.pdf,200,application/pdf,http,271127,7a79fd4cb10bf9302cc91d63f490a223ac789cbd63e308da7706608ebd7f00cc,pypdf,53,50386,8164,1a951750ceb240b663ed8eea08ffb98c3de693f4370248569d6c287d8d6be25c,
expanded_official_candidates_batch1__EXP-OFFICIAL-003,acquired_extracted,How can the South African Police Service prevent another Marikana?,2014,Gareth Newham / Marikana Commission Phase 2,expanded_official_candidates_batch1.csv,https://www.justice.gov.za/comm-mrk/docs/20140409-SeminarPhase02-Newham.pdf,https://www.justice.gov.za/comm-mrk/docs/20140409-SeminarPhase02-Newham.pdf,200,application/pdf,http,258758,9e12036137ed5214d6b377f083ac23ba848d15dc3434d667719f297c0e94475b,pypdf,21,11654,1740,c6c124a261234f471b6f92f7ed979a77adf3dfa6bb579e1014a019ae72d83511,
expanded_official_candidates_batch1__EXP-OFFICIAL-004,acquired_extracted,Explaining violence in strikes,2014,Crispen Chinguno / Marikana Commission Phase 2,expanded_official_candidates_batch1.csv,https://www.justice.gov.za/comm-mrk/docs/20140409-SeminarPhase02-Chinguno.pdf,https://www.justice.gov.za/comm-mrk/docs/20140409-SeminarPhase02-Chinguno.pdf,200,application/pdf,http,145320,3d7bb24dad995a860577bd2062b226b8aa3025fa7d630ec7ac1a770b5154c41f,pypdf,20,8900,1271,69c58b25d169c562e7eb71d4e5049830ae2e97abeaaa9577afd59a75a060a2fe,
expanded_official_candidates_batch1__EXP-OFFICIAL-005,acquired_extracted,Strike Violence: An Alternative Avenue,2014,Edward Webster / Marikana Commission Phase 2,expanded_official_candidates_batch1.csv,https://www.justice.gov.za/comm-mrk/docs/20140409-SeminarPhase02-Webster.pdf,https://www.justice.gov.za/comm-mrk/docs/20140409-SeminarPhase02-Webster.pdf,200,application/pdf,http,828066,374d2bbba3a3f29df82a546beaf45bd0143335ec456d76780ff0faa9a8a3b50d,pypdf,20,7407,1111,0e6f796f50614b470537c237be98fad229324209401ce16667ab35469b3c74c3,
expanded_official_candidates_batch1__EXP-OFFICIAL-006,acquired_extracted,Understanding the causes and re-thinking the future post the strike wave,2014,Gavin Hartford / Marikana Commission Phase 2,expanded_official_candidates_batch1.csv,https://www.justice.gov.za/comm-mrk/docs/20140409-SeminarPhase02-Hartford.pdf,https://www.justice.gov.za/comm-mrk/docs/20140409-SeminarPhase02-Hartford.pdf,200,application/pdf,http,934440,48a5403ab54feaeab2cf04d94446c5dd0fcc944f254427771e828add76098338,pypdf,18,9147,1189,736b6a8224deb7efcb57dbc884d8940f08aa91bcc7ffb9bbca5bb28e94edf950,
expanded_official_candidates_batch1__EXP-OFFICIAL-007,acquired_extracted,Mining & Migrancy,2014,Francis Wilson / Marikana Commission Phase 2,expanded_official_candidates_batch1.csv,https://www.justice.gov.za/comm-mrk/docs/20140409-SeminarPhase02-Wison.pdf,https://www.justice.gov.za/comm-mrk/docs/20140409-SeminarPhase02-Wison.pdf,200,application/pdf,http,2263911,0a7d25db2e540affe506ca37fc202c2d8d1d1fcdda077c6707b8adda6c7aceb9,pypdf,31,10542,1658,f6143221ef07278afe72150d9cf5b2e57ee437ed6080704c418c1896f909e80d,
expanded_official_candidates_batch1__EXP-OFFICIAL-008,acquired_extracted,Resolving labour tensions in African mining – The effective regulation of industrial democracy,2014,John Brand / Marikana Commission Phase 2,expanded_official_candidates_batch1.csv,https://www.justice.gov.za/comm-mrk/docs/20140331-SeminarPhase02-SAIIA-Roundtable.pdf,https://www.justice.gov.za/comm-mrk/docs/20140331-SeminarPhase02-SAIIA-Roundtable.pdf,200,application/pdf,http,5706605,cc61ce5fa1c3c4120beddee2e0eee69bc1447a080642dd5aeb3553ddf5ac6e32,pypdf,43,8736,1235,8825ab2318ab4f6951ed03e04952b36b5662b84dac3f86c4860fa284bcdfe95b,
expanded_official_candidates_batch1__EXP-OFFICIAL-009,acquired_extracted,Post-apartheid Trade union role and weaknesses,2014,Sakhela Buhlungu / Marikana Commission Phase 2,expanded_official_candidates_batch1.csv,https://www.justice.gov.za/comm-mrk/docs/20140331-SeminarPhase02-UCT.pdf,https://www.justice.gov.za/comm-mrk/docs/20140331-SeminarPhase02-UCT.pdf,200,application/pdf,http,438231,bc59eb0d949aaa7006987c9bc7595275024a83b9da931b7f26ea067c507695a0,pypdf,11,2579,332,80121081a666ef695f72d2d33714e024fb0e86ac6a2a9f3d9bc4a3d7a7c1304e,
expanded_official_candidates_batch1__EXP-OFFICIAL-010,acquired_extracted,Workers Bypassing Unions: How to Respond?,2014,Ian Macun / Department of Labour / Marikana Commission Phase 2,expanded_official_candidates_batch1.csv,https://www.justice.gov.za/comm-mrk/docs/20140331-SeminarPhase02-platinum.pdf,https://www.justice.gov.za/comm-mrk/docs/20140331-SeminarPhase02-platinum.pdf,200,application/pdf,http,158803,4dfada089fe9791d9af9a95e3e89d6171ee89af04adaacede1367f6b010427ed,pypdf,4,10295,1626,6637d15dfc4f674bef0bfb8057013848d79ae47c5095ea7c395cff17d6590d8d,
expanded_official_candidates_batch2__EXP-OFFICIAL-011,acquired_extracted,Submission by CASAC to the Marikana Commission of Inquiry,2013,Council for the Advancement of the South African Constitution (CASAC) / Marikana Commission,expanded_official_candidates_batch2.csv,https://justice.gov.za/comm-mrk/exhibits/Exhibit-FFF-17.pdf,https://justice.gov.za/comm-mrk/exhibits/Exhibit-FFF-17.pdf,200,application/pdf,http,841269,21d134da8d87ec8c70a5d13a39efbfe6afb2331fe2239d092ee002c676eceb0b,pypdf,37,98689,16315,e108c7007167790fc35cd3b3dd95637038d149f596f56b277ecb65e8a3b53f9d,
expanded_official_candidates_batch2__EXP-OFFICIAL-012,acquired_extracted,Statement of Professor Christof Heyns with annexures,2013,Prof Christof Heyns / SAHRC / Marikana Commission,expanded_official_candidates_batch2.csv,https://www.justice.gov.za/comm-mrk/exhibits/Exhibit-FFF-24.pdf,https://www.justice.gov.za/comm-mrk/exhibits/Exhibit-FFF-24.pdf,200,application/pdf,http,5453509,d06c7023632295da2d59e3facd55522dd8d2ce9667a0e936261fe56ead7376f0,tesseract_ocr_last_resort,47,115922,18325,23bfc8e86a63504fe77b8c5e02bd7a2999db18d195c1777486a0e6f59e03b8ae,
EXP-OFFICIAL-015,acquired_extracted,Monene Family Heads of Argument,2014,Monene Family / Marikana Commission,expanded_official_candidates_batch3.csv,https://www.seri-sa.org/images/Monene_Heads.pdf,https://www.seri-sa.org/images/Monene_Heads.pdf,200,application/pdf,http,567792,079e7e62a672cfecb365e74542d3c2987fc92e77e369205c3c050e35bfd9fae6,pypdf,55,56064,9709,baeec3a7c99a7b343170c0de105cbfefd58992bce68d843c8efaa264ce12213f,
EXP-OFFICIAL-016,acquired_extracted,Lepaaku and Baloyi Families Written Submissions,2014,Lepaaku and Baloyi Families / Marikana Commission,expanded_official_candidates_batch3.csv,https://www.seri-sa.org/images/Lepaaku_Baloyi_Heads.pdf,https://www.seri-sa.org/images/Lepaaku_Baloyi_Heads.pdf,200,application/pdf,http,1192652,1f0f2fbb2bdabef4b57aa29d3e6d160896fbf953feb200b8ac827274a1e77249,pypdf,64,95551,15488,c7e7a4542751c1a9f8349f74bf154d4eafe924511e804c56a0f1610cf102f43f,
