candidate_id,title,year,publisher,metadata_source,source_url,final_url,raw_sha256,text_sha256,text_words
OFFICIAL-001,AMCU Heads of Argument,2014,AMCU,institutional_replacement_candidates,https://www.justice.gov.za/comm-mrk/docs/201411-HoA-AMCU.pdf,https://www.justice.gov.za/comm-mrk/docs/201411-HoA-AMCU.pdf,4f2b5a56bb32eef8f4d49513e3f823eb1df9e71b82480217fec74715afaba116,2329ab8cdbe3f8fa3df7ee773e7e983be5312963fdc8b679bdef89a76073d5e8,57418
OFFICIAL-002,Bapo ba Mogale Heads of Argument,2014,Bapo ba Mogale,institutional_replacement_candidates,https://www.justice.gov.za/comm-mrk/docs/201411-HoA-BapoBaMogale.pdf,https://www.justice.gov.za/comm-mrk/docs/201411-HoA-BapoBaMogale.pdf,f95ee11427c53a93dda576ce51a8ea7ca9e088a20e5a408807aa3c40a2f37bb0,bf91091cb4bf84e25d30f185ba2eb3585778bf3380225d4784d38d5dc3502d81,4217
OFFICIAL-003,DMR-Shabangu Heads of Argument,2014,DMR / Minister Shabangu,institutional_replacement_candidates,https://www.justice.gov.za/comm-mrk/docs/201411-HoA-DMR-Shabangu.pdf,https://www.justice.gov.za/comm-mrk/docs/201411-HoA-DMR-Shabangu.pdf,2113706d2dd3caa2d41289923e5a960b2844042c990cedc78b8e057672d17f2c,6b1f4805dfd69f53ebc360bc503b2b311d775ab7af9a98129f671e1b48133e1b,4315
OFFICIAL-004,Heads of Argument of Evidence Leaders,2014,Evidence Leaders,institutional_replacement_candidates,https://www.justice.gov.za/comm-mrk/docs/201411-HoA-EvidenceLeaders.pdf,https://www.justice.gov.za/comm-mrk/docs/201411-HoA-EvidenceLeaders.pdf,a278e432d0c7e22d539d92e89710f6a5487653f084de5620bea9062ea30f893d,23c1739b2abac91354f6fca02e35d78cbf6714e03f18f14b2266b1fba9a6c8be,169508
OFFICIAL-005,Heads of Argument on behalf of Families,2014,Families,institutional_replacement_candidates,https://www.justice.gov.za/comm-mrk/docs/201411-HoA-Families.pdf,https://www.justice.gov.za/comm-mrk/docs/201411-HoA-Families.pdf,10cee97065638472c3bde3dbf49acb2385a68a908d57b5d7a9c9bef4bc5568a4,70c17181247f0ce84bef334de5ae637a90ca73a96cc74d59a5d106cf104a0c52,76233
OFFICIAL-006,Heads of Argument of Injured and Arrested Persons,2014,Injured and Arrested Persons,institutional_replacement_candidates,https://www.justice.gov.za/comm-mrk/docs/201411-HoA-InjuredArrested.pdf,https://www.justice.gov.za/comm-mrk/docs/201411-HoA-InjuredArrested.pdf,432dd7ab85996f0c5a091e61a2e1e0fcb2352c2f886a814e9f005fb956c4b8a0,356f1855cd0637e8952cc67ecdc60abc4b4d9c4f5a4c2cab6c9f67b8f1af8574,73475
OFFICIAL-007,Lonmin Heads of Argument,2014,Lonmin,institutional_replacement_candidates,https://www.justice.gov.za/comm-mrk/docs/201411-HoA-Lonmin.pdf,https://www.justice.gov.za/comm-mrk/docs/201411-HoA-Lonmin.pdf,c4f2c87596610a942adf5ac339aef291b5e8e3c75372ff95e61ff01af3b14cb4,7a1dea39f6bc18d27fd2050bce1996955fb9c838726b48ee52abea3a793aaec0,45510
OFFICIAL-008,Heads of Argument of the Legal Resources Centre (Phase 1) on behalf of the Ledingoane Family and Bench Marks Foundation,2014,Bench Marks Foundation / Ledingoane Family (represented by Legal Resources Centre),institutional_replacement_candidates,https://www.justice.gov.za/comm-mrk/docs/201411-HoA-LRC.pdf,https://www.justice.gov.za/comm-mrk/docs/201411-HoA-LRC.pdf,a2a3e9661ff56739109e52b44d1c03cdee28a2c5d4a5e6c0dfe4d3e1243d2545,e39dd93f27f073f128fb6c50ab29c473fba989b2e83646aca1e7d0fa10e46d9f,69796
OFFICIAL-009,Mthethwa Heads of Argument,2014,Nathi Mthethwa,institutional_replacement_candidates,https://www.justice.gov.za/comm-mrk/docs/201411-HoA-Mthethwa.pdf,https://www.justice.gov.za/comm-mrk/docs/201411-HoA-Mthethwa.pdf,3a5b1dd209b8d180ed94f99085c9d03b23064dabbf6a41856ffde9697ef06cec,bfd0a684460875b41cbf670bf87267be4b49664ba7d0ed4383feda231024e40e,6369
OFFICIAL-010,NUM & Mrs Fundi Heads of Argument,2014,NUM and Mrs Fundi,institutional_replacement_candidates,https://www.justice.gov.za/comm-mrk/docs/201411-HoA-NUM-MrsFundi.pdf,https://www.justice.gov.za/comm-mrk/docs/201411-HoA-NUM-MrsFundi.pdf,2e4ec90d5f431c7f457a1016c189e0d01f377b5de27971fd57c16540ef033984,3fdc8bf2a63f46b2df2e4212f34f53a78de15400010c50235f7f6284855cf532,43558
OFFICIAL-011,Ramaphosa Heads of Argument,2014,Cyril Ramaphosa,institutional_replacement_candidates,https://www.justice.gov.za/comm-mrk/docs/201411-HoA-Ramaphosa.pdf,https://www.justice.gov.za/comm-mrk/docs/201411-HoA-Ramaphosa.pdf,3ef8af1f25f3408d100e257fcc89e47e00be9b4af7e484c3e709f2e5c5893745,bdcfe8c8aad8cdb0c2176d8947348b78d3978d681bc1d1a9bccee3b136b8c3b2,16541
OFFICIAL-012,SAHRC Heads of Argument,2014,South African Human Rights Commission,institutional_replacement_candidates,https://www.justice.gov.za/comm-mrk/docs/201411-HoA-SAHRC.pdf,https://www.justice.gov.za/comm-mrk/docs/201411-HoA-SAHRC.pdf,34ceabb20c67c27db1464179ea8be21bf8fe520e019b6cc43af3ab95be37d458,03b10259e1a7e2acefcae919fa0509fb4a3386c52f439713e626ff1d07ce6b39,174794
OFFICIAL-013,SAPS Heads of Argument,2014,South African Police Service,institutional_replacement_candidates,https://www.justice.gov.za/comm-mrk/docs/201411-HoA-SAPS.pdf,https://www.justice.gov.za/comm-mrk/docs/201411-HoA-SAPS.pdf,9401038ee48a2c514e7c90494a834eb393ecda9a12a50158201af4623a4efa9f,7c5a4d3f62e15a5ee9d23835f7d705486ff89e66b8ffa2bb6b9bb8897c0457fc,57836
INST-001,Marikana Commission of Inquiry: Report on matters of public national and international concern arising out of tragic incidents at Lonmin Mine in Marikana,2015,South African Human Rights Commission mirror of official Farlam report,source_overrides,https://www.sahrc.org.za/home/21/files/marikana-report-1.pdf,https://sahrc.org.za/home/21/files/marikana-report-1.pdf,6dc14bc3df9126bb337c42af38eab6efb3f598521a80ab51265bff71ad6de66c,163a99e15ce37d18416ec8c0240fbd9d2295b43369d59437a4481394241b391d,153495
INST-002,Policy Gap 6: A Review of Platinum Mining in the Bojanala District of the North West Province,2012,Bench Marks Foundation,retrieval_manifest,https://www.bench-marks.org.za/wp-content/uploads/2021/02/rustenburg_review_policy_gap_final_aug_2012.pdf,https://www.bench-marks.org.za/wp-content/uploads/2021/02/rustenburg_review_policy_gap_final_aug_2012.pdf,251a4f08358bf84872fbd216832e8f2c13582629254e594fe4825880a6869ade,11211d480bd110f3ad9a047f1571a99f6af3aa7929786c2fa79123f56b604079,51202
INST-005,Statement on behalf of the deceased miners' families represented before the Marikana Commission of Inquiry,2013,Socio-Economic Rights Institute of South Africa,retrieval_manifest,https://justice.gov.za/comm-mrk/exhibits/Exhibit-FFF-26.pdf,https://justice.gov.za/comm-mrk/exhibits/Exhibit-FFF-26.pdf,a7dc18f133703008c2714a215f68fa105efe5c971a954c7242d15707b840b095,202893e33c78b34d58da9f4c3629db2c8d187835c2ed2238dd883f94618e1f31,267
INST-003,Zero Hour: Poor Governance of Mining and the Violation of Environmental Rights in South Africa,2016,Centre for Environmental Rights,retrieval_manifest,https://cer.org.za/wp-content/uploads/2016/06/Zero-Hour-May-2016.pdf,https://cer.org.za/wp-content/uploads/2016/06/Zero-Hour-May-2016.pdf,c7ae6ae2b71b3fe1a176659468ec949ea9883f077137c7d69159990677099048,06825b5e4c0e90c89c8d6ae213ddf8adc1785cd3021d902cec4ce08a8a146ab7,62089
MEDIA-001,Lonmin killings hurt SA as mining destination,2012,Mining Weekly,retrieval_manifest,https://www.miningweekly.com/article/lonmin-killings-hurt-sa-as-mining-destination-2012-09-10,https://www.miningweekly.com/article/lonmin-killings-hurt-sa-as-mining-destination-2012-09-10,1e05385dedf7bf8e31f3e85d97309295512f46322e238a99116fb540b295d356,2baf16255b351cd39de6f66ea1a78fde9add9c6bdef55dffbc8777ceaa6f1b89,1075
MEDIA-002,Lonmin's killing fields: the inevitable tragic next move,2012,Daily Maverick,retrieval_manifest,https://www.dailymaverick.co.za/article/2012-08-17-lonmins-killing-fields-the-inevitable-tragic-next-move/,https://www.dailymaverick.co.za/article/2012-08-17-lonmins-killing-fields-the-inevitable-tragic-next-move/,05dbb4e81220c2b717c11386ceb944c5ed5a46fed8e9b34e989d7b62b668322d,7dd4399a36895df63e383406f6829917b5fc670737d155cd1b39b8b4b3510bb2,1205
MEDIA-003,Lonmin: Malema fans the flames but the victims are still out in the cold,2012,Daily Maverick,retrieval_manifest,https://www.dailymaverick.co.za/article/2012-08-18-lonmin-malema-fans-the-flames-but-the-victims-are-still-out-in-the-cold/,https://www.dailymaverick.co.za/article/2012-08-18-lonmin-malema-fans-the-flames-but-the-victims-are-still-out-in-the-cold/,38d34431e0b57e728319cd719e85df97407fbe7b555f273b7e03e6e84e7873e3,ad7f9339bb80d256c291459733ad8888ed53913973663e5086f6adf3947de7b3,2194
MEDIA-004,Marikana: Police torture takes centre stage,2012,Daily Maverick,retrieval_manifest,https://www.dailymaverick.co.za/article/2012-08-28-marikana-police-torture-takes-central-stage/,https://www.dailymaverick.co.za/article/2012-08-28-marikana-police-torture-takes-central-stage/,315d5bbc9e18e0c05821e6d82940be30990149d4d047f3cc1f940ea9d30a0f87,6823488070f8637201f6485e7c1678e0b25fb031012d4de1d46c2e7b658e25b5,1236
MEDIA-005,Marikana eyewitness: He raised his hands they shoot him in the head,2012,Daily Maverick,retrieval_manifest,https://www.dailymaverick.co.za/article/2012-09-06-marikana-eyewitness-he-raised-his-hands-they-shoot-him-in-the-head/,https://www.dailymaverick.co.za/article/2012-09-06-marikana-eyewitness-he-raised-his-hands-they-shoot-him-in-the-head/,78ef241e07ccc4ca2e28e19e0f83684c0389f0e2a2f14b60aec0f3ecd153e85b,c7e506a9597340efb24b8c3f7c2dccd1ac0452b37c03debd5fbad90883fdcd30,1165
MEDIA-006,Marikana: Mourning families and their forgotten legal rights,2012,Daily Maverick,retrieval_manifest,https://www.dailymaverick.co.za/article/2012-08-28-marikana-mourning-families-and-their-forgotten-legal-rights/,https://www.dailymaverick.co.za/article/2012-08-28-marikana-mourning-families-and-their-forgotten-legal-rights/,7815f904ef9cbcdf9e586fa40ee9a3d2b543a1c7697cb9317dbc9e924d1cdb7d,75a60d9c89b60dc5f0cb4300f5c6911e952d005fa07524248f0b4470a5a8e445,1357
MEDIA-007,FIVE MINUTES: SOUTH AFRICA 16 August 2012,2012,Daily Maverick,retrieval_manifest,https://www.dailymaverick.co.za/article/2012-08-16-five-minutes-south-africa-16-august-2012/,https://www.dailymaverick.co.za/article/2012-08-16-five-minutes-south-africa-16-august-2012/,1299899abccd9172b4bfdefe225d42c35fefee404f78dca3778db7a73be6bd49,a28c1b1c9591aadca97f55f17a227a89884c6e9ee63138d81d66e9917291b2c5,1013
MEDIA-008,Lonmin commemorates deceased mineworkers describes massacre as catalyst for change,2013,Mining Weekly,retrieval_manifest,https://www.miningweekly.com/article/lonmin-commemorates-deceased-mineworkers-describes-massacre-as-catalyst-for-change-2013-08-23,https://www.miningweekly.com/article/lonmin-commemorates-deceased-mineworkers-describes-massacre-as-catalyst-for-change-2013-08-23,209df8e8b435e45073e2743a10161250122fe5b36397feadcdecd41829f3e17f,33df94c4dc071e31a220428290a8e9514abe0fd4d97f5a0a24b1620bb03f2d74,1096
MEDIA-009,Economy failed miners says AMCUs Mathunjwa,2013,Mining Weekly,retrieval_manifest,https://www.miningweekly.com/article/economy-failed-miners-says-amcus-mathunjwa-2013-08-16,https://www.miningweekly.com/article/economy-failed-miners-says-amcus-mathunjwa-2013-08-16,2cb70bf36a6d89961511bd606b90a243df2f03c749bfc7be5df83d11d0d34a56,da57ceba1c62254d7a042da0a7c3082c650170d16477a4acfa1159a6f3a7d1ed,614
MEDIA-010,Slain Marikana workers to be remembered,2013,Mining Weekly,retrieval_manifest,https://www.miningweekly.com/article/slain-marikana-workers-to-be-remembered-2013-08-13,https://www.miningweekly.com/article/slain-marikana-workers-to-be-remembered-2013-08-13,3d7ad6f9a99e52966c0af9f863beba6e4abcf20c66dafb7e81e3236c1e12fb3f,4e69553c50d5aebbe2143f6f911833ffe51800b29c392bdf205e7abced504227,840
MEDIA-011,Marikana one year later: the hell above and below ground,2013,Daily Maverick,retrieval_manifest,https://www.dailymaverick.co.za/article/2013-08-16-marikana-one-year-later-the-hell-above-and-below-ground/,https://www.dailymaverick.co.za/article/2013-08-16-marikana-one-year-later-the-hell-above-and-below-ground/,3120f84998da82e5fcb9af5b542938b1ed0913e27768063739c1d8df88eea213,1a166f5793921ecea06af25411a5c954cb70dbc518fa068cdd77b8a0ec845f12,1744
MEDIA-012,Ramaphosa says negotiation was Marikana panacea,2014,Mining Weekly,retrieval_manifest,https://www.miningweekly.com/article/negotiation-was-marikana-panacea-ramaphosa-2014-08-11,https://www.miningweekly.com/article/negotiation-was-marikana-panacea-ramaphosa-2014-08-11,9e22b2a60315e508ff200573cf725971bae15d6c803a0f9f40ada0909dcdc356,edab384124e0ab38110243c11517904760d71a21ed61980f0b661a57cd1431d4,1001
MEDIA-013,Ramaphosa questioned about Marikana inaction,2014,Mining Weekly,retrieval_manifest,https://www.miningweekly.com/article/ramaphosa-questioned-about-marikana-inaction-2014-08-12,https://www.miningweekly.com/article/ramaphosa-questioned-about-marikana-inaction-2014-08-12,66c21132aa420649fff6c13601d20aa51af25f0941437e38d097821839e6323d,7eca024ba909dab5f7c424731ea32fcba06ec2b2c6237d280f11f8525211bb26,685
MEDIA-014,Lonmin affirms Farlam report,2015,Mining Weekly,retrieval_manifest,https://www.miningweekly.com/article/lonmin-affirms-farlam-report-2015-08-21,https://www.miningweekly.com/article/lonmin-affirms-farlam-report-2015-08-21,d9439f7ff3cddff5799a69c1e3dba3857ce44b7f2729e21b37a4f1faa84024a0,a475ba3fa020d47c538f742760723846d547332a90f1f1a400bf75fa29cb9698,767
MEDIA-015,NUM welcomes further investigation recommendation defends member actions,2015,Mining Weekly,retrieval_manifest,https://www.miningweekly.com/article/num-welcomes-further-investigation-recommendation-defends-member-actions-2015-06-26,https://www.miningweekly.com/article/num-welcomes-further-investigation-recommendation-defends-member-actions-2015-06-26,e6cea48850e3808eff3060e186f6aacebd636887f35d418796a4c9079d76ff67,06dad4aea3bb1d14483f863d2af85a74779f3ee8cd79336a497ad6c35392f952,1203
MEDIA-016,Lonmin unveils design proposal for Marikana memorial park showcases new apartments,2017,Mining Weekly,retrieval_manifest,https://www.miningweekly.com/article/lonmin-unveils-design-proposal-for-marikana-memorial-park-showcases-new-apartments-2017-08-15,https://www.miningweekly.com/article/lonmin-unveils-design-proposal-for-marikana-memorial-park-showcases-new-apartments-2017-08-15,d5422f55d6cb675e735a9ec893d009cbcbce322bfad333123ebf21f1fd0c81d4,83def0e825670814873daa068fcc12af8e098db976df5e2603884e4305ec6136,907
MEDIA-017,Six years on there is no accountability for the elite police unit shootings at Marikana Scene 2,2018,Daily Maverick,retrieval_manifest,https://www.dailymaverick.co.za/article/2018-08-16-six-years-on-there-is-no-accountability-for-the-elite-police-unit-shootings-at-marikana-scene-2/,https://www.dailymaverick.co.za/article/2018-08-16-six-years-on-there-is-no-accountability-for-the-elite-police-unit-shootings-at-marikana-scene-2/,a87a93bce3616d986f2653a1c9c88665dcaeec6e6006fc30ca64da27a0d7a64a,6cfdce2ce3a789b738dbf0c8689dd8a7fb7395ed0201ad3d44d1829411759b00,1846
MEDIA-018,Sibanye hosts Marikana memorial lecture,2020,Mining Weekly,retrieval_manifest,https://www.miningweekly.com/article/sibanye-hosts-marikana-memorial-lecture-2020-08-14,https://www.miningweekly.com/article/sibanye-hosts-marikana-memorial-lecture-2020-08-14,62b7f314b8b7e191d8ecc2a8b71f337bfed385d36ca93ae84e9e1b386b34b19e,2c8d60b709cc129a754b5efac02330a35bce85f24ff47f5c99bee0a80ec4b086,1154
MEDIA-019,Marikana: The unfolding of a never-ending tragedy,2021,Daily Maverick,retrieval_manifest,https://www.dailymaverick.co.za/article/2021-08-14-marikana-the-unfolding-of-a-never-ending-tragedy/,https://www.dailymaverick.co.za/article/2021-08-14-marikana-the-unfolding-of-a-never-ending-tragedy/,4e3a396d7a2d4a4c92020db75136822ea9d3c7fdd8ddb8857f3305d9ff110f57,a4028b0469f47c91edd08cf951e53adb7830645fb37608c81622fc07ae5c6aed,3077
MEDIA-020,Families of slain Marikana mine workers reflect on decade of betrayal,2022,Daily Maverick,retrieval_manifest,https://www.dailymaverick.co.za/article/2022-08-15-marikana-families-of-slain-mineworkers-reflect-on-10-years-of-betrayal/,https://www.dailymaverick.co.za/article/2022-08-15-marikana-families-of-slain-mineworkers-reflect-on-10-years-of-betrayal/,7c38d88d3658855249f47e6886f08c445ecb94287395c32d43edb2d830b6bd14,6ccb3b81face2a2553d834e1f45bf8271d2f1fde76c315de877313595d190a35,1455
MEDIA-021,The smell of blood comes back to me as I think of Marikana,2022,Daily Maverick,retrieval_manifest,https://www.dailymaverick.co.za/article/2022-08-15-the-smell-of-blood-comes-back-to-me-as-i-remember-sas-dark-day-in-a-north-west-village/,https://www.dailymaverick.co.za/article/2022-08-15-the-smell-of-blood-comes-back-to-me-as-i-remember-sas-dark-day-in-a-north-west-village/,55a1cc07303a1dd5dc93f19cd6e019a545869e9d29390d1bc2ecc7251254eee1,8823b8e05ebbfa07a7abdf5b00cdd056c1b3e76983d284ce591408153e36d788,501
MEDIA-022,"Lonmin Q1 2014 mining production down 10%, will revise full-year guidance as result of strikes",2014,Mining Weekly,retrieval_manifest,https://www.miningweekly.com/article/lonmin-q1-2014-mining-production-down-10-will-revise-full-year-guidance-as-result-of-strikes-2014-01-30,https://www.miningweekly.com/article/lonmin-q1-2014-mining-production-down-10-will-revise-full-year-guidance-as-result-of-strikes-2014-01-30,fdbf8b9c78706f70f4acca637736ab065851754435abfe8a934c011ab81fc334,396f6738d4eea771b916be6808589f3a3700585532b8df9e0d4be6e3003b275d,822
MEDIA-023,AMCU members defy call to return to work,2014,Engineering News,retrieval_manifest,https://www.engineeringnews.co.za/article/amcu-members-defy-call-to-return-to-work-2014-05-14,https://www.engineeringnews.co.za/article/amcu-members-defy-call-to-return-to-work-2014-05-14,598ec28659d7432cf8ac76fae73c51e52b2471ef002a9b87b9f7427d6e0068c0,6af4090da393751b5bb61720747916424f76f7e8100aa237a0c5ce52d4348618,543
MEDIA-024,"Lonmin, AMCU celebrate finalisation of landmark BEE equity deal",2014,Mining Weekly,retrieval_manifest,https://www.miningweekly.com/article/lonmin-amcu-celebrate-finalisation-of-landmark-bee-equity-deal-2014-12-12,https://www.miningweekly.com/article/lonmin-amcu-celebrate-finalisation-of-landmark-bee-equity-deal-2014-12-12,b5932c175d7e074a30c4dbe83344c0bfca14e4deb8f96465cf895c4a8107287c,3ffb2c1161ceeeeb6c9ec3c9296f44d940fca2c67395036998153683a2106cf5,962
MEDIA-025,"Farlam wants workers housed, Mining Charter goes to court, coal firms transform for Eskom",2015,Mining Weekly,retrieval_manifest,https://www.miningweekly.com/article/farlam-wants-workers-housed-mining-charter-goes-to-court-coal-firms-transform-for-eskom-2015-06-26,https://www.miningweekly.com/article/farlam-wants-workers-housed-mining-charter-goes-to-court-coal-firms-transform-for-eskom-2015-06-26,5a976f88f36de8835f3723ef67e1c76407b4761f0d990336aef08e6d5581088e,9b50f81754ffe002d4e2de9358ad98ea8c502b129b7948cf87ec0ba0786803c9,854
MEDIA-026,"Lonmin cuts workforce, shrinks capex, lowers unit costs",2015,Mining Weekly,retrieval_manifest,https://www.miningweekly.com/article/lonmin-cuts-workforce-shrinks-capex-lowers-unit-costs-2015-11-13,https://www.miningweekly.com/article/lonmin-cuts-workforce-shrinks-capex-lowers-unit-costs-2015-11-13,5276e1b0b8c86e61498ca3d2ea7202bf8069ea372937da02ab6ba70ca13663f4,73a291d895a1f1e5bdbb7a3ce83dca82f13cc996a82ff039755d4be66de41609,866
MEDIA-027,Corobrik's quality face bricks used in the construction of Marikana's housing project,2016,Engineering News,retrieval_manifest,https://www.engineeringnews.co.za/article/corobriks-quality-face-bricks-used-in-the-construction-of-marikanas-housing-project-2016-05-23,https://www.engineeringnews.co.za/article/corobriks-quality-face-bricks-used-in-the-construction-of-marikanas-housing-project-2016-05-23,113543dee8c532426dd775881eeab73070cda77474df4224f020ebf7d4a68c8c,3b2a699a7485abccf8898778df3ce4e502040aa806c3b63c1058fec30fe7f7e9,765
MEDIA-028,"Objectives are to cut fixed costs, minimise capex, up efficiencies",2017,Mining Weekly,retrieval_manifest,https://www.miningweekly.com/article/objectives-are-to-cut-fixed-costs-minimise-capex-up-efficiencies-2017-04-07,https://www.miningweekly.com/article/objectives-are-to-cut-fixed-costs-minimise-capex-up-efficiencies-2017-04-07,9a36cac350228679d177cda677e96e94e69ea7e75cb18d182f3f4129874af24a,b3e91d51d7748897d37ea3ed3a213c622e349978ef41061c6613e6aefa3a4e80,793
MEDIA-029,The lost platinum sector jobs are not coming back,2019,Daily Maverick,retrieval_manifest,https://www.dailymaverick.co.za/article/2019-10-24-the-lost-platinum-sector-jobs-are-not-coming-back/,https://www.dailymaverick.co.za/article/2019-10-24-the-lost-platinum-sector-jobs-are-not-coming-back/,de47396cb9e3e13a17f61fb111116a20fda49e4d8a5cd0b9d0ab81af39006297,87c746807464b44ce7cc29f4de3d33ac00efbc9d6115e44c3c572cd530aa5557,1303
MEDIA-030,"One decade on, the Marikana mine has seen a turnaround in fortunes and is making a punchy profit",2022,Daily Maverick,retrieval_manifest,https://www.dailymaverick.co.za/article/2022-08-14-one-decade-on-the-marikana-mine-has-seen-a-turnaround-in-fortunes-and-is-making-a-punchy-profit/,https://www.dailymaverick.co.za/article/2022-08-14-one-decade-on-the-marikana-mine-has-seen-a-turnaround-in-fortunes-and-is-making-a-punchy-profit/,9436d9d63626f2f9a5e4081668dddccf69e64d650a79bc81f5951f1b6f674f5f,396285d7aca0c92cd390e086048d084c1081fee2013d9a5316de042e5abc881a,829
MEDIA-031,Lonmin donates 50 ha of land for residential development,2013,Mining Weekly,retrieval_manifest,https://www.miningweekly.com/article/lonmin-donates-50-ha-of-land-for-residential-development-2013-10-29,https://www.miningweekly.com/article/lonmin-donates-50-ha-of-land-for-residential-development-2013-10-29,2317857a481a4dc271957e962a995a5fa697d998166cf878eea4a31926763374,f15bdc75caa4292e77d6090dee3e8431cc21e5b4870a1731eee6262c42bf6bc2,605
MEDIA-032,80 000 AMCU workers on strike in platinum sector,2014,Mining Weekly,retrieval_manifest,https://www.miningweekly.com/article/80-000-amcu-workers-on-strike-in-platinum-sector-2014-01-23,https://www.miningweekly.com/article/80-000-amcu-workers-on-strike-in-platinum-sector-2014-01-23,98440da0510f217ea981cad5402b89372a7763de6fd91a5b7f081234d6c1182a,2f6cb9918160f43f34334c1b37f3b2e52117cde181fb6a9002e2b39985d5cace,1229
MEDIA-033,Strike-hit mothers have no food to put on the table – Lonmin,2014,Mining Weekly,retrieval_manifest,https://www.miningweekly.com/article/strike-hit-mothers-have-no-food-to-put-on-the-table-lonmin-2014-04-03,https://www.miningweekly.com/article/strike-hit-mothers-have-no-food-to-put-on-the-table-lonmin-2014-04-03,e1680e6c1396d23c25afc97ec5596e20ee7e92b23cdb7cc746f716764851ec97,d0d8ad3f9a97f83d690cfdf1aee34adabd26c811affcb9d66b3a98536ae8f3dc,1284
MEDIA-034,Miners regress on ARV treatment – Lonmin,2014,Mining Weekly,retrieval_manifest,https://www.miningweekly.com/article/miners-regress-on-arv-treatment-lonmin-2014-04-14,https://www.miningweekly.com/article/miners-regress-on-arv-treatment-lonmin-2014-04-14,7287897971cc6944c961101b2ee93726074a0efc5bc75949b7edd4bb93c4fb08,32dff3710011ff2a46ffbbff828f71baf03bf4288a32ce55691254150f772aee,624
MEDIA-035,"AMCU opens strike fund for members, calls for donations",2014,Mining Weekly,retrieval_manifest,https://www.miningweekly.com/article/amcu-opens-strike-fund-for-members-calls-for-donations-2014-04-15,https://www.miningweekly.com/article/amcu-opens-strike-fund-for-members-calls-for-donations-2014-04-15,d9bd7cfaeddbe1350475af37dbf46b73ab07671a4cd04b646c48291def5023d3,9dbe8e388e1624b1067350570175ab5ab5763cda7b8f0edcd0f8dd3f54111cd3,681
MEDIA-036,AMCU considering all options – negotiator,2014,Mining Weekly,retrieval_manifest,https://www.miningweekly.com/article/amcu-considering-all-options-negotiator-2014-05-29,https://www.miningweekly.com/article/amcu-considering-all-options-negotiator-2014-05-29,b78023aa20d526d0e2a5259e90226b1562b2f7704dc8c5f222d61aa795cab9ec,0c0e4bc7b7e86b31ace62b8cacc6633f07a188a650e90439d759cd75403e76ae,742
MEDIA-037,Housing Miners,2014,Mining Weekly,retrieval_manifest,https://www.miningweekly.com/article/housing-miners-2014-11-11,https://www.miningweekly.com/article/housing-miners-2014-11-11,339c76dbb507323af3d201cf77c9f88efd3019806e9cf35cb48f3e195d6efbb7,22494656646156ca166a0185f09816764624b90424c18c7038a7c97832c9f8bf,1746
MEDIA-038,"AMCU stands firm on R12 500 demand, Lonmin calls on union to reconsider 9%",2014,Mining Weekly,retrieval_manifest,https://www.miningweekly.com/article/amcu-stands-firm-on-r12-500-demand-lonmin-calls-on-union-to-reconsider-9-2014-04-03,https://www.miningweekly.com/article/amcu-stands-firm-on-r12-500-demand-lonmin-calls-on-union-to-reconsider-9-2014-04-03,94af77cd1071d34ef1ff0b069069b1da5ac05f260e76724bc3bfa7eb4bf37364,040191d4838fb1777e4c09bf3b6553008fa940f303d62c3ea45a45d3654639b0,812
MEDIA-039,Mining towns get R18bn facelift,2015,Mining Weekly,retrieval_manifest,https://www.miningweekly.com/article/mining-towns-get-r18bn-facelift-2015-07-01,https://www.miningweekly.com/article/mining-towns-get-r18bn-facelift-2015-07-01,5c5eb03414e37af8a5cc456d35d06cff4f7514e4143b6b97c3312e341f979ddc,2476688ef14727bae85106700546f0003da44f6bee589cfe367bc2795104b523,1622
MEDIA-040,"Farlam finds against Lonmin, recommends enforced housing delivery",2015,Mining Weekly,retrieval_manifest,https://www.miningweekly.com/article/farlam-finds-against-lonmin-recommends-enforced-housing-delivery-2015-06-25,https://www.miningweekly.com/article/farlam-finds-against-lonmin-recommends-enforced-housing-delivery-2015-06-25,6db317a34425e65310dc1b8879d1b68a53b2b2d2091ccda4348e7c5eda8ed37f,aba4d988ecb1f984c9db7485d4c394169b2fa8f19b35715076ae73c371b0fff0,2195
MEDIA-041,Govt commits billions for revitalisation of mining-dependent communities,2016,Mining Weekly,retrieval_manifest,https://www.miningweekly.com/article/govt-commits-billions-for-revitalisation-of-mining-dependent-communities-2016-02-05,https://www.miningweekly.com/article/govt-commits-billions-for-revitalisation-of-mining-dependent-communities-2016-02-05,d121d075c16ad5bf0da71954dce84516e14e31ea71e383c09b56038fbd98e3a2,78ef36ebc8c5ed54d1c5436b8a35d9c3dce35e30f14f226a1c1dcffcc34f68d1,1676
MEDIA-042,Nothing off table as Lonmin pursues value in low platinum price environment,2017,Mining Weekly,retrieval_manifest,https://www.miningweekly.com/article/nothing-off-table-as-lonmin-pursues-value-in-low-platinum-price-environment-2017-04-07,https://www.miningweekly.com/article/nothing-off-table-as-lonmin-pursues-value-in-low-platinum-price-environment-2017-04-07,9575ff8c2e2c808efbb80c8b947a8cc1941d980f837e7c4587168673cbd137bc,6061ab8372dc8705607ee2e80f22eddb1823540cd28139c51c8ee580384ec589,2194
MEDIA-043,"Sibanye-Stillwater to acquire embattled Lonmin, completes PGMs strategy",2017,Mining Weekly,retrieval_manifest,https://www.miningweekly.com/article/sibanye-stillwater-to-acquire-embattled-lonmin-in-all-share-offer-2017-12-14,https://www.miningweekly.com/article/sibanye-stillwater-to-acquire-embattled-lonmin-in-all-share-offer-2017-12-14,e5bd1dee9adf60c78f83e0667dee43725b1a4bafea1f43629b9b4cf06fabc0d0,b9892834f1cbe860c528349fc2ba8afeb493eabf13b4937863f076cd452c1196,1607
MEDIA-044,Lonmin transaction filed with South Africa's competition authority,2018,Mining Weekly,retrieval_manifest,https://www.miningweekly.com/article/lonmin-transaction-filed-with-south-africas-competition-body-2018-03-30,https://www.miningweekly.com/article/lonmin-transaction-filed-with-south-africas-competition-body-2018-03-30,294714404648a36b740ab5da82d69ed23ed93fc7075566f5b23a9f3516dfb718,10452e2ceaf61ca07457392bc02492cb741ec4b6116c53439d6d23c0d66f2e85,461
MEDIA-045,Reserve Bank approves Sibanye's buyout of Lonmin,2018,Mining Weekly,retrieval_manifest,https://www.miningweekly.com/article/reserve-bank-approves-sibanyes-buyout-of-lonmin-2018-05-15,https://www.miningweekly.com/article/reserve-bank-approves-sibanyes-buyout-of-lonmin-2018-05-15,2ee5b21992c73e7d2117bb1110d7dd7e324522164654ac82b32f6bb1c3b9189d,f4a5a5898d9205af007a8513614c350494b9e634a67d916f3b44a7028781356c,613
MEDIA-046,UK regulatory body approves Sibanye's acquisition of Lonmin,2018,Mining Weekly,retrieval_manifest,https://www.miningweekly.com/article/uk-regulatory-body-approves-sibanyes-acquisition-of-lonmin-2018-06-28,https://www.miningweekly.com/article/uk-regulatory-body-approves-sibanyes-acquisition-of-lonmin-2018-06-28,f1d2b8ed949e7c3ba2056c4125d4d5a4c313b400cc0fc5283708a9fa5a84b2bd,b0de2eeb946d6b7ca282f9c428e00ed9267c84a1645b8e6f38fddf088f391baa,514
MEDIA-047,"Tribunal approves Sibanye, Lonmin merger; imposes 6-month moratorium on retrenchments",2018,Mining Weekly,retrieval_manifest,https://www.miningweekly.com/article/tribunal-approves-sibanye-lonmin-merger-imposes-6-month-moratorium-on-retrenchments-2018-11-21,https://www.miningweekly.com/article/tribunal-approves-sibanye-lonmin-merger-imposes-6-month-moratorium-on-retrenchments-2018-11-21,584eea4d119a2545c32987204fbb3dcc3b767bf0213b1667c4e171035a58bd0f,bd469379229593a9cc3e5c58797db128797998c4ad643dda47ed2ae4c856fb90,614
MEDIA-048,"Lonmin undertakes refinancing, delivers on results promise",2018,Mining Weekly,retrieval_manifest,https://www.miningweekly.com/article/lonmin-undertakes-refinancing-delivers-on-results-promise-2018-10-22,https://www.miningweekly.com/article/lonmin-undertakes-refinancing-delivers-on-results-promise-2018-10-22,6e20bc4b1b620b16dbab7e2167e5da1b3a064febc78d9a24b307f90aa1004690,7494c609004d6dc2ee02157a889141687cd472ff8baf6a3a5feb8506b0bd7940,1360
MEDIA-049,"Sibanye, Lonmin merger enters final stretch as AMCU appeal is dismissed",2019,Mining Weekly,retrieval_manifest,https://www.miningweekly.com/article/sibanye-lonmin-merger-enters-final-stretch-as-amcu-appeal-is-dismissed-2019-05-17,https://www.miningweekly.com/article/sibanye-lonmin-merger-enters-final-stretch-as-amcu-appeal-is-dismissed-2019-05-17,866d6efb12dc7d6544bd66a3b7af875de62918981e5860debb801d389d6a27d2,c94122a498152a45f32f39b92e46070b1952569252c6da5a7e7ea715869e20d9,764
MEDIA-050,Rustenburg communities want ConCourt to set aside Sibanye's Lonmin takeover,2019,Mining Weekly,retrieval_manifest,https://www.miningweekly.com/article/rustenburg-communities-want-concourt-to-set-aside-sibanyes-lonmin-takeover-2019-07-19,https://www.miningweekly.com/article/rustenburg-communities-want-concourt-to-set-aside-sibanyes-lonmin-takeover-2019-07-19,30a3e793190ce163a6a5e4e383c52d3198c097f63cc687524b5588bc8ff16fe7,1a85d6200a97535e6e670285c20e61c67306760932021614286cc1e1935ea2d4,768
MEDIA-051,Sibanye plans to cut 5 270 jobs as it restructures Marikana operations,2019,Mining Weekly,retrieval_manifest,https://www.miningweekly.com/article/sibanye-plans-to-cut-5-270-jobs-as-it-restructures-marikana-operations-2019-09-25,https://www.miningweekly.com/article/sibanye-plans-to-cut-5-270-jobs-as-it-restructures-marikana-operations-2019-09-25,5265622d1b6b49c0d4760af5abd18ab70320566ed4916f39306d4c6722eb96ec,e71f25a7e3e093cbdf796ff91aa46bba8425c4b9cf21e82789161f1ff62a1674,976
MEDIA-052,Sibanye-Stillwater intensifies PGMs presence,2019,Mining Weekly,retrieval_manifest,https://www.miningweekly.com/article/sibanye-stillwater-intensifies-pgms-presence-2019-08-23,https://www.miningweekly.com/article/sibanye-stillwater-intensifies-pgms-presence-2019-08-23,7214d51c70f5d34835b0231fa11f404f0783655c824ef9b5d0f27f233b8fad3f,399add8961c0b17a5c6345b7a4731dda6c77c7a2cbcdc03501bd058dc7abd6e9,1201
MEDIA-053,Sibanye confirms final Marikana retrenchment figures,2020,Mining Weekly,retrieval_manifest,https://www.miningweekly.com/article/sibanye-confirms-final-marikana-retrenchment-figures-2020-01-16,https://www.miningweekly.com/article/sibanye-confirms-final-marikana-retrenchment-figures-2020-01-16,017ef735635da84b95b1aa3024608e3e08f04c8a8c21500e818734e3f15433a1,d538cb764f7e9652e7d9aa02e873b8a924439001623f27b70cd3e86cdc8eee80,551
MEDIA-054,"Sibanye launches campaign to reimagine, foster Marikana community of the future",2021,Mining Weekly,retrieval_manifest,https://www.miningweekly.com/article/sibanye-launches-campaign-to-reimagine-foster-marikana-community-of-the-future-2021-04-16,https://www.miningweekly.com/article/sibanye-launches-campaign-to-reimagine-foster-marikana-community-of-the-future-2021-04-16,8c0e8ed1ccbdda061c02bda2a8c8911a5e7297567bc74afe45a1bc7189ce239d,20a56b1c4dbea760ceef02a774ff6394ffc8128a44cb8116c89cbe89e841807e,1227
MEDIA-055,Sibanye to hold webcast series to aid healing and renewal in Marikana,2021,Mining Weekly,retrieval_manifest,https://www.miningweekly.com/article/sibanye-to-hold-webcast-series-to-aid-healing-and-renewal-in-marikana-2021-08-11,https://www.miningweekly.com/article/sibanye-to-hold-webcast-series-to-aid-healing-and-renewal-in-marikana-2021-08-11,10ee5538a376fca6a8be74763f4770b1397dbc19cf20ad08eb78bc3c17fd0f8b,2613ba3b2b86f52b948088b2ab4c973c98d9f933408eb9c735a403d25cb0a7a9,961
MEDIA-056,Amcu's Marikana PGM miners demand pay hikes of up to 40% from Sibanye,2022,Daily Maverick,retrieval_manifest,https://www.dailymaverick.co.za/article/2022-05-03-exclusive-amcus-marikana-pgm-miners-demand-pay-hikes-of-up-to-40-from-sibanye/,https://www.dailymaverick.co.za/article/2022-05-03-exclusive-amcus-marikana-pgm-miners-demand-pay-hikes-of-up-to-40-from-sibanye/,8111e589c655794fc1cb8e2c5eb3d45ff5afe78f1389b3805cd709da427e4fd7,39e628e6853f91deb9da67efeca2ae1201dcce06bdbc5bf9552f4a4fbde30aa4,615
MEDIA-057,"Mine workers have seen significant wage growth since Marikana, but social burdens undermine gains",2022,Daily Maverick,retrieval_manifest,https://www.dailymaverick.co.za/article/2022-07-24-mine-workers-have-seen-significant-wage-growth-since-marikana-but-social-burdens-undermine-gains/,https://www.dailymaverick.co.za/article/2022-07-24-mine-workers-have-seen-significant-wage-growth-since-marikana-but-social-burdens-undermine-gains/,5424da6d2f8f373d0bf11f2af63a7f208d83ed29a26a8d358501409abfb767fd,9a5336c74d76ef52480d800c3d0ee3237e633e6ffbd99d87a864cbc05256a367,1877
MEDIA-058,Marikana miners: We'll fight another 10 years to taste justice,2022,Daily Maverick,retrieval_manifest,https://www.dailymaverick.co.za/article/2022-08-13-mine-workers-symbolising-sas-tragic-day-well-fight-another-10-years-to-taste-justice/,https://www.dailymaverick.co.za/article/2022-08-13-mine-workers-symbolising-sas-tragic-day-well-fight-another-10-years-to-taste-justice/,433f6e7b1e6c44ae2ba1e60ef11caf111189b18f4e26b33c2304545d8c4f7406,1314f0f7a504f71769daf5fc0133eb761a1f305dbfe843446107a2093374f468,2080
CORP-001,Lonmin Plc Annual Report and Accounts 2012,2012,Lonmin Plc,source_overrides,https://www.annualreports.com/HostedData/AnnualReportArchive/l/LSE_LMI_2012.pdf,https://www.annualreports.com/HostedData/AnnualReportArchive/l/LSE_LMI_2012.pdf,8d52b61cb15ebf62ecdadc6edf8fd9ee0b3bff122ac9725b4681a898d1b1ac0a,544a9ffbe10c8e3f7d012fa4f6a4bb3392ad9ad5a9646b95b18c7a0791f63d9b,110199
CORP-002,Lonmin Plc Annual Report and Accounts 2013,2013,Lonmin Plc,source_overrides,https://www.annualreports.com/HostedData/AnnualReportArchive/l/LSE_LMI_2013.pdf,https://www.annualreports.com/HostedData/AnnualReportArchive/l/LSE_LMI_2013.pdf,d262b5ecbc5d39d6fa3c9a7184042451023db4b43806713e8438a826f183c6d3,097df1cc30eb00b79ca47ba1406c009f729c5b3742f301037f553faebe843545,122805
CORP-003,Lonmin Plc Annual Report and Accounts 2014,2014,Lonmin Plc,source_overrides,https://www.annualreports.com/HostedData/AnnualReportArchive/l/LSE_LMI_2014.pdf,https://www.annualreports.com/HostedData/AnnualReportArchive/l/LSE_LMI_2014.pdf,b6ca01afa36756f2170e2902ccdf6990a1a2a485ceb06f61197c0ae5b587bde9,21a259fe9aac57165c6ad3d241076c274136bbd0c5bab8ef5f32db08d15ff9f8,147966
CORP-004,Lonmin Plc Annual Report and Accounts 2016,2016,Lonmin Plc,source_overrides,https://www.annualreports.com/HostedData/AnnualReportArchive/l/LSE_LMI_2015.pdf,https://www.annualreports.com/HostedData/AnnualReportArchive/l/LSE_LMI_2015.pdf,0b06b6e678dd0f17b5ab74e54f82425a26d5458f6b8e3dd6cdc2e6b1535d3ff2,372d89213c079051a4bac59399ddaf01baedebdbccd07650d6011a60108bbdb9,147501
CORP-006,Lonmin Plc Annual Report and Accounts 2017,2017,Lonmin Plc,source_overrides,https://www.sibanyestillwater.com/wp-content/uploads/transactions/lonmin/final-offer/lonmin-year-end-30september2017.pdf,https://www.sibanyestillwater.com/wp-content/uploads/transactions/lonmin/final-offer/lonmin-year-end-30september2017.pdf,f090e434d42905aa01f232e8493c64ad1c6a824dde130028015ca0f649e84de4,cd825ea998391515fea0962ac1b0e7dfe0f85ff11af04c754283eea3fbdab665,41631
CORP-007,Lonmin Plc Annual Report and Accounts 2018,2018,Lonmin Plc,source_overrides,https://www.sibanyestillwater.com/wp-content/uploads/transactions/lonmin/lonmin-annual-report-2018.pdf,https://www.sibanyestillwater.com/wp-content/uploads/transactions/lonmin/lonmin-annual-report-2018.pdf,0b036a9e37cb21e6d33758be4da2dd9059b6725d4ecfab1f01ac810e169f5231,17dd284cce4cfd55bf9698e2ed0ad6bec3e5f35317fdca75fc0db181ffc07d55,98841
CORP-008,Sibanye-Stillwater Integrated Report 2019,2019,Sibanye-Stillwater,source_overrides,https://reports.sibanyestillwater.com/2019/,https://reports.sibanyestillwater.com/2019/,d61cdde3a53cb55de47fa3d5f0d355910ac44b204a1683b47b86b38c4b10dcd2,fbe4d902b6f9bb236364d0ad746066f34f4390f05ce19eaa6d47cd0873cf5f04,325
CORP-009,Sibanye-Stillwater Integrated Report 2020,2020,Sibanye-Stillwater,source_overrides,https://reports.sibanyestillwater.com/2020/,https://reports.sibanyestillwater.com/2020/,72e9fb5aedcbe5a9f147aed414df34ba722ecfe6ca5e61dc584aa58882eda921,09efb0bae2902b52bb5afd71974c067e54a5db339737805e2ca6d866e856e80b,2730
CORP-010,Sibanye-Stillwater Integrated Report 2021,2021,Sibanye-Stillwater,source_overrides,https://reports.sibanyestillwater.com/2021/,https://reports.sibanyestillwater.com/2021/,7a48736e328c6f1e8dfb35dcfde8b8aeedef032b09dbae1ae40455a4072bca1e,3be4a7993f2e0aa61c4778d8c7eba2f22f8fe400c7d5baae905685b1f8d4157a,3227
CORP-011,Sibanye-Stillwater Integrated Report 2022,2022,Sibanye-Stillwater,source_overrides,https://reports.sibanyestillwater.com/2022/,https://reports.sibanyestillwater.com/2022/,c19baeec80819d7f075306b452dff1a7a0ffe4810682f8179bd0650876073a3c,919e88000e6205c2a277b8445e630e8939fb7889aae8c4bcab3dca946e1619a5,301
CORP-012,Sibanye-Stillwater Integrated Report 2023,2023,Sibanye-Stillwater,source_overrides,https://reports.sibanyestillwater.com/2023/,https://reports.sibanyestillwater.com/2023/,18150edbfbbf520834b5654bc78a019b21f8f6cde17d79e7dedc8b2cd397b16d,29655d83953b9e9c9f469ae12314d18edec78828dbf7ff7adc8d578bec8e7791,2224
expanded_corporate_candidates__EXP-CORP-001,Lonmin Plc Annual Report and Accounts 2010,2010,Lonmin Plc,expanded_corporate_candidates.csv,https://www.annualreports.com/HostedData/AnnualReportArchive/l/LSE_LMI_2010.pdf,https://www.annualreports.com/HostedData/AnnualReportArchive/l/LSE_LMI_2010.pdf,3edf9c2173aa3e7a6ff2c8c9b475677dab0f95748fc4e5acab3a48c0f9b6a85f,cd7245bd1b06e44199067151d812f8df43022fce3f8f7bf759b6297e2ba54d55,91554
expanded_corporate_candidates__EXP-CORP-002,Lonmin Plc Annual Report and Accounts 2011,2011,Lonmin Plc,source_overrides,https://www.annualreports.co.uk/HostedData/AnnualReportArchive/l/LSE_LMI_2011.pdf,https://www.annualreports.co.uk/HostedData/AnnualReportArchive/l/LSE_LMI_2011.pdf,7235b2867f000f1ad9efc51956ab14fd7fc4ff031c0769adedca655b751938be,b2af45e17550f0b05990f74d4c1ab401cd4d24405b9814d796763ee4fe596711,79172
EXP-CORP-004,Lonmin Plc Sustainable Development Report 2016,2016,Lonmin Plc,expanded_corporate_candidates_batch1.csv,https://wikirate-production-storage.fra1.cdn.digitaloceanspaces.com/files/3336301/14042001.pdf,https://wikirate-production-storage.fra1.cdn.digitaloceanspaces.com/files/3336301/14042001.pdf,49c52996e06bbaca9ec0effe90baa77840e90af55a1d7593eddcb58eaf221d52,c07957d632d3e5bf28fac780f940842ac2b36c4b2a4b339ae8abd062fedace92,7223
EXP-CORP-005,Lonmin Plc Sustainable Development Report 2018,2018,Lonmin Plc,expanded_corporate_candidates_batch1.csv,https://www.sibanyestillwater.com/wp-content/uploads/transactions/lonmin/1548855505-lonmin-sdr-2018.pdf,https://www.sibanyestillwater.com/wp-content/uploads/transactions/lonmin/1548855505-lonmin-sdr-2018.pdf,ea89361c8c0ff455cf7181ac52e9b323731648c89a9a7d23b2ebf5a86e959c34,7d5c5c3f939e93d8363c93fadbec0fa9f95b94eb6e71757ef8103d28f355be9d,35914
CORP-NEWS-001,Sibanye-Stillwater enters Section 189 consultation with stakeholders at its Marikana operation and associated services,2019,Sibanye-Stillwater,expanded_corporate_candidates_news_releases.csv,https://www.resource-capital.ch/fileadmin/user_upload/25092019_EN_Sibanye-Stillwater_enters_Section_189_consultation_with_stakeholders_at_its_Marikana_operation_and_associated_services_25Sep2019.pdf,https://www.resource-capital.ch/fileadmin/user_upload/25092019_EN_Sibanye-Stillwater_enters_Section_189_consultation_with_stakeholders_at_its_Marikana_operation_and_associated_services_25Sep2019.pdf,9209a68c406f9cf0065425e2e97414fc16496d156cbc8a90c28618683ca4e079,c921dfb265e7d317ca23472c76c396ad674c01f179a6103399f48f04e34edcff,1438
CORP-NEWS-002,Constitutional Court of South Africa dismisses applications brought by Greater Lonmin Community,2019,Sibanye-Stillwater,expanded_corporate_candidates_news_releases.csv,https://thevault.exchange/?get_group_doc=245%2F1567694971-WithLogoConstitutionalCourtofSouthAfricadismissesapplicationsbroughtbyGreaterLonminCommunity5Sep2019.pdf,https://thevault.exchange/?get_group_doc=245%2F1567694971-WithLogoConstitutionalCourtofSouthAfricadismissesapplicationsbroughtbyGreaterLonminCommunity5Sep2019.pdf,474c3c024d6a8dfc7f0cc8b84b13410701605f23bb4f85831b2f9b6043fe1ffa,7bc0b9ee4b092a58e7c8f3cb4cb18a0cd30a266c32137cc7f6d01234d33e206d,1019
CORP-NEWS-003,Sibanye-Stillwater signs three-year PGM wage agreements,2019,Sibanye-Stillwater,expanded_corporate_candidates_news_releases.csv,https://thevault.exchange/?get_group_doc=245%2F1573812467-sibanye-stillwater-signs-three-year-pgm-agreements-15nov2019.pdf,https://thevault.exchange/?get_group_doc=245%2F1573812467-sibanye-stillwater-signs-three-year-pgm-agreements-15nov2019.pdf,922d2f83a21734ee6f938ba3e53a288f3f1063a460ed3745884c5321eeedb824,e2f08e1c08b0e587e091f40ef339074d012f23dc3ea8e95fa73b8b22adf25b6c,915
CORP-SAT-001,SA PGM wage negotiations,2019,Sibanye-Stillwater,expanded_corporate_candidates_saturation.csv,https://www.sibanyestillwater.com/features/2019/sa-pgm-wage-negotiations/,https://www.sibanyestillwater.com/features/2019/sa-pgm-wage-negotiations/,385158d43425c5e2d58b0faa46a5057e8329182c8023baeac3282e408c4d9529,1c0babde6aef02934b9b371e90d51e38f6d49b4443872a11031e054f8492fc31,120
CORP-SAT-002,Marikana Memorial,2020,Sibanye-Stillwater,expanded_corporate_candidates_saturation.csv,https://www.sibanyestillwater.com/features/2020/marikana-memorial/,https://www.sibanyestillwater.com/features/2020/marikana-memorial/,4c45ede3344eff822912aa5fe9b2d6574ff8cf4063c240017006ff19d224e0b0,7121f073ef0a463ef1b5b0d4882f9fdf77a1594e434e2ba42008172e1c0e9199,1292
CORP-SAT-003,Marikana Renewal,2021,Sibanye-Stillwater,expanded_corporate_candidates_saturation.csv,https://www.sibanyestillwater.com/features/2021/marikana-renewal/,https://www.sibanyestillwater.com/features/2021/marikana-renewal/,6020269a7f6893f0c9809b7ebcec1d3673c46f52f4e229db40a34f087b07f06b,7e6d46bc0fad0d753f8c39a2963df05380febe6c5195eee4ae82e641ed49921f,478
CORP-SAT-004,Marikana commemoration 2021,2021,Sibanye-Stillwater,expanded_corporate_candidates_saturation.csv,https://www.sibanyestillwater.com/features/2021/marikana-commemoration/,https://www.sibanyestillwater.com/features/2021/marikana-commemoration/,8a8ae1313aaf1f5e9fe225c613380bfba327e46be6c2e57e392bfcad4cdae0eb,09ff036b00f987cb4a5c41d299406af9e59b242de367fb6aa63afd906bfe7551,1688
EXP-GOV-003,North West Human Settlements on illegal occupants of Marikana houses,2016,North West Human Settlements / South African Government,expanded_government_candidates_batch1.csv,https://www.gov.za/speeches/illegal-occupants-houses-marikana-stand-be-evicted-19-apr-2016-0000,https://www.gov.za/speeches/illegal-occupants-houses-marikana-stand-be-evicted-19-apr-2016-0000,faa7b63925dbf65166341770aec6f84e4f98cc916f60d7d093c486573331ac7b,6fb631a8b527c4e1d0fb8400b2606e79def058a916bebf6fb79bc0fb5b08de18,202
EXP-GOV-004,Government remembers Marikana,2017,South African Government,expanded_government_candidates_batch1.csv,https://www.gov.za/speeches/government-remembers-marikana-16-aug-2017-0000,https://www.gov.za/speeches/government-remembers-marikana-16-aug-2017-0000,60e296241b10fbe195ebb80c05421ce1867b7dc5746aa280e519e66e3670347e,a880ae64675e86424877777003b225194dce13890304518720f08792aaecaee3,1066
EXP-GOV-005,Department of Human Settlements Embarks on Major Effort to Revitalise Distressed Mining Towns,2017,Parliament of South Africa,expanded_government_candidates_batch1.csv,https://www.parliament.gov.za/news/department-human-settlements-embarks-major-effort-revitalise-distressed-mining-towns,https://www.parliament.gov.za/news/department-human-settlements-embarks-major-effort-revitalise-distressed-mining-towns,4c0d07c58844e793f4c5f7282f539f366765b8245c9384ebee29081484e4d44d,0700122efff5cdb030751a3133dea36ee526f47f9d3c7f081c81543a1c3f205e,1141
EXP-GOV-010,Panel of Experts Report on Policing and Crowd Management,2018,Panel of Experts / Minister of Police,source_overrides,https://www.polity.org.za/attachment.php?aa_id=84996,https://cisp.cachefly.net/assets/articles/attachments/84996_pannel_of_experts_2021.pdf,5d2222e3f5ff12cf418d2d5def88f6825a640d805f30600361587522b9960f34,4964531a668baec7e9544509f914835905d9e62312133f29fbdd53571636d9f9,194376
EXP-GOV-011,Parliament requests update from SAPS on implementation of recommendations in Panel of Experts Report,2021,Parliament of South Africa,expanded_government_candidates_batch2.csv,https://www.gov.za/news/media-statements/parliament-requests-update-saps-implementation-recommendations-panel-experts,https://www.gov.za/news/media-statements/parliament-requests-update-saps-implementation-recommendations-panel-experts,061fc773466c6f1f09d15478057e25f72fa459ca626d37effd93ac3dda806b6d,a874f9779d8cde0f6fc6363e786ac8f462e9f6ee3dc11013771e5040f4b763c9,598
EXP-GOV-012,Panel of experts on Farlam Commission briefs Parliament,2017,South African Government News Agency,expanded_government_candidates_batch2.csv,https://www.sanews.gov.za/south-africa/panel-experts-farlam-commission-briefs-parliament,https://www.sanews.gov.za/south-africa/panel-experts-farlam-commission-briefs-parliament,fec0450b92be8059fafd43cdb6f4b2aab6c06724a1a9fb18f20b4ac940b7ec8f,18595e00a90f913abed53954235344df6f1fd5872a682e1d0e028dca41341387,650
GOV-SAT-001,Government on Marikana related litigation,2023,South African Government / GCIS,expanded_government_candidates_saturation.csv,https://www.gov.za/news/media-statements/government-marikana-related-litigation-17-aug-2023,https://www.gov.za/news/media-statements/government-marikana-related-litigation-17-aug-2023,728d61e6a62f9e8f752887f0a1f7de25adefc6535fe8b88b46b800927e29ba73,6ad177c39f8a76e61eb9d52e77d428bcca91e080c9404298470f3ba51a4026fd,603
WEB-GOV-001,Minister Nathi Nhleko says closure needed over Marikana,2015,South African Police Service / South African Government,expanded_government_candidates_web.csv,https://www.gov.za/news/media-statements/minister-nathi-nhleko-says-closure-needed-over-marikana-12-aug-2015,https://www.gov.za/news/media-statements/minister-nathi-nhleko-says-closure-needed-over-marikana-12-aug-2015,65898c4c4285a531f4782d6559e2e31330e6a7b31c27e9614c8d165ad0d59eca,25fc5c703a4e4348cbbbbc0cfde5613d14d10c10b28e2d152095a728330d92b8,236
WEB-GOV-002,Farlam recommendations being implemented,2016,South African Government News Agency,expanded_government_candidates_web.csv,https://www.sanews.gov.za/south-africa/farlam-recommendations-being-implemented,https://www.sanews.gov.za/south-africa/farlam-recommendations-being-implemented,902924b0233edd211b8b79a337b885fcc2218577b16ba0356b930b8908e8b9ca,aa5cfe8d298ca15ff1f32b386f152ece2181c7db59ae21de74ddd40a8608d1ca,976
WEB-GOV-003,Government remembers Marikana tragedy,2020,Government Communication and Information System,expanded_government_candidates_web.csv,https://www.gcis.gov.za/newsroom/media-releases/government-remembers-marikana-tragedy,https://www.gcis.gov.za/newsroom/media-releases/government-remembers-marikana-tragedy,2e658c7c5b854ea1a80536e3078056cf3a18b6021a608657bc19121693f10d41,b074680973488125e891351f3da6eaf95bbe2a0c6c25025be07d862ec79061eb,404
WEB-GOV-004,Government commemorates the Marikana tragedy,2022,South African Government,expanded_government_candidates_web.csv,https://www.gov.za/news/media-statements/government-commemorates-marikana-tragedy-16-aug-2022,https://www.gov.za/news/media-statements/government-commemorates-marikana-tragedy-16-aug-2022,f4f8089a44b6ee7f61d4efa4dcb7269a54030c8dd427f3bc6893c557fad79940,4a38ce28730e60d4ed9699c5a105d1b4a7b8a46c2c9edc4c6a1c1db82da5633c,1336
expanded_media_candidates__EXP-MEDIA-001,It's business unusual at 'improving' Lonmin – Munroe,2013,Mining Weekly,source_overrides,https://www.miningweekly.com/article/its-business-unusual-at-improving-lonmin-munroe-2013-03-15,https://www.miningweekly.com/article/its-business-unusual-at-improving-lonmin-munroe-2013-03-15,b3e1b82c70ea399187ba2c92dab7a4f8d510dca0d80c6b4dc8379c06a31b49cc,ffb49d257b8daddec1d9a03a0c45066ea9c771a0bd57f18400e88594d54fb862,1644
expanded_media_candidates__EXP-MEDIA-002,Lonmin accelerates union recognition process to ease Marikana tensions,2013,Mining Weekly,expanded_media_candidates.csv,https://www.miningweekly.com/article/lonmin-accelerates-union-recognition-process-to-ease-marikana-tensions-2013-05-17,https://www.miningweekly.com/article/lonmin-accelerates-union-recognition-process-to-ease-marikana-tensions-2013-05-17,c686fe5766b5d6a6a81839c949b34f0b7c9fb681c4f57f862656b0cdce528245,d455bf5a260bba4f231a999fd44580c03e6bedeea90c8ae27216bf82a75a300d,585
expanded_media_candidates__EXP-MEDIA-003,Lonmin to derecognise smaller unions in favour of AMCU,2013,Mining Weekly,expanded_media_candidates.csv,https://www.miningweekly.com/article/lonmin-to-derecognise-smaller-unions-in-favour-of-amcu-2013-08-23,https://www.miningweekly.com/article/lonmin-to-derecognise-smaller-unions-in-favour-of-amcu-2013-08-23,84b515e1e815969921c267f69a9fbd897c9c36fe0b94e6385f8fa69c69f836de,391256dff7e126cd5c5c9921a02b821e3a84ef5f2d478bde6dcb9f9e4ffbf941,729
expanded_media_candidates__EXP-MEDIA-004,NUM wants members at Lonmin back,2013,Mining Weekly,expanded_media_candidates.csv,https://www.miningweekly.com/article/num-wants-members-at-lonmin-back-2013-07-11,https://www.miningweekly.com/article/num-wants-members-at-lonmin-back-2013-07-11,f2d98beee49d1b1e9df6818256ba4d30f2974fb3e6541122e4f20f6ab6906db5,d404a4c9e124e1d3b0d69844cd268bf57dd2208377ac051fd85bcf3e79f1e603,501
expanded_media_candidates__EXP-MEDIA-005,NUM member gunned down at Lonmin hostel,2013,Mining Weekly,expanded_media_candidates.csv,https://www.miningweekly.com/article/num-member-gunned-down-at-lonmin-hostel-2013-06-03,https://www.miningweekly.com/article/num-member-gunned-down-at-lonmin-hostel-2013-06-03,6b08a70b9f0d7dc63cb909f57220f27ba8a67e212bc67012b31e958dae05918c,cae0ab0f706a29c799b2d52227b82dc7b35889a88bcb72f9243327b2cef93464,616
expanded_media_candidates__EXP-MEDIA-006,AMCU postpones Lonmin strike action pending meeting with Motlanthe,2013,Mining Weekly,expanded_media_candidates.csv,https://www.miningweekly.com/article/amcu-postpones-strike-action-pending-meeting-with-motlanthe-2013-06-13,https://www.miningweekly.com/article/amcu-postpones-strike-action-pending-meeting-with-motlanthe-2013-06-13,1b26d6352a6d74c3e54d96c1c90928906c6569547fdb136072a1be4155e98f8a,e83684f0425dca4daf42ae170fc590d0073d955611493053466a1a6686772f6b,1042
expanded_media_candidates__EXP-MEDIA-007,Union puts chamber on spot over alleged Lonmin breach,2013,Mining Weekly,expanded_media_candidates.csv,https://www.miningweekly.com/article/union-puts-chamber-on-spot-over-alleged-lonmin-breach-2013-09-06,https://www.miningweekly.com/article/union-puts-chamber-on-spot-over-alleged-lonmin-breach-2013-09-06,b6dbe24b550cc5112d1cc68b348e805021d6f8ee7b08af16f4ac24c39cdcbe0a,56b906b531737f7fa445d9308653221bc70f434a3d77f16926dd9f60e0317c57,1366
expanded_media_candidates__EXP-MEDIA-008,Solidarity gears up for Lonmin strike,2013,Mining Weekly,expanded_media_candidates.csv,https://www.miningweekly.com/article/solidarity-gears-up-for-lonmin-strike-2013-08-19,https://www.miningweekly.com/article/solidarity-gears-up-for-lonmin-strike-2013-08-19,6ba59388b2262a10ffd39bf93ba537a4ef28533847e8cf4c889905dbb2280d05,1b88cc2f5e445540a24832008eb395a200480a3317463ff354f83dcd0786ca9b,603
expanded_media_candidates__EXP-MEDIA-009,An end to platinum miner's single-sex hostels beckons,2014,Mining Weekly,expanded_media_candidates.csv,https://www.miningweekly.com/article/an-end-to-platinum-miners-single-sex-hostels-beckons-2014-03-28,https://www.miningweekly.com/article/an-end-to-platinum-miners-single-sex-hostels-beckons-2014-03-28,58c03ce2c237fbe03d2dc7e3cf304e311ad018926dd1dbbb5a07aeefcd90eb2d,25343bb3988501058268c1750729233a49ddbc23bd0b3d0ccaf6485b6ed90286,1836
expanded_media_candidates__EXP-MEDIA-010,Marikana report to Zuma by Tuesday,2015,Mining Weekly,expanded_media_candidates.csv,https://www.miningweekly.com/article/marikana-report-to-zuma-by-tuesday-2015-03-30,https://www.miningweekly.com/article/marikana-report-to-zuma-by-tuesday-2015-03-30,16b0a75f8252f88a015402118d3ee26dbc8111435eb72705b226f9bb12ad54b6,90402ca2158e96a0f563f2277732c99ccb4fd7c83897720a006d20de437a923f,495
expanded_media_candidates__EXP-MEDIA-011,Marikana Commission: Sowing the killing fields,2012,Daily Maverick,expanded_media_candidates.csv,https://www.dailymaverick.co.za/article/2012-11-09-marikana-commission-sowing-the-killing-fields/,https://www.dailymaverick.co.za/article/2012-11-09-marikana-commission-sowing-the-killing-fields/,16f545ad244bf20ae7f157758f1e1b2e754d7237c20fb363353dc93d1eed3304,44c9ce59960642d0e6a654fc89c58ef6a9466fcc355cccde730b9298b32a8cff,1366
expanded_media_candidates__EXP-MEDIA-012,Marikana Commission: 'Don't single us out' - police,2012,Daily Maverick,expanded_media_candidates.csv,https://www.dailymaverick.co.za/article/2012-11-06-marikana-commission-dont-single-us-out-police/,https://www.dailymaverick.co.za/article/2012-11-06-marikana-commission-dont-single-us-out-police/,21d42d2e43aa9c5d05b2886c35e5773d39c11d4cba2051b8a9a3b06bc1aa0d72,50dfa75cc8b2de3870af9d12d546fd882572261d39e2b54bbcc45def93c4f6e6,729
expanded_media_candidates__EXP-MEDIA-013,"Marikana Commission: The foiled saviour, Joseph Mathunjwa",2012,Daily Maverick,expanded_media_candidates.csv,https://www.dailymaverick.co.za/article/2012-11-29-marikana-commission-the-foiled-saviour-joseph-mathunjwa/,https://www.dailymaverick.co.za/article/2012-11-29-marikana-commission-the-foiled-saviour-joseph-mathunjwa/,917bdf75da0c163d008fb1a7bdc45aa59dc96a0ea9cfdebf3612a0b036b33b6b,0c2319b3c46cb0cf9480be593e09e9106c60813fc30975a028eb02ddbebbe5aa,882
expanded_media_candidates__EXP-MEDIA-014,25 October 2012: A day of reckoning at Marikana,2012,Daily Maverick,expanded_media_candidates.csv,https://www.dailymaverick.co.za/article/2012-10-24-25-october-2012-a-day-of-reckoning-at-marikana/,https://www.dailymaverick.co.za/article/2012-10-24-25-october-2012-a-day-of-reckoning-at-marikana/,15a7a7cfbc061aec72ee65082db5bb0cc6ae789d77c69a6104b3aaaa88a106fd,4e3ea31dfdf919d9c2c794cf7d9b1437e647a862a253530379106b22ab2b5eb4,1933
expanded_media_candidates__EXP-MEDIA-015,Marikana Commission: Gung-ho Mangwashi Phiyega under scrutiny,2013,Daily Maverick,expanded_media_candidates.csv,https://www.dailymaverick.co.za/article/2013-01-24-marikana-commission-gung-ho-mangwashi-phiyega-under-scrutiny/,https://www.dailymaverick.co.za/article/2013-01-24-marikana-commission-gung-ho-mangwashi-phiyega-under-scrutiny/,cf45135543f7f5fa0db3ae9c68ad0b3d8931ec808adcbe8751b84ec1718a5717,7d241e22febe66fa22ee00065039db1528a597d2db6ce16dcf9ad0339709cfb2,796
expanded_media_candidates__EXP-MEDIA-016,Money-kana Commission?,2013,Daily Maverick,expanded_media_candidates.csv,https://www.dailymaverick.co.za/article/2013-08-30-money-kana-commission/,https://www.dailymaverick.co.za/article/2013-08-30-money-kana-commission/,84c4d80400306b6bcadc8b514896e8eda7cf821673c584e942de0f227bf3d11e,056db2efff6cea76c28b8552d852739c8ab499b71ad49dea640b063e04bd1105,862
expanded_media_candidates__EXP-MEDIA-017,"Marikana Commission: Lies, videotapes and the police's crumbling wall of deceit",2013,Daily Maverick,expanded_media_candidates.csv,https://www.dailymaverick.co.za/article/2013-09-16-marikana-commission-lies-videotapes-and-the-polices-crumbling-wall-of-deceit/,https://www.dailymaverick.co.za/article/2013-09-16-marikana-commission-lies-videotapes-and-the-polices-crumbling-wall-of-deceit/,f51add018cbfd89c48510e20ba6228cd539d2c48f83a43f6305164911c78a733,5e31e6e57caf4214583c94ebeaa23343510424f17888e6c3c29e672c99c045ea,1518
expanded_media_candidates__EXP-MEDIA-018,Marikana massacre: More disturbing questions about police planning and objectives,2013,Daily Maverick,expanded_media_candidates.csv,https://www.dailymaverick.co.za/article/2013-10-23-marikana-massacre-more-disturbing-questions-about-police-planning-and-objectives/,https://www.dailymaverick.co.za/article/2013-10-23-marikana-massacre-more-disturbing-questions-about-police-planning-and-objectives/,b54caa2692a1ee1ccb519f6d930299819813d5f79198070825f554e2d1a218fe,058c26de8ab8949408d87ccab23a5d9059cb62d90ce1c30d94e99a3713dba22a,1204
expanded_media_candidates__EXP-MEDIA-019,"Marikana massacre: SAPS, Lonmin, Ramaphosa & time for blood. Miners' blood.",2013,Daily Maverick,expanded_media_candidates.csv,https://www.dailymaverick.co.za/article/2013-10-24-marikana-massacre-saps-lonmin-ramaphosa-time-for-blood-miners-blood/,https://www.dailymaverick.co.za/article/2013-10-24-marikana-massacre-saps-lonmin-ramaphosa-time-for-blood-miners-blood/,5a6e4438c2dc90a936d0d8576d5638714f8602f1e71752bbd07a97a18c392c22,96c5940da3be55d96a4dd32fd89d4a2b44b1e29eb4ed3adf0bd480d1ac697891,2039
expanded_media_candidates__EXP-MEDIA-020,"Marikana massacre: Ramaphosa's statement, revisited",2013,Daily Maverick,expanded_media_candidates.csv,https://www.dailymaverick.co.za/article/2013-10-25-marikana-massacre-ramaphosas-statement-revisited/,https://www.dailymaverick.co.za/article/2013-10-25-marikana-massacre-ramaphosas-statement-revisited/,887e6150963eddd9fa96603e713b66e3c281ca36fbe4cdf8c211632139406ec8,82537cbdb054407b0f325e09a049dd155bc410366aed46591e0cedc792d5b53a,1222
expanded_media_candidates__EXP-MEDIA-021,"Memories of Marikana, through the eNCA lens",2013,Daily Maverick,expanded_media_candidates.csv,https://www.dailymaverick.co.za/article/2013-08-13-memories-of-marikana-through-the-enca-lens/,https://www.dailymaverick.co.za/article/2013-08-13-memories-of-marikana-through-the-enca-lens/,bf65d6c641a2c48d92d1f4993f121e1caf5ba3e16179a503503a980656e4e39c,3824e8101415ccac7ec05d64746b009befa83114851c29e97e010acba0aa8fe1,1098
expanded_media_candidates__EXP-MEDIA-022,Marking the anniversary of two mining massacres: So much remains the same,2013,Daily Maverick,expanded_media_candidates.csv,https://www.dailymaverick.co.za/article/2013-08-14-marking-the-anniversary-of-two-mining-massacres-so-much-remains-the-same/,https://www.dailymaverick.co.za/article/2013-08-14-marking-the-anniversary-of-two-mining-massacres-so-much-remains-the-same/,c7eae91301b4d1b3c969efdbecb4d2af046cf09a6b4fa6624d72613efe75c17f,b811ad23c74197b341ffc6d11ff3c9eded04d06abd0bc80b4a4a85aaabb162a0,968
expanded_media_candidates__EXP-MEDIA-023,Marikana massacre: The first of Lonmin's voices are heard,2014,Daily Maverick,expanded_media_candidates.csv,https://www.dailymaverick.co.za/article/2014-06-09-marikana-massacre-the-first-of-lonmins-voices-are-heard/,https://www.dailymaverick.co.za/article/2014-06-09-marikana-massacre-the-first-of-lonmins-voices-are-heard/,61ef4ef784a9ad055df21f8a355e2d1be03f2ea95d581bc05162c95702e10269,129c755990cab327cefb7a4a78ca37da36666c67e68042086e90a73fb33007eb,2316
expanded_media_candidates__EXP-MEDIA-024,Marikana report: Key findings and recommendations,2015,Daily Maverick,expanded_media_candidates.csv,https://www.dailymaverick.co.za/article/2015-06-26-marikana-report-key-findings-and-recommendations/,https://www.dailymaverick.co.za/article/2015-06-26-marikana-report-key-findings-and-recommendations/,268b0cf3feb2cc380a6cd4f490b83b28fc35294695b84c79a0c07549fad1a4f4,b3c9a6a8e3ea884723879deaf08dcbf70699096a6e5d8b3073e0c88d671af39a,1403
expanded_media_candidates__EXP-MEDIA-025,amaBhungane: 'War' looming over Marikana housing evictions,2016,Daily Maverick,expanded_media_candidates.csv,https://www.dailymaverick.co.za/article/2016-08-31-amabhungane-war-looming-over-marikana-housing-evictions/,https://www.dailymaverick.co.za/article/2016-08-31-amabhungane-war-looming-over-marikana-housing-evictions/,e5d2915713e990da133a77f9c68951bca57e695ac77f2d44e7c2daa44cb08d35,915f52080c81dac97b35af50a3fff0165753883fcae554b6bba18171c87d42a8,1432
expanded_media_candidates__EXP-MEDIA-029,Marikana: What's been done on SAPS recommendations?,2017,Daily Maverick,expanded_media_candidates.csv,https://www.dailymaverick.co.za/article/2017-08-16-marikana-whats-been-done-on-saps-recommendations/,https://www.dailymaverick.co.za/article/2017-08-16-marikana-whats-been-done-on-saps-recommendations/,dc042afaf515ea89739d17846793d1acafd054860d4e808d2e529fadbe6078ef,ae4f7dc53801bcaaabaea1153d7da4af0a5f057b94a93b1db37dd2ff07f898bc,1215
expanded_media_candidates__EXP-MEDIA-033,Community wants ConCourt to declare R5bn Lonmin deal illegal,2019,Daily Maverick,expanded_media_candidates.csv,https://www.dailymaverick.co.za/article/2019-07-21-community-wants-concourt-to-declare-r5bn-lonmin-deal-illegal/,https://www.dailymaverick.co.za/article/2019-07-21-community-wants-concourt-to-declare-r5bn-lonmin-deal-illegal/,39c3bccfc6c008ed26956852f2dcf27d5fdc98d5a36b9dfc857610e7b7026f51,f783e5e5c3e7928636b4bb8f7eb833428512f28ab3dd4aa888bd4b1754e48190,839
expanded_media_candidates__EXP-MEDIA-035,"Marikana massacre: The devastating impact of the narrative painted by business, police and the state",2020,Daily Maverick,expanded_media_candidates.csv,https://www.dailymaverick.co.za/article/2020-08-26-marikana-massacre-the-devastating-impact-of-the-narrative-painted-by-business-police-and-the-state/,https://www.dailymaverick.co.za/article/2020-08-26-marikana-massacre-the-devastating-impact-of-the-narrative-painted-by-business-police-and-the-state/,c9a6158ebb1c32cb57ba2d93797d27c1989552c684578d23b3df2fc4ae9a2ad6,9ce4957dd8c906e04ff650d7bad28fd70a61fd475c7b69b25c913e5908699acb,1268
expanded_media_candidates__EXP-MEDIA-036,"SAPS transformation: Key report gathers dust, snubbing Marikana Commission",2021,Daily Maverick,expanded_media_candidates.csv,https://www.dailymaverick.co.za/article/2021-01-17-saps-transformation-key-report-gathers-dust-snubbing-marikana-commission/,https://www.dailymaverick.co.za/article/2021-01-17-saps-transformation-key-report-gathers-dust-snubbing-marikana-commission/,0a5a0bde7a7b73611360e72007e09a5a3204be421cd25b941982aff7afcd6ac4,6649e3520f5997f75705a0909bde00a03a97ccfbbc715ac354aebd2594b1c50c,1222
expanded_media_candidates_02__EXP-MEDIA-037,Lonmin workers embark on illegal work stoppage,2013,Mining Weekly,expanded_media_candidates_02.csv,https://www.miningweekly.com/article/illegal-strike-erupts-at-lonmin-2013-03-05,https://www.miningweekly.com/article/illegal-strike-erupts-at-lonmin-2013-03-05,9ab3e06b2f4f99f85708f0cf3692126c64023daeb642296caca71c668f448b67,a8a4612f9b8c4555712a8f3100703a049fb9a11e19da37e3258f53d912d31da6,951
expanded_media_candidates_02__EXP-MEDIA-038,"AMCU, Lonmin find strike-averting meeting point?",2013,Mining Weekly,expanded_media_candidates_02.csv,https://www.miningweekly.com/article/amcu-lonmin-find-strike-averting-meeting-point-deputy-president-2013-06-21,https://www.miningweekly.com/article/amcu-lonmin-find-strike-averting-meeting-point-deputy-president-2013-06-21,f7d317737185cd5615aeb54bd0fd9fcec2f7858a1ebb65ca237481ca730e424a,25a355b8a61344e281e8d3b5221bbc4f595f13807addceff30997eb6ed86e979,1132
expanded_media_candidates_02__EXP-MEDIA-039,Lonmin confirms work stoppage across shafts,2013,Mining Weekly,expanded_media_candidates_02.csv,https://www.miningweekly.com/article/lonmin-confirms-work-stoppage-across-shafts-2013-05-14,https://www.miningweekly.com/article/lonmin-confirms-work-stoppage-across-shafts-2013-05-14,182bc66ff2eafa5d47f30fa90b6be07319d00510eadf92d4d7368152bb006da3,5e9fa54401f2ac41a5046b1c32a021c7441685de64342985fc28be33b6fd5abb,570
expanded_media_candidates_02__EXP-MEDIA-040,"AMCU, Lonmin talks reach deadlock, formal arbitration to start",2013,Mining Weekly,expanded_media_candidates_02.csv,https://www.miningweekly.com/article/amcu-lonmin-talks-reach-deadlock-formal-arbitration-to-start-2013-05-23,https://www.miningweekly.com/article/amcu-lonmin-talks-reach-deadlock-formal-arbitration-to-start-2013-05-23,dfdcea8588cfcb0b5d26c6e87c7c88c19a8c666ee36824cd6aea440f59169e36,2cfd9f9de83584d3bcaacc0dc3f30c4291e8538c7c334e371787497e0491c107,538
expanded_media_candidates_02__EXP-MEDIA-041,"Lonmin to lose 3 100 oz/d, Implats 2 800 oz/d in production owing to AMCU strike",2014,Mining Weekly,expanded_media_candidates_02.csv,https://www.miningweekly.com/article/lonmin-to-lose-3-100-ozd-implats-2-800-ozd-in-production-owing-to-amcu-strike-2014-01-23,https://www.miningweekly.com/article/lonmin-to-lose-3-100-ozd-implats-2-800-ozd-in-production-owing-to-amcu-strike-2014-01-23,770e7cbefb595c4f903c6d283d70575b85093f0e62b4554254e831e10371f546,29c41c74e9fdd41e778855ffb78bb73b92395f245dfb2b9158fe256dac7b83cf,606
expanded_media_candidates_02__EXP-MEDIA-042,"AMCU, platinum companies' wage talks stall",2014,Mining Weekly,expanded_media_candidates_02.csv,https://www.miningweekly.com/article/amcu-platinum-companies-wage-talks-stall-2014-02-06,https://www.miningweekly.com/article/amcu-platinum-companies-wage-talks-stall-2014-02-06,b984e8a1e7928449459d73e1a8b6f8fd570c9524d1fa99ff1380d2ea241603a3,45e5725991774cf9fb6ad1c382c4aacf5af73e5e5e6307b5e0147be55cd4ec22,691
expanded_media_candidates_02__EXP-MEDIA-043,AMCU sidelined as platinum producers take offer directly to employees,2014,Mining Weekly,expanded_media_candidates_02.csv,https://www.miningweekly.com/article/amcu-sidelined-as-platinum-producers-take-offer-directly-to-employees-2014-04-25,https://www.miningweekly.com/article/amcu-sidelined-as-platinum-producers-take-offer-directly-to-employees-2014-04-25,fd1cc08083960f1544d5036c4460b07803ca47a5ec6e76bd4c1c7073fb10ddc6,cf6f2f6a2415e4f3a25640f780ca69eebd047824700726bc7141b4e8e736ec09,763
expanded_media_candidates_02__EXP-MEDIA-044,"Lonmin hit hardest by strike, third capital raising expected",2014,Mining Weekly,expanded_media_candidates_02.csv,https://www.miningweekly.com/article/lonmin-hit-hardest-by-strike-third-capital-raising-expected-2014-05-22,https://www.miningweekly.com/article/lonmin-hit-hardest-by-strike-third-capital-raising-expected-2014-05-22,b305e921042a2d19f4923c8d97e87682d72155878be9e94e28d85985f9a5fb0d,502260cde83d41b3ea9fefecd61f784850aa6308cdd9f516cfcd3a2b2d4a9126,622
expanded_media_candidates_02__EXP-MEDIA-045,"AMCU rejects platinum offer, sticking to R12 500 demand",2014,Mining Weekly,expanded_media_candidates_02.csv,https://www.miningweekly.com/article/amcu-rejects-platinum-offer-sticking-to-r12-500-demand-2014-01-31,https://www.miningweekly.com/article/amcu-rejects-platinum-offer-sticking-to-r12-500-demand-2014-01-31,5b050c74f27debcfeda026484f90e14cc9490cef738ea9e0eba5a7547f84b312,70098a27622a52210245d05b50eed04b2350b242ef3754235b9587e2cd443409,648
expanded_media_candidates_02__EXP-MEDIA-046,Farlam Commission: More Marikana massacre secrets and lies,2014,Daily Maverick,expanded_media_candidates_02.csv,https://www.dailymaverick.co.za/article/2014-03-14-farlam-commission-more-marikana-massacre-secrets-and-lies/,https://www.dailymaverick.co.za/article/2014-03-14-farlam-commission-more-marikana-massacre-secrets-and-lies/,d3170fdd1b09fc2f64de7445f9d2443ee308fa755ca9c2ef0e093a3797bd027d,16d45ce417fd4b0a6a6ca0cee0240395176fe0f3aadad7fe18fc56bd988a496e,1639
expanded_media_candidates_02__EXP-MEDIA-047,"In Marikana, local government's failures in plain sight",2012,Daily Maverick,expanded_media_candidates_02.csv,https://www.dailymaverick.co.za/article/2012-09-10-in-marikana-local-governments-failures-in-plain-sight/,https://www.dailymaverick.co.za/article/2012-09-10-in-marikana-local-governments-failures-in-plain-sight/,2ff947c33a834145d54efd25b73fdfae27ee950bb5a546aa87fcf460cafeb7fc,68172a7887d71be89b99d48452ab1c81808df57cdb8195736a0a13a4ec6620a1,1246
expanded_media_candidates_02__EXP-MEDIA-048,Cyril Ramaphosa: The true betrayal,2012,Daily Maverick,expanded_media_candidates_02.csv,https://www.dailymaverick.co.za/article/2012-10-27-cyril-ramaphosa-the-true-betrayal/,https://www.dailymaverick.co.za/article/2012-10-27-cyril-ramaphosa-the-true-betrayal/,d129ad7b8ee2857caf33070215b80815954e338b9a0e41547000e0a4bd3f60b8,9f6fdfe27a325bea23bbbbba8983e050139ebc06d24afd25c0dce6eb8a9be18b,1764
expanded_media_candidates_02__EXP-MEDIA-049,Marikana Commission: Phiyega's testimony begins,2013,Daily Maverick,expanded_media_candidates_02.csv,https://www.dailymaverick.co.za/article/2013-03-15-marikana-commission-phiyegas-testimony-begins/,https://www.dailymaverick.co.za/article/2013-03-15-marikana-commission-phiyegas-testimony-begins/,5f47e891cdedae07bb1f27886b8db3cdca0c07c0511197dc29125049222dc62f,45e24d2688843d6001c0329bcf252167319605b7675444e6226c1f6a59174a64,1049
expanded_media_candidates_02__EXP-MEDIA-050,Marikana Commission: Sangoma's death and Phiyega's understanding of truth,2013,Daily Maverick,expanded_media_candidates_02.csv,https://www.dailymaverick.co.za/article/2013-03-26-marikana-commission-sangomas-death-and-phiyegas-understanding-of-truth/,https://www.dailymaverick.co.za/article/2013-03-26-marikana-commission-sangomas-death-and-phiyegas-understanding-of-truth/,dc0ba6e8005d090a5e23245df99cc257f5565632a6269d63c39936e93d042ef2,1c026b7f9fb959ae891ed2abf9d82f4f67f748c6d26f9072eb72a05dce6419bf,1370
expanded_media_candidates_02__EXP-MEDIA-051,"Lonmin ops ramping up, normal levels expected by Q1 2015",2014,Mining Weekly,expanded_media_candidates_02.csv,https://www.miningweekly.com/article/lonmin-ops-ramping-up-normal-levels-expected-by-q1-2015-2014-07-25,https://www.miningweekly.com/article/lonmin-ops-ramping-up-normal-levels-expected-by-q1-2015-2014-07-25,b1d7bffeaca0a4ba55910a0dbfdeeddb55426b2cf9cfc4084fc421c1e32bea4e,f096edd11dd1145ee890d13829026729720b3a3194b80c2a21234efb38e45646,1196
expanded_media_candidates_02__EXP-MEDIA-052,"We made significant progress in Marikana, says Lonmin",2018,Mining Weekly,expanded_media_candidates_02.csv,https://www.miningweekly.com/article/we-made-significant-progress-in-marikana-says-lonmin-2018-08-15,https://www.miningweekly.com/article/we-made-significant-progress-in-marikana-says-lonmin-2018-08-15,1fe5b450422e3f58bec870121c351dcb9eb5e49a59484ee6ea0a0348a23e78f9,597bf4ef0292e6af3750a0eeb7d946070cc0a451c394c2160b40f4aed78539f4,741
expanded_media_candidates_batch1__EXP-MEDIA-001,The murder fields of Marikana. The cold murder fields of Marikana.,2012,Daily Maverick,expanded_media_candidates_batch1.csv,https://www.dailymaverick.co.za/article/2012-09-08-the-murder-fields-of-marikana-the-cold-murder-fields-of-marikana/,https://www.dailymaverick.co.za/article/2012-09-08-the-murder-fields-of-marikana-the-cold-murder-fields-of-marikana/,857e074fc980717de84683a2cab22b2926d31dcbe3adaa9583f844e1f3598826,d1143021346b9144058e0fcdca76717afcff56508c83e29c99ae88a03d7ba162,2953
expanded_media_candidates_batch1__EXP-MEDIA-002,"Marikana's Small Koppie: 14 dead, 300 metres away from Wonderkop. Why?",2012,Daily Maverick,expanded_media_candidates_batch1.csv,https://www.dailymaverick.co.za/article/2012-09-08-marikanas-small-koppie-14-dead-300-metres-away-from-wonderkop-why/,https://www.dailymaverick.co.za/article/2012-09-08-marikanas-small-koppie-14-dead-300-metres-away-from-wonderkop-why/,cd59015a1ea962f1c7fbe40176b0f57a2617344228cbf673fc0762aacbe78c3f,34a7bc16663cd27d024567620391e273d3826451382ddf06f201498a0c737f96,1399
expanded_media_candidates_batch1__EXP-MEDIA-004,"Unsafe House, Unsafe Job? The foul truth about living conditions at Marikana",2012,Daily Maverick,expanded_media_candidates_batch1.csv,https://www.dailymaverick.co.za/article/2012-09-27-unsafe-house-unsafe-job-the-foul-truth-about-living-conditions-at-marikana/,https://www.dailymaverick.co.za/article/2012-09-27-unsafe-house-unsafe-job-the-foul-truth-about-living-conditions-at-marikana/,8bbbfecdf82815cf790d4697db5208e5245880b10735a80daa2c4e6b867f34bf,5f7a64c5244e66d67af256131f312f689620817ec72c6daacc075369e2fa87b4,1465
expanded_media_candidates_batch1__EXP-MEDIA-005,Friendship forged in the depths of the earth and strengthened by the horror of Marikana,2012,Daily Maverick,expanded_media_candidates_batch1.csv,https://www.dailymaverick.co.za/article/2012-09-26-friendship-forged-in-the-depths-of-the-earth-and-strengthened-by-the-horror-of-marikana/,https://www.dailymaverick.co.za/article/2012-09-26-friendship-forged-in-the-depths-of-the-earth-and-strengthened-by-the-horror-of-marikana/,db26638998a7c4c878e483e2456e0aa02dde84f6162c8a52ab5193aa7bdbd64b,f2b39625fcc98bac5372df1a8fe07917c67fee1ea7acb9095baef3c5ccf2207e,3422
expanded_media_candidates_batch1__EXP-MEDIA-006,Marikana: The debt-hole that fuelled the fire,2012,Daily Maverick,expanded_media_candidates_batch1.csv,https://www.dailymaverick.co.za/article/2012-10-12-marikana-the-debt-hole-that-fuelled-the-fire/,https://www.dailymaverick.co.za/article/2012-10-12-marikana-the-debt-hole-that-fuelled-the-fire/,39ee6c59b0562d6c5b5d3bf13257a67c6bf45c86f65ae76a69a1ac33a59b7d30,cf202240b29ca34efc00e7a1c6eeb7da686c35ffc2cee4c2e29f03ed8e390d72,1159
expanded_media_candidates_batch1__EXP-MEDIA-007,Marikana: Police torturing their way to intimidation,2012,Daily Maverick,expanded_media_candidates_batch1.csv,https://www.dailymaverick.co.za/article/2012-11-02-marikana-police-torturing-their-way-to-intimidation/,https://www.dailymaverick.co.za/article/2012-11-02-marikana-police-torturing-their-way-to-intimidation/,a185d4cb8c0f52aeff60c3dbf704e5e0ae7b094a30086f93079545f6fdd16670,5aae9d3051e28fafd1ab73e6697d9ca502f53618d583772651462aab1184c1d1,1439
expanded_media_candidates_batch1__EXP-MEDIA-010,Marikana murders: The world now believes,2012,Daily Maverick,expanded_media_candidates_batch1.csv,https://www.dailymaverick.co.za/article/2012-09-10-marikana-murders-the-world-now-believes/,https://www.dailymaverick.co.za/article/2012-09-10-marikana-murders-the-world-now-believes/,1d0341de2bb3278b05544024b6e1fcc6cec333049d40939dea979dd369b6bbf7,07ee33ca1e24ab2ff61d7e2e4ff877bd7cf5831e7a5d791581988c55d00c6eca,1320
expanded_media_candidates_batch1__EXP-MEDIA-011,"Marikana, Malema, rebellion, revolution",2012,Daily Maverick,expanded_media_candidates_batch1.csv,https://www.dailymaverick.co.za/article/2012-09-12-marikana-malema-rebellion-revolution/,https://www.dailymaverick.co.za/article/2012-09-12-marikana-malema-rebellion-revolution/,094c21e86b82ce4cc336780e0e89a0dcdf776557884c63a0eadef5a0e8918e7d,dc91d7d6b068a8d2e1ea4dd32f9ddd782b8a82b8cac04a0706120b13294a2e0a,1484
expanded_media_candidates_batch1__EXP-MEDIA-012,Daily Maverick's SA Persons of the Year: The victims of Marikana,2012,Daily Maverick,expanded_media_candidates_batch1.csv,https://www.dailymaverick.co.za/article/2012-12-31-daily-mavericks-sa-persons-of-the-year-the-victims-of-marikana/,https://www.dailymaverick.co.za/article/2012-12-31-daily-mavericks-sa-persons-of-the-year-the-victims-of-marikana/,5c3587d438a68617a99334a17c9f4f75057081890e4ac8fb4065b802a4066671,7df62576bb28e2a41ee71f1f1f0dc08ce96271d0f7b32421461db1523ba8c08c,1227
expanded_media_candidates_batch1__EXP-MEDIA-015,"The Marikana Commission, and skewed access to justice",2013,Daily Maverick,expanded_media_candidates_batch1.csv,https://www.dailymaverick.co.za/article/2013-08-15-the-marikana-commission-and-skewed-access-to-justice/,https://www.dailymaverick.co.za/article/2013-08-15-the-marikana-commission-and-skewed-access-to-justice/,716fcebdcb9e5018ddaae152f57357a8090c9509c8d9dc082bfdc308d7f43378,532a34e74510126f9b4b5f2633fd131bb2c5a3a3dfeb47ad33fdc4f3114eff14,1025
expanded_media_candidates_batch1__EXP-MEDIA-022,Marikana – a massacre without criminal consequences,2022,Daily Maverick,expanded_media_candidates_batch1.csv,https://www.dailymaverick.co.za/article/2022-05-19-marikana-a-massacre-still-without-any-criminal-consequences/,https://www.dailymaverick.co.za/article/2022-05-19-marikana-a-massacre-still-without-any-criminal-consequences/,ef159e288b6ec909abbf90bf2ed0a8ab301c6c58dd628607447b7567be5ab560,3fa20330baf43828fe38abe07fd159633318c0d957921fb9f78669ddefb37db3,1139
expanded_media_candidates_batch1__EXP-MEDIA-023,We must fight to ensure that those slain at Marikana did not die in vain,2022,Daily Maverick,expanded_media_candidates_batch1.csv,https://www.dailymaverick.co.za/article/2022-08-15-we-must-fight-to-ensure-that-those-slain-at-marikana-on-16-august-2012-did-not-die-in-vain/,https://www.dailymaverick.co.za/article/2022-08-15-we-must-fight-to-ensure-that-those-slain-at-marikana-on-16-august-2012-did-not-die-in-vain/,7f1deb562c32623b1a646700cd5be3947097ba5721c794cd8a1fc57a02e16ecb,d91edee82fe7d27108bf439dbeca0e472707638ac6f30df387a8a23b8a0d4be4,1906
expanded_media_candidates_batch1__EXP-MEDIA-024,REPUTATION WRECKING BALL,2012,Mining Weekly,expanded_media_candidates_batch1.csv,https://www.miningweekly.com/article/reputation-wrecking-ball-2012-09-07,https://www.miningweekly.com/article/reputation-wrecking-ball-2012-09-07,262f56f48ff23507bdd77fb25511996f3959140dfed6fb9cc7767f0e016893b7,0fe9ea64369aab9bec038501669cd82304629d65357867e70dfeb989ed80cf9e,338
expanded_media_candidates_batch1__EXP-MEDIA-026,Lonmin says significant safety records achieved at Marikana,2013,Mining Weekly,expanded_media_candidates_batch1.csv,https://www.miningweekly.com/article/lonmin-says-significant-safety-records-achieved-at-marikana-2013-01-24,https://www.miningweekly.com/article/lonmin-says-significant-safety-records-achieved-at-marikana-2013-01-24,47e58e2af736a87e71e50afd42a966ad10b7522c8393f24bdf547887f037d2d1,3cba78da10e0cd0e3a597b5c2d10004487478106c1cee49599c94d964a0c442c,463
expanded_media_candidates_batch1__EXP-MEDIA-030,"AMCU to serve strike notice on Lonmin, Implats",2014,Mining Weekly,expanded_media_candidates_batch1.csv,https://www.miningweekly.com/article/amcu-to-serve-strike-notice-on-lonmin-implats-2014-01-17,https://www.miningweekly.com/article/amcu-to-serve-strike-notice-on-lonmin-implats-2014-01-17,2239dab95b4fe62055f2766a8902306cf27865cdd778b04c06deb413c844700b,7fab7385435a0c56a76e860aba6cc0d4e50e1b849df7fd7daaa262667a095d9b,516
expanded_media_candidates_batch1__EXP-MEDIA-032,AMCU prepared to strike for next six months,2014,Mining Weekly,expanded_media_candidates_batch1.csv,https://www.miningweekly.com/article/amcu-will-not-return-to-work-without-r12-500-basic-wage-2014-03-27,https://www.miningweekly.com/article/amcu-will-not-return-to-work-without-r12-500-basic-wage-2014-03-27,fd8c333615e1128269211fdf7dcc00b247a810cfb1b9b4ef3428c9db76e9501f,caf592683d5570c75996a811e04b2983fea9ac54dcfcd1031d8cbc66d21985f0,594
expanded_media_candidates_batch1__EXP-MEDIA-033,Lonmin aims for May 14 restart in challenge to platinum strike,2014,Mining Weekly,expanded_media_candidates_batch1.csv,https://www.miningweekly.com/article/lonmin-aims-for-may-14-restart-in-challenge-to-platinum-strike-2014-05-09,https://www.miningweekly.com/article/lonmin-aims-for-may-14-restart-in-challenge-to-platinum-strike-2014-05-09,a9e3b7b599dac927cb94a1014fdb50a878ce8ae8dad49adf95a393e55e88fd2e,021d81f4b5a6ae8e5f26d4a078d9849d64a23f55ca5eefaa7e089ebda5e9592b,812
expanded_media_candidates_batch1__EXP-MEDIA-034,"Uphold overwhelming wish of workers to return, pleads Lonmin",2014,Mining Weekly,expanded_media_candidates_batch1.csv,https://www.miningweekly.com/article/uphold-overwhelming-wish-of-workers-to-return-pleads-lonmin-2014-05-12,https://www.miningweekly.com/article/uphold-overwhelming-wish-of-workers-to-return-pleads-lonmin-2014-05-12,fdf7f68921e500f328b00580b1edf539ac6565874fb8a589e13b7be8b2bc8d5b,1814a8ca9ea1cd93e516d4a8d711bb2fdccb8b5bd8e204ec6fb8c737d9bd486e,1890
expanded_media_candidates_batch1__EXP-MEDIA-035,"Platinum majors, AMCU sign wage deal; workers to return Wed",2014,Mining Weekly,expanded_media_candidates_batch1.csv,https://www.miningweekly.com/article/sa-platinum-job-cuts-in-question-as-wage-deals-to-be-signed-2014-06-24,https://www.miningweekly.com/article/sa-platinum-job-cuts-in-question-as-wage-deals-to-be-signed-2014-06-24,d92286265d6281b5e2c00815fb432e3c74895863f98a81856ac0c780ae90c035,65bc9be0592af9ca0629ec413f6dac35aeb2ded2aa5fa016e1c9e8d6527908b2,1233
expanded_media_candidates_batch1__EXP-MEDIA-037,Lonmin accused of prolonging platinum strike by hiding revenue,2014,Mining Weekly,expanded_media_candidates_batch1.csv,https://www.miningweekly.com/article/lonmin-accused-of-prolonging-platinum-strike-by-hiding-revenue-2014-10-24,https://www.miningweekly.com/article/lonmin-accused-of-prolonging-platinum-strike-by-hiding-revenue-2014-10-24,cd87e0e584339aec65fe99c91be9fbe422162da36b0bff2bda626a3ba58240c4,2d94785f36b22a8a5121cafb76605cfe17a5d0dd89c75c1fc1997538cf2bccba,757
expanded_media_candidates_batch1__EXP-MEDIA-038,Lonmin hands over New Marikana primary school to Basic Education dept,2018,Engineering News / Creamer Media,source_overrides,https://www.engineeringnews.co.za/article/lonmin-hands-over-new-marikana-primary-school-to-basic-education-dept-2018-04-06,https://www.engineeringnews.co.za/article/lonmin-hands-over-new-marikana-primary-school-to-basic-education-dept-2018-04-06,db8309ab40baa920b141c47c2b0644297fa9e494d4af88e030d793b3d86212c8,ec4ea81cdff97dc914417cc74f1a80d2a9640bc3bba3441fe2ba118c9130d4ff,651
expanded_media_candidates_batch1__EXP-MEDIA-040,Recovering platinum miner forging ahead,2013,Engineering News,expanded_media_candidates_batch1.csv,https://www.engineeringnews.co.za/article/recovering-platinum-miner-forging-ahead-2013-03-15,https://www.engineeringnews.co.za/article/recovering-platinum-miner-forging-ahead-2013-03-15,d8aad7a50bb4d0ee1d5b221d440fd80d3c7127b2573260280b76455c8665f73d,6e2d8858423589b56559cd8746b3f7ed13e70a6e7c0f7a78849f30171b4b30a1,2245
expanded_media_candidates_batch1__EXP-MEDIA-041,Lonmin miners return to work,2013,Engineering News,expanded_media_candidates_batch1.csv,https://www.engineeringnews.co.za/article/lonmin-miners-return-to-work-2013-05-15,https://www.engineeringnews.co.za/article/lonmin-miners-return-to-work-2013-05-15,7d755bd9b6c063fa0ff8393ba54a0465a01f929219e6dc5b16da90622d7dcf68,88eaf683fa20e5459e7370eb3ddd920796b83e3651d897087612bbcda777e415,668
expanded_media_candidates_batch1__EXP-MEDIA-042,"Platinum town, striking miner ready for deal",2014,Engineering News,expanded_media_candidates_batch1.csv,https://www.engineeringnews.co.za/article/platinum-town-striking-miner-ready-for-deal-2014-04-25,https://www.engineeringnews.co.za/article/platinum-town-striking-miner-ready-for-deal-2014-04-25,943ea9d606ed302144d75b5ef4459ad5e9a6173b2449ad129e392bd496860870,5ea4232db1194f618df3c938f23770b30aa069eb37ecdd7d9c491127ed64e5f3,687
expanded_media_candidates_batch1__EXP-MEDIA-043,Profit shifting report false – Lonmin,2014,Engineering News,expanded_media_candidates_batch1.csv,https://www.engineeringnews.co.za/article/profit-shifting-report-false-lonmin-2014-10-16,https://www.engineeringnews.co.za/article/profit-shifting-report-false-lonmin-2014-10-16,99bfc67409a3d5dcbb87fae9dc76adca9e25b5e3cdaf547ea9aafd20d4a5d076,fc274e5a5cdc2634144ee6c4c860898ca1bd0c7013956b0b26adeab80ea80389,863
expanded_media_candidates_batch1__EXP-MEDIA-044,"Force majeure with some suppliers, not customers – Lonmin",2014,Engineering News,expanded_media_candidates_batch1.csv,https://www.engineeringnews.co.za/article/force-majeure-with-some-suppliers-not-customers-lonmin-2014-04-11,https://www.engineeringnews.co.za/article/force-majeure-with-some-suppliers-not-customers-lonmin-2014-04-11,3ae67dc1596a0f384966837ba4a14e6e0c504f1484dde4d4f412649b16600cf8,b72eeaabb63c27dfc16f66dc0fb4b84cab5a25c0d2c6c1fb26985155a7c6ff3a,500
expanded_media_candidates_batch2__EXP-MEDIA-045,Volatility now plagues platinum miner's housing allocation,2016,Mining Weekly,expanded_media_candidates_batch2.csv,https://www.miningweekly.com/article/volatility-now-plagues-platinum-miners-housing-allocation-2016-02-05,https://www.miningweekly.com/article/volatility-now-plagues-platinum-miners-housing-allocation-2016-02-05,d9b0b513472a699e9c47fe9fce89e02eca4d7e50bc7a14698bad64950f58cbd1,60d07fdba50b1d418d28e59d56e4fd064c5215fbcddb00c0d6daade784b5167c,780
expanded_media_candidates_batch2__EXP-MEDIA-046,Lonmin committed to R500m expenditure on employee apartments,2017,Mining Weekly,expanded_media_candidates_batch2.csv,https://www.miningweekly.com/article/lonmin-committed-to-r500m-expenditure-on-employee-apartments-2017-04-07,https://www.miningweekly.com/article/lonmin-committed-to-r500m-expenditure-on-employee-apartments-2017-04-07,7c486ea53869da52fae006dd889a681977b2da472c8e26201cb560392b3784e8,d8ed22244ef227f88df6216b1c9f0c9612b7701126cd0e0504b36ce331816209,1276
expanded_media_candidates_batch2__EXP-MEDIA-047,Violent protestors demand 1 500 new jobs from struggling Lonmin,2017,Mining Weekly,expanded_media_candidates_batch2.csv,https://www.miningweekly.com/article/violent-protestors-demand-1-500-new-jobs-from-struggling-lonmin-2017-05-11,https://www.miningweekly.com/article/violent-protestors-demand-1-500-new-jobs-from-struggling-lonmin-2017-05-11,6428987436dc2d0214566b5c6b82e23aa8d9f5e8b98224f8d36f4fe6890afc7c,40f534c181c2f2d7c5031138a73db95c4d6aba21a0c3e85d6bbbbace5d96190b,1161
expanded_media_candidates_batch2__EXP-MEDIA-048,Review Mining Charter's proposed home ownership model,2017,Mining Weekly,expanded_media_candidates_batch2.csv,https://www.miningweekly.com/article/review-mining-charters-proposed-home-ownership-model-2017-02-10,https://www.miningweekly.com/article/review-mining-charters-proposed-home-ownership-model-2017-02-10,5e98b46b98ab659384a4376c60b9371eb1aa1a88190dbe2992b1ae2a4a38ae5b,b8ece98d39eb1684837d4324a5a23e304d704f8f644f8cdbba0da4a2df7e1fe1,912
expanded_media_candidates_batch2__EXP-MEDIA-049,POST MARIKANA MEASURES,2017,Mining Weekly,expanded_media_candidates_batch2.csv,https://www.miningweekly.com/article/post-marikana-measures-2017-01-27,https://www.miningweekly.com/article/post-marikana-measures-2017-01-27,7c4dc28bf3a78e3cac0b8475d0d61fe2bbee1d79b84e881942fd6731c32c5382,f476ff2ec668060fcd6160750248633bf82696592f94694407a39c291310af9a,429
expanded_media_candidates_batch2__EXP-MEDIA-050,Lonmin community wants operations suspended on social failings,2017,Mining Weekly,expanded_media_candidates_batch2.csv,https://www.miningweekly.com/article/lonmin-community-wants-operations-suspended-on-social-failings-2017-10-25,https://www.miningweekly.com/article/lonmin-community-wants-operations-suspended-on-social-failings-2017-10-25,050fd6f7d1b447cf42fb0693355706624b86b2d449927e5b6e5eda8652a01d6f,a7ab65fb13f0a0c7a73098d259f476fff8a7e99f738cdd1bec34d187d09db964,616
expanded_media_candidates_batch2__EXP-MEDIA-052,"Murder at Small Koppie: J'Accuse, Greg Marinovich's way",2016,Daily Maverick,expanded_media_candidates_batch2.csv,https://www.dailymaverick.co.za/article/2016-03-24-murder-at-small-koppie-jaccuse-greg-marinovichs-way/,https://www.dailymaverick.co.za/article/2016-03-24-murder-at-small-koppie-jaccuse-greg-marinovichs-way/,220c61372bbbed57e68a33a7ae1b6b95159a3b1a7124c759b6286a17cfcd542c,e7c653049f70cbe02f839ba07c7c0a279a7214f32aadad676d40cd06c9704c9f,1510
EXP-MEDIA-053,What's mine is mine: How the Bapo Ba Mogale got robbed of R800 million,2016,Daily Maverick,expanded_media_candidates_batch2.csv,https://www.dailymaverick.co.za/article/2016-10-26-whats-mine-is-mine-how-the-bapo-ba-mogale-got-robbed-of-r800-million/,https://www.dailymaverick.co.za/article/2016-10-26-whats-mine-is-mine-how-the-bapo-ba-mogale-got-robbed-of-r800-million/,e6e560d448238778f9f01cd3ef3df6273d6e460411dcad5e2ea67cb703389e03,1b956cb1027d78cc31571716f1edd38df16958a1ff0af5e5f7417e72a139054d,3707
EXP-MEDIA-054,Marikana Massacre: Police absolve 87 of their own,2017,Daily Maverick,expanded_media_candidates_batch2.csv,https://www.dailymaverick.co.za/article/2017-03-15-marikana-massacre-police-absolve-87-of-their-own/,https://www.dailymaverick.co.za/article/2017-03-15-marikana-massacre-police-absolve-87-of-their-own/,6792bd7ba4486fd040bdf72b8dc400ca61c47beebc4f742e917f54effc55ef32,6783bb29d75e2c9c4910ee6daba0965996b6b4bf172ba3e2696a8a6f6ecc9c8f,1103
EXP-MEDIA-055,"Marikana Massacre: 'He is fine, let him die'",2017,Daily Maverick,expanded_media_candidates_batch2.csv,https://www.dailymaverick.co.za/article/2017-03-20-marikana-massacre-he-is-fine-let-him-die/,https://www.dailymaverick.co.za/article/2017-03-20-marikana-massacre-he-is-fine-let-him-die/,9ee11d22e0a43f05ece01f6850904b75edfc2d29c264df198e9ac85e749ec4a9,9d912013d21925bb2185899c422d707ce1603f28416115e57f40dfd8ef712a01,1362
EXP-MEDIA-056,Will there ever be accountability for the Marikana Massacre?,2018,Daily Maverick,expanded_media_candidates_batch2.csv,https://www.dailymaverick.co.za/article/2018-06-15-will-there-ever-be-accountability-for-the-marikana-massacre/,https://www.dailymaverick.co.za/article/2018-06-15-will-there-ever-be-accountability-for-the-marikana-massacre/,e4996c597106c18aee7a4e124ca62791ef76f0a2f9834f647c5ecb6175a8a250,1d6c963955a0e40aa2a0cc8befbe7084770bc48844dfd90531626e3bff03b596,911
EXP-MEDIA-057,The legacy of Marikana: Accountability urgent to prevent another atrocity,2018,Daily Maverick,expanded_media_candidates_batch2.csv,https://www.dailymaverick.co.za/article/2018-08-15-the-legacy-of-marikana-accountability-urgent-to-prevent-another-atrocity/,https://www.dailymaverick.co.za/article/2018-08-15-the-legacy-of-marikana-accountability-urgent-to-prevent-another-atrocity/,755a04dc7a5b387b295df49da9dea857e20facf7b691c54a0f13fc9b9e472c85,8684828da74611d944c3e07478e13fcbd064e45469bfb068908b8ff77b7ab8f7,1290
EXP-MEDIA-058,"Marikana Massacre – IPID investigates massacred miners' deaths, and SAPS' lies, without the promised funding",2018,Daily Maverick,expanded_media_candidates_batch2.csv,https://www.dailymaverick.co.za/article/2018-08-30-marikana-massacre-ipid-investigates-massacred-miners-deaths-and-saps-lies-without-the-promised-funding/,https://www.dailymaverick.co.za/article/2018-08-30-marikana-massacre-ipid-investigates-massacred-miners-deaths-and-saps-lies-without-the-promised-funding/,ae63c8777118c5baa53acc8787563a0f433bb9c11bffdfae7d1cfe23458922ca,229a6561301004068ed6d383c27ac80480c9dfce4e54a97e540cdc51d0458be9,785
EXP-MEDIA-059,SA still waiting for action on Farlam Commission findings,2019,Daily Maverick,expanded_media_candidates_batch2.csv,https://www.dailymaverick.co.za/article/2019-08-16-sa-still-waiting-for-action-on-farlam-commission-findings/,https://www.dailymaverick.co.za/article/2019-08-16-sa-still-waiting-for-action-on-farlam-commission-findings/,5791a51a4a99d616cd8f8b808e49dc5cbd2aa3c265f114413eaffd3f4d3fe38d,82df3a9d1d0c2c7e95456c17a99478bbfd21dfc8ed7bf9366517081d967d7216,1073
EXP-MEDIA-060,Sibanye plans to cut 5 270 jobs as it restructures Marikana operations,2019,Engineering News,expanded_media_candidates_batch3.csv,https://www.engineeringnews.co.za/article/sibanye-plans-to-cut-5-270-jobs-as-it-restructures-marikana-operations-2019-09-25,https://www.engineeringnews.co.za/article/sibanye-plans-to-cut-5-270-jobs-as-it-restructures-marikana-operations-2019-09-25,c9a65e8509161774b8ac2788c2f86815808f289838e95f17e7f8b26a9ab5bacb,55fc1bb71cc17bb99387d11ae4fd57cb7b12b2ab7d4ab2aab950da5a8f70411b,978
EXP-MEDIA-061,Sibanye confirms final Marikana retrenchment figures,2020,Engineering News,expanded_media_candidates_batch3.csv,https://www.engineeringnews.co.za/article/sibanye-confirms-final-marikana-retrenchment-figures-2020-01-16,https://www.engineeringnews.co.za/article/sibanye-confirms-final-marikana-retrenchment-figures-2020-01-16,0c7bc753a0733ea35a66291c09e30d2cd3c0d3c0baf569b8aa2b2bd9f419de07,629de6a842565b9ecc40fecf12f427adeb006cd772e0603d9212de572d6d9ac6,553
EXP-MEDIA-062,Sibanye settles Marikana streaming deal,2020,Engineering News,expanded_media_candidates_batch3.csv,https://www.engineeringnews.co.za/article/sibanye-settles-marikana-streaming-deal-2020-03-04,https://www.engineeringnews.co.za/article/sibanye-settles-marikana-streaming-deal-2020-03-04,9a2f466c01b5bcf0ef54bfc2b7f8a3c4af55aee13cb563bdda81a201dc268e80,794ebac9ebae42d68b8de119653f9960380f5562bd5117ce760c99249ead45a2,554
EXP-MEDIA-063,"Sibanye launches campaign to reimagine, foster Marikana community of the future",2021,Engineering News,expanded_media_candidates_batch3.csv,https://www.engineeringnews.co.za/article/sibanye-launches-campaign-to-reimagine-foster-marikana-community-of-the-future-2021-04-16,https://www.engineeringnews.co.za/article/sibanye-launches-campaign-to-reimagine-foster-marikana-community-of-the-future-2021-04-16,24f9892fcaaa7f5c468dd6443d8c7ab86a13c167dc71d30ea58c29aec2805be3,e69b0f8ce2d73742a684ac34053e156cefc04db1e8621117613f7e785941bd66,1229
EXP-MEDIA-064,Sibanye-Stillwater hoists first tons from R4bn 4 000-job K4 platinum project,2022,Engineering News,expanded_media_candidates_batch3.csv,https://www.engineeringnews.co.za/article/first-tons-hoisted-at-marikanas-top-tier-4-000-job-k4-platinum-project-2022-05-16,https://www.engineeringnews.co.za/article/first-tons-hoisted-at-marikanas-top-tier-4-000-job-k4-platinum-project-2022-05-16,99f1bd32f992b3979fecd46ce3483f37c7b91c91fb04b5ae5f3f8212e6fe117e,2b7b6403c746e47593d77b61e975c7f29f3d5fb59301d9445c5d680ad1ba6378,809
EXP-MEDIA-065,"Sibanye reaches wage agreement with NUM, UASA, but AMCU holds out",2022,Engineering News,expanded_media_candidates_batch3.csv,https://www.engineeringnews.co.za/article/sibanye-reaches-wage-agreement-with-num-uasa-but-amcu-holds-out-2022-09-30,https://www.engineeringnews.co.za/article/sibanye-reaches-wage-agreement-with-num-uasa-but-amcu-holds-out-2022-09-30,e84b962cb52018a305d5b69b0f4c5b8b1c47ff5290f7c2870e26a98a90602200,21ca44d8c782a3aafa34b789865a6ef8e0b71b5e8581cf4723e8ecf6b235d348,636
EXP-MEDIA-068,More than 4 000 jobs on the line as Sibanye considers future of four South African PGM shafts,2023,Engineering News,expanded_media_candidates_batch3.csv,https://www.engineeringnews.co.za/article/more-than-4-000-jobs-on-the-line-as-sibanye-considers-future-of-four-south-african-pgm-shafts-2023-10-25,https://www.engineeringnews.co.za/article/more-than-4-000-jobs-on-the-line-as-sibanye-considers-future-of-four-south-african-pgm-shafts-2023-10-25,3b3fccc78b6d3fc665583423a7d7af483fbe1abb5ceb4a29ae1a1731576ef83e,2dc2c29de62199e9309f4118620a3cef45c6a0b2ec1514d6cd0cc117efb359db,994
EXP-MEDIA-069,"For the platinum Industry, Marikana was a ‘Mechanisation Moment’",2019,Daily Maverick,expanded_media_candidates_batch3.csv,https://www.dailymaverick.co.za/article/2019-08-16-for-the-platinum-industry-marikana-was-a-mechanisation-moment/,https://www.dailymaverick.co.za/article/2019-08-16-for-the-platinum-industry-marikana-was-a-mechanisation-moment/,067962144ec98ed1172fef4282934ce4e6a6fb6799673a35280f23b70f6cd64a,154cd65fadc9cdd8902962f40dba2aa5b55890b0a3177e37debfd665021f0118,1175
EXP-MEDIA-070,How the twilight of South Africa’s migrant labour system spawned a social apocalypse,2022,Daily Maverick,expanded_media_candidates_batch3.csv,https://www.dailymaverick.co.za/article/2022-11-27-how-the-twilight-of-sas-migrant-labour-system-spawned-a-social-apocalypse/,https://www.dailymaverick.co.za/article/2022-11-27-how-the-twilight-of-sas-migrant-labour-system-spawned-a-social-apocalypse/,c3890f74ac5a1d809b80cb6b7a0c1f4aa8cbafc535882ea9e62321aa39452e7c,cc37721a52a26a08a08d796f7f65cec805a80b1d17cb8e0fcdb366ccb45b903f,4078
EXP-MEDIA-071,Cooling of labour militancy in SA’s mines mirrors decline of migrant labour system,2022,Daily Maverick,expanded_media_candidates_batch3.csv,https://www.dailymaverick.co.za/article/2022-11-28-cooling-of-labour-militancy-in-sas-mines-mirrors-decline-of-migrant-labour-system/,https://www.dailymaverick.co.za/article/2022-11-28-cooling-of-labour-militancy-in-sas-mines-mirrors-decline-of-migrant-labour-system/,aa35668f707ed51a0cab7c191204f19df9225bc794604efe7ab2d431186e15f1,5fbfa06e0750244b8c77cc0eed13427cbfa9cbf10197f39c8f76a16312c6eae2,1245
SAT-EARLY-MEDIA-001,Lonmin inks landmark BEE deals with traditional community,2014,Mining Weekly,expanded_media_candidates_saturation_2010_2018.csv,https://www.miningweekly.com/article/lonmin-inks-landmark-bee-deals-with-traditional-community-2014-07-30,https://www.miningweekly.com/article/lonmin-inks-landmark-bee-deals-with-traditional-community-2014-07-30,044156553b8f856d3a1cdc6961d1946e815d9e28278f9b4df5a260971ce6dd2b,2b52a2f3771954cc9c0611a8c3969710cd78951799e379b6777994c8e36ea6df,1140
SAT-EARLY-MEDIA-002,Missing millions from Lonmin fund prompts community pay reform,2016,Mining Weekly / Bloomberg,expanded_media_candidates_saturation_2010_2018.csv,https://www.miningweekly.com/article/missing-millions-from-lonmin-fund-prompts-community-pay-reform-2016-08-04,https://www.miningweekly.com/article/missing-millions-from-lonmin-fund-prompts-community-pay-reform-2016-08-04,e4a8e5f19240ca179f8a02b63f9516dd875219c9a235cac9a2e20b51a5d5e914,d4c29bb2b91c27f40b5e62890d3bfc123a3cf7645a9996f27d064992f0c6da37,737
SAT-EARLY-MEDIA-005,Bapo cancel protest march against Lonmin after reaching new employment deal,2015,Mining Weekly / African News Agency,expanded_media_candidates_saturation_2010_2018.csv,https://www.miningweekly.com/article/bapo-cancel-protest-march-against-lonmin-after-reaching-new-employment-deal-2015-06-17,https://www.miningweekly.com/article/bapo-cancel-protest-march-against-lonmin-after-reaching-new-employment-deal-2015-06-17,2e383671ba7ed18a7cf54e89b8c9e32794b0bf1185f6b46917dd896d79f86658,cb54a9dcc41c76e674d821d58c19fbfd068dbd1361aecd094902508a5e6ca8c5,685
SAT-EARLY-MEDIA-006,Power shift in unions could mean a difficult time ahead in SA platinum belt,2013,Mining Weekly,expanded_media_candidates_saturation_2010_2018.csv,https://www.miningweekly.com/article/power-shift-in-unions-could-mean-a-difficult-time-ahead-in-sa-platinum-belt-2013-06-28,https://www.miningweekly.com/article/power-shift-in-unions-could-mean-a-difficult-time-ahead-in-sa-platinum-belt-2013-06-28,e0020daa30aed73341e920a6ddc32604a26312459a5afbc6d31724fcf90398ed,5df87ded47178f9ff14dc5b2ba8dbc55012c957c0e13d53ddf8668a920a2cb84,1394
SAT-EARLY-MEDIA-007,Lonmin artisan college forging ahead despite 2012 setbacks,2013,Mining Weekly,expanded_media_candidates_saturation_2010_2018.csv,https://www.miningweekly.com/article/lonmin-artisan-college-forging-ahead-despite-2012-setbacks-2013-03-05,https://www.miningweekly.com/article/lonmin-artisan-college-forging-ahead-despite-2012-setbacks-2013-03-05,11de5d5deac17df33469f0db3f2ca1c3cef71616edc6169d52793f2ba7cc94c2,343c41226d19d33ca448c5608c5f9a7100c5b0d7e317e2cc58b26d44a2701cac,752
SAT-EARLY-MEDIA-008,HONOURING AGREEMENTS,2013,Mining Weekly,expanded_media_candidates_saturation_2010_2018.csv,https://www.miningweekly.com/article/honouring-agreements-2013-03-15,https://www.miningweekly.com/article/honouring-agreements-2013-03-15,350626618f468451d202a6887ed8b6956a45a995a89d8a0846e6b848d65b6110,8d7cabe1afb3ab1c7d35fb5cbf6d00de41dba345966623062bc8bc38f7116b2b,431
SAT-EARLY-MEDIA-011,"Marikana: NPA drops 'common purpose' charges, but critical questions remain",2012,Daily Maverick,expanded_media_candidates_saturation_2010_2018.csv,https://www.dailymaverick.co.za/article/2012-09-03-marikana-npa-drops-common-purpose-charges-but-critical-questions-remain/,https://www.dailymaverick.co.za/article/2012-09-03-marikana-npa-drops-common-purpose-charges-but-critical-questions-remain/,9145c5f278e626bc257a5385e70818db20435de2454e03e32b7d769aa6d64cee,a827f850c75a626e21c8b32dfb22450141e36e6935f7ccd09bf44c45c5c1b257,2239
SAT-EARLY-MEDIA-012,A tale of two worlds - Sun City and Marikana,2012,Daily Maverick,expanded_media_candidates_saturation_2010_2018.csv,https://www.dailymaverick.co.za/article/2012-09-03-a-tale-of-two-worlds-sun-city-and-marikana/,https://www.dailymaverick.co.za/article/2012-09-03-a-tale-of-two-worlds-sun-city-and-marikana/,5fe5821f4635f3f884e9d74955dcda2d49c5df0177d59dd44e44be181cdce754,ac2a67850d3a8175140e0ba6032ec7aeafdac92dcf53075b8a3c13ab95ec87d6,819
SAT-EARLY-MEDIA-015,NUM Lonmin chairperson shot dead in Marikana,2013,Engineering News / Reuters,expanded_media_candidates_saturation_2010_2018.csv,https://www.engineeringnews.co.za/article/num-lonmin-chairperson-shot-dead-in-marikana-2013-10-18,https://www.engineeringnews.co.za/article/num-lonmin-chairperson-shot-dead-in-marikana-2013-10-18,f1fd5c7b93bbab0c6aa6182e10b9d87c17082b2d9e43db111c5718441b57c3d7,466508adfed3c746c274727f6a22373b849b045b53cb13aa6590efc801f01209,593
SAT-EARLY-MEDIA-016,"Some return to work, others strike",2014,Engineering News / Sapa,expanded_media_candidates_saturation_2010_2018.csv,https://www.engineeringnews.co.za/article/some-return-to-work-others-strike-2014-05-14,https://www.engineeringnews.co.za/article/some-return-to-work-others-strike-2014-05-14,de181686c6d7df7d8095cc81fb82f235478806e471a6c9ab54d32bdf01ce5d54,d7e6f3619aa6291b4d8b364301c09aec7a474c8cbb3e75d3a6f9fc2baad13be6,761
SAT-EARLY-MEDIA-018,Platinum miner aims to complete housing project by 2014,2013,Mining Weekly,expanded_media_candidates_saturation_2010_2018.csv,https://www.miningweekly.com/article/platinum-miner-aims-to-complete-housing-project-by-2014-2013-03-29,https://www.miningweekly.com/article/platinum-miner-aims-to-complete-housing-project-by-2014-2013-03-29,abe9b68aa530da5b38b89d45bf418e6839f2227cf4630fecddb06085510f7f07,f64859a3cc39c64ad235e05d944f60c1b9ae858c87cd87ed7c526c496d334f87,1090
SAT-MEDIA-001,"Another year, another Marikana commemoration - but betrayal, neglect and injustice are still there",2019,Daily Maverick,expanded_media_candidates_saturation_2019_2023.csv,https://www.dailymaverick.co.za/article/2019-08-16-another-year-another-marikana-commemoration-but-betrayal-neglect-and-injustice-are-still-there/,https://www.dailymaverick.co.za/article/2019-08-16-another-year-another-marikana-commemoration-but-betrayal-neglect-and-injustice-are-still-there/,66933cee74066e7d2574c5dc1516165fe5dbf4f406fff65e8b36d05c7cbfe841,c4bd63527bc078f97741de8f859db9ff066378622a780a2c79a2939d640a9c49,1383
SAT-MEDIA-002,Sibanye-Stillwater defeats mining communities challenging R5.4bn Lonmin merger,2019,Daily Maverick,expanded_media_candidates_saturation_2019_2023.csv,https://www.dailymaverick.co.za/article/2019-09-09-sibanye-stillwater-defeats-mining-communities-challenging-r5-4bn-lonmin-merger/,https://www.dailymaverick.co.za/article/2019-09-09-sibanye-stillwater-defeats-mining-communities-challenging-r5-4bn-lonmin-merger/,51cf60910915ccd710ffe3c83d80fd4e8e91d14d7679163c5d8d616ea51196a7,a02549a1876e4f686d43896ea85910d345433912b42be26445cb1a72d2fe0bcb,716
SAT-MEDIA-003,"Eight years later, families of killed Marikana miners still seek justice",2020,Daily Maverick,expanded_media_candidates_saturation_2019_2023.csv,https://www.dailymaverick.co.za/article/2020-08-14-eight-years-later-families-of-killed-marikana-miners-still-seek-justice/,https://www.dailymaverick.co.za/article/2020-08-14-eight-years-later-families-of-killed-marikana-miners-still-seek-justice/,68df75121fced0aee6c7054404acbe05d810e1061ede36e0ed4fce96d41a42ab,031402a7167ac48f70c46956584f7575db43caf4bfd9e2c0b424f1e63a6faf9c,918
SAT-MEDIA-013,Sibanye files court papers to oppose application to halt R5.2bn Lonmin merger,2019,Mining Weekly,expanded_media_candidates_saturation_2019_2023.csv,https://www.miningweekly.com/article/sibanye-files-court-papers-to-oppose-application-to-halt-r52bn-lonmin-merger-2019-08-02,https://www.miningweekly.com/article/sibanye-files-court-papers-to-oppose-application-to-halt-r52bn-lonmin-merger-2019-08-02,2484aa6a6b6bcea45ba19c5b304cfbf5f6c558f456b3dce1b2572a95664ab7a2,6dc123b6cd5951bcb9bcfb23483bc8086b7a488e08d76d010e7794a9418f3678,875
SAT-MEDIA-014,Sibanye says ConCourt dismisses GLC's applications,2019,Mining Weekly,expanded_media_candidates_saturation_2019_2023.csv,https://www.miningweekly.com/article/sibanye-says-concourt-dismisses-glcs-applications-2019-09-05,https://www.miningweekly.com/article/sibanye-says-concourt-dismisses-glcs-applications-2019-09-05,1ac83899c68b3bce4667961349f5387406c83ce98213e75b2a7d130d0442d081,b61bf7ded84a92226a5fd4f82058666ac898ffb023846ce66cc09239ed2d6cd5,573
SAT-MEDIA-015,Sibanye-Stillwater restructures historical Lonmin BEE structure,2021,Mining Weekly,expanded_media_candidates_saturation_2019_2023.csv,https://www.miningweekly.com/article/sibanye-stillwater-restructures-historical-lonmin-bee-structure-2021-04-14,https://www.miningweekly.com/article/sibanye-stillwater-restructures-historical-lonmin-bee-structure-2021-04-14,dcad58d37266cea50b37c7b54a2c57dea84d61190ba933fcc0c1fc7fb059f92e,ef4a2bd6c96b68cd68ebd992cdedd3d9b0d9fe17595c6ceed5cbba835e0f9887,602
SAT4-MEDIA-001,Lesson from Marikana: The other side of above-inflation pay rises,2019,Daily Maverick,expanded_media_candidates_saturation_batch4.csv,https://www.dailymaverick.co.za/article/2019-07-10-lesson-from-marikana-the-other-side-of-above-inflation-pay-rises/,https://www.dailymaverick.co.za/article/2019-07-10-lesson-from-marikana-the-other-side-of-above-inflation-pay-rises/,3c367ed050d510405a34c5ba38c934e2cf248428a13f8538a705d409d6155de7,3580d85d4f196d0d071fb44338282f60640c824ad9afc6beeba233c796706d29,900
SAT4-MEDIA-005,Marikana and the police: It's been a decade and the SAPS has learnt nothing,2022,Daily Maverick,expanded_media_candidates_saturation_batch4.csv,https://www.dailymaverick.co.za/article/2022-08-13-marikana-and-the-police-its-been-a-decade-and-theyve-learnt-nothing/,https://www.dailymaverick.co.za/article/2022-08-13-marikana-and-the-police-its-been-a-decade-and-theyve-learnt-nothing/,ebad423767de65ba0eb5f2484815899bbd65478a31a96a59838503eb4c45c46f,52bc0caaef61f3d9c5eeb06d9b7ca5002db0bb554cf3bd23c76b8defe3f13a8f,1747
SAT4-MEDIA-006,Ten years on: The possibility of holding Cyril Ramaphosa personally liable for the Marikana tragedy,2022,Daily Maverick,expanded_media_candidates_saturation_batch4.csv,https://www.dailymaverick.co.za/article/2022-08-15-10-years-on-the-possibility-of-personal-liability-for-ramaphosa-for-marikana/,https://www.dailymaverick.co.za/article/2022-08-15-10-years-on-the-possibility-of-personal-liability-for-ramaphosa-for-marikana/,d7d726f22dc5f425435ccca95e730d2890832bd467d6abaa0abc519b8c296830,89864bd2ae3b43c31f6a1a5682f65612890fd1d55e9dabcaa4b9e90de1ce5f9a,1279
SAT4-MEDIA-007,"Marikana massacre: Ten years on, the truth-tellers still carry the weight of what they uncovered",2022,Daily Maverick,expanded_media_candidates_saturation_batch4.csv,https://www.dailymaverick.co.za/article/2022-08-15-ten-years-on-the-marikana-truth-tellers-still-carry-the-weight-of-what-they-uncovered/,https://www.dailymaverick.co.za/article/2022-08-15-ten-years-on-the-marikana-truth-tellers-still-carry-the-weight-of-what-they-uncovered/,279917af20b833562aee36b0b5c9ac28609e5f6cbc46c57f252f1c1996fba920,b6726a47f883af8b59913010708c37ceb469da91bd9b86e994a39137b840bb0d,1907
SAT4-MEDIA-008,Marikana bereaved say no healing can occur until someone takes responsibility,2022,Engineering News,expanded_media_candidates_saturation_batch4.csv,https://www.engineeringnews.co.za/article/marikana-bereaved-say-no-healing-can-occur-until-someone-takes-responsibility-2022-08-18,https://www.engineeringnews.co.za/article/marikana-bereaved-say-no-healing-can-occur-until-someone-takes-responsibility-2022-08-18,7c917a6543cd3ea4460c22491442d0241d5608d9fb1fe5676cc9411779135030,8d67fd332c553ebc4b7f99f8eaf18514e24d6dfcb1dcf9ae70986bedcf428ddb,931
SAT4-MEDIA-009,"Lonmin working hard to improve living conditions, says CEO Magara",2016,Engineering News,expanded_media_candidates_saturation_batch4.csv,https://www.engineeringnews.co.za/article/lonmin-working-hard-to-improve-living-conditions-says-ceo-magara-2016-08-16,https://www.engineeringnews.co.za/article/lonmin-working-hard-to-improve-living-conditions-says-ceo-magara-2016-08-16,b5a1be89d5830abe77efcd84f8949ae19dac15a48694d01fc58a6a27e71d4fb0,457f4827583987641cef61f31a14fde0fb0691efbd9a0b6a3189cf624c7252f8,775
SAT4-MEDIA-010,South Africa platinum union to restart trust for Marikana miners,2016,Engineering News / Bloomberg,expanded_media_candidates_saturation_batch4.csv,https://www.engineeringnews.co.za/article/south-africa-platinum-union-to-restart-trust-for-marikana-miners-2016-08-15,https://www.engineeringnews.co.za/article/south-africa-platinum-union-to-restart-trust-for-marikana-miners-2016-08-15,3f0c331d8f4f33ab167e816f02ed6a4c56c68169f3a37ce850b114f2df7373c5,68993943a0d7a740ed8a7620b256a273ebde44cfefa40fddb052e6bc85d7c43e,454
SAT4-MEDIA-011,AMCU signs three-year wage deal with Lonmin,2016,Engineering News,expanded_media_candidates_saturation_batch4.csv,https://www.engineeringnews.co.za/article/amcu-signs-three-year-wage-deal-with-lonmin-2016-10-31,https://www.engineeringnews.co.za/article/amcu-signs-three-year-wage-deal-with-lonmin-2016-10-31,669d45525bb33a97ba5177dc8c6e861617726b9cf2c4ae18c20e6b2693574778,db31f9d7c073bce9cf02261d8120469cdde2c108419365c67865626ba6a4a539,731
SAT5-MEDIA-001,"Farlam finds against Lonmin, recommends enforced housing delivery",2015,Mining Weekly / Creamer Media,expanded_media_candidates_saturation_batch5.csv,https://www.engineeringnews.co.za/article/marikana-report-2015-06-25,https://www.engineeringnews.co.za/article/marikana-report-2015-06-25,90cf035c8fb093b222a480141e29fa10e54ad28ec9a8205cde650e3f9b1d8617,3684ebbcf169aafbb1be2f2c91a2e070f6466944be6845774b9bd6f5ee7bdf04,2741
SAT5-MEDIA-002,Lonmin affirms Farlam report,2015,Engineering News / Creamer Media,expanded_media_candidates_saturation_batch5.csv,https://www.engineeringnews.co.za/article/lonmin-affirms-farlam-report-2015-08-21,https://www.engineeringnews.co.za/article/lonmin-affirms-farlam-report-2015-08-21,a3cb0b440ea62b69cab66d9dee421ec9aaa4228923220abe5fe910c4c546f861,7d7e821d7afd43a9ab350608562868c891ab5eaaac49b4866ba3ac248de19060,769
SAT5-MEDIA-003,Rights organisations are seeking accountability for failed Marikana housing,2022,Engineering News,expanded_media_candidates_saturation_batch5.csv,https://www.engineeringnews.co.za/article/human-rights-orgs-are-seeking-accountability-for-failed-marikana-housing-2022-08-16,https://www.engineeringnews.co.za/article/human-rights-orgs-are-seeking-accountability-for-failed-marikana-housing-2022-08-16,2befb50a2aadf3548d9f1806fc755c666f4ef88f5aa9df1d9d37f6f6676f1a19,57f89992d21d262642b977f1fbe2793fcd16427bcf1cef10640da2f666f1dbc6,1142
SAT6-MEDIA-001,"Lonmin commemorates deceased mineworkers, describes massacre as ‘catalyst for change’",2013,Engineering News / Creamer Media,expanded_media_candidates_saturation_batch6.csv,https://www.engineeringnews.co.za/article/lonmin-commemorates-deceased-mineworkers-describes-massacre-as-catalyst-for-change-2013-08-23,https://www.engineeringnews.co.za/article/lonmin-commemorates-deceased-mineworkers-describes-massacre-as-catalyst-for-change-2013-08-23,2646b6cdfa757a64cbf3fddc83aedd8c425dbc1774d7f05faaa96d2aad4ae2af,da5412dc8c66e4a3bc036561f88878c2526de3b5ac1492187d164f26b6592813,1098
SAT6-MEDIA-003,Court dismisses Riah Phiyega’s attempt to overturn findings of Marikana Commission,2021,Daily Maverick,expanded_media_candidates_saturation_batch6.csv,https://www.dailymaverick.co.za/article/2021-06-20-court-dismisses-riah-phiyegas-attempt-to-overturn-findings-of-marikana-commission/,https://www.dailymaverick.co.za/article/2021-06-20-court-dismisses-riah-phiyegas-attempt-to-overturn-findings-of-marikana-commission/,3adfd72635ecd6bc78a1c17d2f1b5408d20bf7bb8a623339e68ab2a23d510c9e,467db209539fe71acc8aea7f33e3345f4d409fbb9d16fc493d36fab683061e5d,1353
SAT7-MEDIA-001,Marikana Commission: Ramaphosa walks the line,2014,Daily Maverick,expanded_media_candidates_saturation_batch7.csv,https://www.dailymaverick.co.za/article/2014-08-13-marikana-commission-ramaphosa-walks-the-line/,https://www.dailymaverick.co.za/article/2014-08-13-marikana-commission-ramaphosa-walks-the-line/,b3d5d341450619e6ddb93f04582c2b5c037f821a83e5ba5599ca10efe8bfce2a,643f5cab79d19373e0542eb0c05251f4aac3b5bdf00ac3ae617ba10b7ed9ee2b,1565
SAT7-MEDIA-002,Marikana Commission: Police’s defence collapsing,2014,Daily Maverick,expanded_media_candidates_saturation_batch7.csv,https://www.dailymaverick.co.za/article/2014-09-09-marikana-commission-polices-defence-collapsing/,https://www.dailymaverick.co.za/article/2014-09-09-marikana-commission-polices-defence-collapsing/,5cdf36902441f9e7b454704e06f7fa5a23541fd69b11e36600a5f0a33c1d9a85,ee8832e468ec5d18937d551b3013562e5aaa215e68dd42d8f91f588f11330981,1590
SAT8-MEDIA-001,Marikana Commission: Mthethwa under fire,2014,Daily Maverick,expanded_media_candidates_saturation_batch8.csv,https://www.dailymaverick.co.za/article/2014-07-16-marikana-commission-mthethwa-under-fire/,https://www.dailymaverick.co.za/article/2014-07-16-marikana-commission-mthethwa-under-fire/,78a44a317da68a4ab1fdedb150a26aff1b6b4d41d0d89a3a8bca028b8be7d1d2,087f6a62fb0ab8e92b98c04f7fe8732513316368d08e376fb8666559aae1d705,1388
SAT8-MEDIA-002,Marikana Commission: Riah Phiyega's impossibly hazy memory,2014,Daily Maverick,expanded_media_candidates_saturation_batch8.csv,https://www.dailymaverick.co.za/article/2014-09-11-marikana-commission-riah-phiyegas-impossibly-hazy-memory/,https://www.dailymaverick.co.za/article/2014-09-11-marikana-commission-riah-phiyegas-impossibly-hazy-memory/,f8eae541b7d726311acc3e6388ce7f0bb7ae1029e9b7134f9b6384622c42ca95,413d25fa63cd15b46c5b6de540ec2046af2bfc92679f9f8e2213056ad15a5ae0,1266
SAT8-MEDIA-003,"Marikana Commission: Under oath, Phiyega’s bald-faced lie exposed",2013,Daily Maverick,expanded_media_candidates_saturation_batch8.csv,https://www.dailymaverick.co.za/article/2013-03-19-marikana-commission-under-oath-phiyegas-bald-faced-lie-exposed/,https://www.dailymaverick.co.za/article/2013-03-19-marikana-commission-under-oath-phiyegas-bald-faced-lie-exposed/,281eb30001adcc596f5a60dc79dbb4ef5f1b858f93fdf8741d39ac52693bf1d5,771fd37907c79215ddb37f6cabd38b984f0c5d860ad13b2d3fadf5abfefc48a7,1487
SAT8-MEDIA-004,Marikana Commission: Phiyega’s bad start gets worse,2013,Daily Maverick,expanded_media_candidates_saturation_batch8.csv,https://www.dailymaverick.co.za/article/2013-03-19-marikana-commission-phiyegas-bad-start-gets-worse/,https://www.dailymaverick.co.za/article/2013-03-19-marikana-commission-phiyegas-bad-start-gets-worse/,ac6c219cd745f8e3bc1a85720e51ee14ad176b443382b8bb2a54c9b0f49b3cc5,c24230f6d9167ed7e6f423f15356d7963f9431e0b4da2d7c75e2834794ea0312,1067
SAT8-MEDIA-005,Marikana: Phiyega on the attack and Malema on new legal and political crusade,2015,Daily Maverick,expanded_media_candidates_saturation_batch8.csv,https://www.dailymaverick.co.za/article/2015-07-03-marikana-phiyega-on-the-attack-and-malema-on-new-legal-and-political-crusade/,https://www.dailymaverick.co.za/article/2015-07-03-marikana-phiyega-on-the-attack-and-malema-on-new-legal-and-political-crusade/,b6d74c75d2f6815a071764f58a775e38be3f916a50014d4baf10d2626783b0c3,be91f126b179c3ea84c041a7a56cf6b5e2600aa724acb0e485e0f21c45363a30,1510
SAT8-MEDIA-006,"Marikana report: Despite the release promise, pressure on Zuma persists",2015,Daily Maverick,expanded_media_candidates_saturation_batch8.csv,https://www.dailymaverick.co.za/article/2015-05-27-marikana-report-despite-the-release-promise-pressure-on-zuma-persists/,https://www.dailymaverick.co.za/article/2015-05-27-marikana-report-despite-the-release-promise-pressure-on-zuma-persists/,1319c443501b41cd3b02c33893ae2a5d1999c35043bfa873a7973a15eca04589,0145dead05981fa047718eafcd25df6795b6ab570bf0c60153b61abdaf70cee4,1367
WEB-MEDIA-002,Marikana and the many faces of justice,2021,Daily Maverick,expanded_media_candidates_web_2019_2023.csv,https://www.dailymaverick.co.za/article/2021-08-22-marikana-and-the-many-faces-of-justice/,https://www.dailymaverick.co.za/article/2021-08-22-marikana-and-the-many-faces-of-justice/,23548c2ddc998bcbf10064512d3ea7e479a7e8f67f7c9b74a46dc8386177d9d4,511f6e6b379ee9ed86e985127e944ff8887c52c0f229f439e340f192079ba365,885
WEB-MEDIA-003,Marikana massacre commemorated with second yearly memorial lecture,2021,Mining Weekly,expanded_media_candidates_web_2019_2023.csv,https://www.miningweekly.com/article/marikanamassacre-commemorated-with-second-yearly-memorial-lecture-2021-08-17,https://www.miningweekly.com/article/marikanamassacre-commemorated-with-second-yearly-memorial-lecture-2021-08-17,f757bc75ba5505e736593d013fcb8f9a7f1f058839bc0c063e6d0c8bc6e4c50a,b996b496c0b13e7e24a611d5c30884511e14d11cbb6ad7c5d284685842da5505,1156
WEB-MEDIA-004,Sibanye continues to make reparations at Marikana,2022,Mining Weekly,expanded_media_candidates_web_2019_2023.csv,https://www.miningweekly.com/article/sibanye-continues-to-make-reparations-at-marikana-2022-07-15,https://www.miningweekly.com/article/sibanye-continues-to-make-reparations-at-marikana-2022-07-15,a6eda059c9eca72e7e8ffe7f7ccd3dc41bb23225714c28ac9478693e34f6ab56,85f2f5ba9538dbc9941670775b274bea0baa0bd45ea1b1df425624e522f98a99,1582
WEB-MEDIA-005,Human rights orgs are seeking accountability for failed Marikana housing,2022,Mining Weekly,expanded_media_candidates_web_2019_2023.csv,https://www.miningweekly.com/article/human-rights-orgs-are-seeking-accountability-for-failed-marikana-housing-2022-08-16,https://www.miningweekly.com/article/human-rights-orgs-are-seeking-accountability-for-failed-marikana-housing-2022-08-16,3aa0967c2374afa02a77c54d165bf267ed810915a2d6ffa20062f5990fb2d0b8,5535ed589c1e18fb3a1f72909ede296e2057742197ea61f9c88a8e8b05ad8ea8,1140
WEB-MEDIA-007,After the Bell: South African miners are by no means earning the 'slave wages' asserted by Amcu leader,2023,Daily Maverick,expanded_media_candidates_web_2019_2023.csv,https://www.dailymaverick.co.za/article/2023-12-10-after-the-bell-sa-miners-are-by-no-means-earning-the-slave-wages-asserted-by-amcus-mathunjwa/,https://www.dailymaverick.co.za/article/2023-12-10-after-the-bell-sa-miners-are-by-no-means-earning-the-slave-wages-asserted-by-amcus-mathunjwa/,66d515742d679cda2b832906125f989fadf980764b943e60d65182cf30510b1d,bfbc32ec233982d3a7c8f59ade02777d935b43d9f1bfae9580a606235daa6448,1017
EXP-NGO-001,Coping with Unsustainability: Policy Gap 7 – Lonmin 2003–2012,2013,Bench Marks Foundation,expanded_ngo_candidates_batch1.csv,https://www.bench-marks.org.za/wp-content/uploads/2021/02/lonmin_report_print-1.pdf,https://www.bench-marks.org.za/wp-content/uploads/2021/02/lonmin_report_print-1.pdf,bd454f4acde184b55498af08f9367ba583497601be1596b9c28c8b771628014f,83026626a5507df5ddf573d25c2a2a47e1480f4b002ab76424f2ffa25a607fd0,26654
EXP-NGO-002,"Platinum for the World Market, Iron Shacks for the Workers: Living and Working Conditions in Marikana Five Years After the Massacre",2017,Bread for the World / Bench Marks Foundation,expanded_ngo_candidates_batch1.csv,https://www.brot-fuer-die-welt.de/fileadmin/mediapool/blogs/Dossing_Helle/platinum_for_the_world.final_.pdf,https://www.brot-fuer-die-welt.de/fileadmin/mediapool/blogs/Dossing_Helle/platinum_for_the_world.final_.pdf,688ea7c230d46768a10ecb41dee40a368a39f6cf42284c4d5ab238d172152516,4d43e01d353f65a54048942cbe365d44333cd6131c0c75f047c66a5071fadffe,20809
EXP-NGO-003,Lonmin Social and Labour Plan Analysis: Qualitative and Quantitative Assessment,2014,South African Human Rights Commission / Marikana Commission,expanded_ngo_candidates_batch1.csv,https://www.sahrc.org.za/home/21/files/Lonmin%20Social%20and%20Labour%20Plan%20Analysis%20Qualitative%20and%20Quantitative%20Assessment%20%28Final%29%5B1%5D.pdf,https://sahrc.org.za/home/21/files/Lonmin%20Social%20and%20Labour%20Plan%20Analysis%20Qualitative%20and%20Quantitative%20Assessment%20(Final)[1].pdf,f87f772abdc69db9f464df2a8f2934bc76ea5902328b3ed87788fdc45c643205,a6aa998eafebfdebdefbba59e17ada2e210ab7e29e055674ae1e577adefebce5,16479
EXP-NGO-004,"Nothing has changed for the better, things are worse",2022,Bench Marks Foundation,expanded_ngo_candidates_batch1.csv,https://www.bench-marks.org.za/nothing-has-changed-for-the-better-things-are-worse/,https://www.bench-marks.org.za/nothing-has-changed-for-the-better-things-are-worse/,e1161d7c08f6bb07201d985032ad5bf113caaa346e5db816f426c9c471d1b883,d250032f4dd4206485535401665006746cf2eb7ee708b986b44f136f1ccaa89f,5886
EXP-NGO-005,Smoke and Mirrors: Lonmin's failure to address housing conditions at Marikana,2016,Amnesty International,expanded_ngo_candidates_batch1.csv,https://www.amnesty.org/en/wp-content/uploads/2021/05/AFR5345522016ENGLISH.pdf,https://www.amnesty.org/en/wp-content/uploads/2021/05/AFR5345522016ENGLISH.pdf,1321bd90a7dd9d43e259f0c282042dc86ae9abbbe8647a1a5460718780bb4b8a,6ece34574b71c54260d97f35d4a828b5f5f712549c0470b3276f45807ecad4a4,30015
EXP-NGO-006,Carrying the Costs: Human rights impacts in communities affected by platinum mining in South Africa,2018,Swedwatch with Bench Marks Foundation,expanded_ngo_candidates_batch1.csv,https://www.bench-marks.org.za/wp-content/uploads/2021/02/carrying_the_costs.pdf,https://www.bench-marks.org.za/wp-content/uploads/2021/02/carrying_the_costs.pdf,b189cd1ca0d3c430498d0aa4ba760d2cde83eff1147fd0664a8abc91cfc88a34,c6893879eb020d252844fdf0e85066f1fdcef052f3ff936774a935c48f2c3d02,16593
EXP-NGO-008,SERI to represent AMCU at the Marikana Commission,2012,Socio-Economic Rights Institute of South Africa,expanded_ngo_candidates_batch2.csv,https://www.seri-sa.org/images/stories/seri_mediastatement_amcu_14sep12.pdf,https://www.seri-sa.org/images/stories/seri_mediastatement_amcu_14sep12.pdf,5db9427067f74813b5140d4d84c23cf01a0d74c95988ddac150683a9ba17ae86,42d3f2ebebdb1a2de412c22c1d2655558f2e24fe332129c4d2279878d2dea32d,129
EXP-NGO-009,Civil Society Statement Regarding the Killings at Marikana: A Demand for Justice and Truth,2012,SERI and South African civil-society organisations,expanded_ngo_candidates_batch2.csv,https://www.seri-sa.org/images/stories/marikana_civil_society_statement_13_september_2012_.pdf,https://www.seri-sa.org/images/stories/marikana_civil_society_statement_13_september_2012_.pdf,4b8b714e0cc4066b8e15ba651ace9e5b4a148dcbfc957686c3c1110f141dd767,4428dfbd225076e104254bcfa2a86026914854dbc3cd51fccf6f3be764ede21c,1323
EXP-NGO-010,Police Intimidation of Witnesses at Marikana Commission of Inquiry,2012,Socio-Economic Rights Institute of South Africa,expanded_ngo_candidates_batch2.csv,https://abahlali.org/node/9299/,https://abahlali.org/node/9299/,f172f8f689b594455a3cbe432b33245e02f5cc61597e076287d925f8a082ed07,7bd1eca73ff697a329be6bc7ffe5b44294287ae99e49ee7edbd0d14d25110ee0,550
EXP-NGO-011,Families of Marikana deceased demand payment from SAPS,2013,Socio-Economic Rights Institute of South Africa,expanded_ngo_candidates_batch2.csv,https://www.seri-sa.org/images/stories/Marikana_damages_pressrelease_28Feb13_final.pdf,https://www.seri-sa.org/images/stories/Marikana_damages_pressrelease_28Feb13_final.pdf,bf1de03ce7b25b657d808c56e3b49b451cc725a8670ea4e61f99b545992c34fe,99b67f57eea2f82649fd7e20148d17e5de36de2f9989108e58aafcbc55e45e5f,386
EXP-NGO-013,Families of slain Marikana miners want the truth about massacre to be revealed,2020,Socio-Economic Rights Institute of South Africa,expanded_ngo_candidates_batch2.csv,https://www.seri-sa.org/images/SERI_Statement-Marikana_families_want_the_truth_revealed.pdf,https://www.seri-sa.org/images/SERI_Statement-Marikana_families_want_the_truth_revealed.pdf,4bd7cff39cbdc8e3da20fa9059e4fe17527edeaaa4649368ced30a6d4fcc1c96,f62138ed89d4214b2ef02f68d897222b098a5f170b14f6ff1a7665b9e553ff1b,351
EXP-NGO-014,"Eight years since Marikana, the brutality and lack of accountability continues",2020,Socio-Economic Rights Institute of South Africa,source_overrides,https://www.seri-sa.org/images/SERI_Press_statement_Marikana_8th_anniversary_FINAL.pdf,https://www.seri-sa.org/images/SERI_Press_statement_Marikana_8th_anniversary_FINAL.pdf,190808aec2bb6ebe7b56e4f1d0a9a4318392dd7b2d4ad10304cb4e20b327a75f,b459e4cd24bd76ece54cf81d998a4834ec7f69840baaafaca86fb5b32762718d,451
EXP-NGO-015,SERI commemorates the 9th anniversary of the Marikana massacre,2021,Socio-Economic Rights Institute of South Africa,expanded_ngo_candidates_batch2.csv,https://www.seri-sa.org/index.php/more-news/1185-advocacy-seri-commemorates-the-9th-anniversary-of-the-marikana-massacre-15-september-2021,https://www.seri-sa.org/index.php/more-news/1185-advocacy-seri-commemorates-the-9th-anniversary-of-the-marikana-massacre-15-september-2021,623b5dcfb033057d09a596e0affc7954c82b80a286da67879b4a620370a29fee,c2ff1d31339a37e96bb15cf1c81d98e5caace5abe1ef195d61218ee03c5e4398,788
EXP-NGO-016,Ten years since the Marikana massacre,2022,Socio-Economic Rights Institute of South Africa,expanded_ngo_candidates_batch2.csv,https://seri-sa.org/images/SERI_Press_statement__10_years_since_Marikana_FINAL.pdf,https://seri-sa.org/images/SERI_Press_statement__10_years_since_Marikana_FINAL.pdf,26e925fae3ff1abf7427a8a317ade6bfd13b158d90dd30f1eeb7c76b5e0c6603,8803e3eaddbbb69c80f7ddf1956fa852e1a2507cea2a57d3338a80eedf2edba2,585
EXP-NGO-017,11 years later: The victims of the Marikana Massacre still await justice,2023,Socio-Economic Rights Institute of South Africa,expanded_ngo_candidates_batch2.csv,https://www.seri-sa.org/images/Final_SERI_Press_statement__Marikana_11th_anniversary.pdf,https://www.seri-sa.org/images/Final_SERI_Press_statement__Marikana_11th_anniversary.pdf,09bb2efefa4f2ea66c69e8d6cebd909ad99abb4dc09375513bcfd224c7e7622c,c5b5b328665308e4d03074c5e895b129d408ccfd2b6f4ccdb1ccd356e078946e,1010
EXP-NGO-018,Marikana: Response to Solicitor General's Media Briefing,2023,Socio-Economic Rights Institute of South Africa,expanded_ngo_candidates_batch2.csv,https://www.seri-sa.org/images/FINAL_SERI_Press_statement__Marikana_claims_2023_20230818.pdf,https://www.seri-sa.org/images/FINAL_SERI_Press_statement__Marikana_claims_2023_20230818.pdf,cbce267b64c94ee98ae71977cf36ee625e34a2e5465bb723d7d0f512534c7e82,82580c21106c497ee8cc678af17895318c2d34b0b6a8fe83bd9de23ad52f319a,1218
EXP-NGO-019,South Africa: Marikana mine killings inquiry must be robust and visibly impartial,2012,Amnesty International,expanded_ngo_candidates_batch2.csv,https://www.amnesty.org.uk/knowledge-hub/all-resources/south-africa-marikana-mine-killings-inquiry-must-be-robust-and-visibly-impartial/,https://www.amnesty.org.uk/knowledge-hub/all-resources/south-africa-marikana-mine-killings-inquiry-must-be-robust-and-visibly-impartial/,ee06683493df96088a38158ce507544a4933266673ce2634ed251834e2ecb32d,eaae0d787e76ec3575fd4fb77a231be77acbd0e7f37c3c5f0c9438bfc603c95d,594
EXP-NGO-020,South Africa: Unlawful force and the pattern of concealment: Barriers to accountability for the killings at Marikana,2014,Amnesty International,expanded_ngo_candidates_batch2.csv,https://www.amnesty.org/en/wp-content/uploads/2023/05/AFR530042014ENGLISH.pdf,https://www.amnesty.org/en/wp-content/uploads/2023/05/AFR530042014ENGLISH.pdf,2bcc160308c9a823a26ccea1e46b493d4e96f3a6072000fd0740207b2f1f8ffb,17720fed8e7236714b452139faf6756f287cfe3d693d7d8ae5e991b348b8cf15,7158
EXP-NGO-021,South Africa: President Zuma must urgently make Marikana findings public,2015,Amnesty International,expanded_ngo_candidates_batch2.csv,https://www.amnesty.org/en/latest/news/2015/03/south-africa-president-zuma-marikana-findings/,https://www.amnesty.org/en/latest/news/2015/03/south-africa-president-zuma-marikana-findings/,01d36d71659226b2ec8280c66d8ab88a9f2fa65cf5af67457ffde4507539e4f4,892899c40e7f46909f2ed7fbe577532a3d9a1e7636e1571de9dc17eb8a1f1042,1061
EXP-NGO-022,South Africa: Marikana Commission Report only partly addresses accountability leaving families with a long struggle for closure,2015,Amnesty International,source_overrides,https://www.amnesty.org/en/wp-content/uploads/2023/06/AFR5321112015ENGLISH.pdf,https://www.amnesty.org/en/wp-content/uploads/2023/06/AFR5321112015ENGLISH.pdf,41823df25c95f391379124fdb0fa22c9466c736ef9bf76548b2fc30d226c78fc,30f3beb4fb29cb7e26f466b637babfc5c76c0946fc024c8f919e91ebb4432ca1,1223
EXP-NGO-023,South Africa: Suspend those behind the Marikana killings and subsequent cover-up,2015,Amnesty International,expanded_ngo_candidates_batch2.csv,https://www.amnesty.org/en/latest/news/2015/08/south-africa-suspend-those-behind-the-marikana-killings-and-subsequent-cover-up/,https://www.amnesty.org/en/latest/news/2015/08/south-africa-suspend-those-behind-the-marikana-killings-and-subsequent-cover-up/,f2df3782d8d4d26d088ad5dc0dcbbf64b7997fce30d7ca77051dc6e065c10603,9f806dc4df116be01601f9e5693013cb00c3d7d14f4195eba5604803b94a987f,676
EXP-NGO-024,Families request Marikana Report be released by Friday,2015,SERI / Legal Resources Centre,expanded_ngo_candidates_batch3.csv,https://seri-sa.org/images/Marikana_PressStatement_27May15_FINAL.pdf,https://seri-sa.org/images/Marikana_PressStatement_27May15_FINAL.pdf,2105c0a6ebe36385e4f3f8dfd3e02f688ff9ba4d68731c09113480fb32d62a43,aabed8a2aae40d2ab70cfb7cd99047c99bbc1f14a5b6596c51b1b227e304c4fa,512
EXP-NGO-025,Families of Marikana mineworkers file civil claims against Government,2015,SERI / Legal Resources Centre / Wits Law Clinic,expanded_ngo_candidates_batch3.csv,https://seri-sa.org/images/Marikana_PressStatement.pdf,https://seri-sa.org/images/Marikana_PressStatement.pdf,5b27358e9f7fd4341301fb6f0e19ad05b0935529687109842995f090dbc69315,82668b174b62d43eda62e451afd97e748b662131e0c32da4bc1e222dd2014074,421
EXP-NGO-026,Constitutional Court dismisses Legal Aid appeal,2015,Socio-Economic Rights Institute of South Africa,expanded_ngo_candidates_batch3.csv,https://seri-sa.org/images/MagidiwanaCCPress.pdf,https://seri-sa.org/images/MagidiwanaCCPress.pdf,fae9972d72de5972d8539858d26668079b98ed1ae753f3e1722d5b0fa5e3c79a,b99fb347e5df1873365dae0554ca83b725b0fa5f35e5c2ab365774f1c854c675,370
EXP-NGO-027,Marikana families left in the dark despite President’s assurances to the media,2015,Socio-Economic Rights Institute of South Africa,expanded_ngo_candidates_batch3.csv,https://seri-sa.org/images/MarikanaSettlements.pdf,https://seri-sa.org/images/MarikanaSettlements.pdf,4e956dcb7a959cb346fea400c3905df19c3238214d54cfdc3625bff3189f4caf,507848024b312ab519e562faa946d51e68ec5477e3a240ca3d5be71ab7f479e7,452
EXP-NGO-028,SERI stands by claims for damages made by the deceased miners' families against the state,2021,Socio-Economic Rights Institute of South Africa,expanded_ngo_candidates_batch3.csv,https://www.seri-sa.org/images/SERI_Press_statement__Marikana_Claims_FINAL.pdf,https://www.seri-sa.org/images/SERI_Press_statement__Marikana_Claims_FINAL.pdf,71fc85c740307bd4ae18cbab3d73c6085cc70bf66d744936e6669830d720aced,4034e0a9f140dc806f72584093090e8cdb119f74eba02db4502ed46ec63789a1,1168
EXP-NGO-029,Marikana Massacre 9th Commemoration,2021,Socio-Economic Rights Institute of South Africa,expanded_ngo_candidates_batch3.csv,https://www.seri-sa.org/images/FINAL_SERI_Press_statement__Marikana_9th_Commemoration.pdf,https://www.seri-sa.org/images/FINAL_SERI_Press_statement__Marikana_9th_Commemoration.pdf,33b33a1c3608db41fc843a4d0f82662912804a76096f5bf5ef7ffaacbaf445fe,3899062f2de781569744c28842a7bb50dbdee50145df999f11ed21e293990a39,595
EXP-NGO-030,SERI welcomes the release of the Marikana Panel of Experts Report on Policing and Crowd Management,2021,Socio-Economic Rights Institute of South Africa,expanded_ngo_candidates_batch3.csv,https://www.seri-sa.org/images/SERI_Press_statement-Panel_of_Experts_report_-_FINAL.pdf,https://www.seri-sa.org/images/SERI_Press_statement-Panel_of_Experts_report_-_FINAL.pdf,704f9760b9ba1a5d155f7be046fa9650e566e1b3c94854925e637b5068ac6e6e,2b388731e9d9939df496d1eba85dd5707db0151f6c05a4d04e2a46a3cd3ddbdd,699
NGO-SAT-001,Update on the Criminal Proceedings against the police for the killing of 37 Miners on 13 & 16 August 2012,2018,Socio-Economic Rights Institute of South Africa,expanded_ngo_candidates_saturation.csv,https://www.seri-sa.org/index.php/more-news/822-marikana-update-on-the-criminal-proceedings-against-the-police-for-the-killing-of-37-miners-on-13-16-august-2012-13-august-2018,https://www.seri-sa.org/index.php/more-news/822-marikana-update-on-the-criminal-proceedings-against-the-police-for-the-killing-of-37-miners-on-13-16-august-2012-13-august-2018,1d89a16b24e8a3dffea2614d61b275238c891de0d2c66c44e7e52ac2b393946c,d17e0b27515fe8d5c609741dd54e7522d3a7fe40f76d38fd287a9804d938e0e0,651
NGO-SAT-002,Mining Forum of South Africa and another v Minister of Mineral Resources and others,2019,High Court of South Africa / CER legal archive,expanded_ngo_candidates_saturation.csv,https://cer.org.za/virtual-library/judgments/high-courts/mining-forum-of-south-africa-and-another-v-minister-of-mineral-resources-and-others,https://cer.org.za/virtual-library/judgments/high-courts/mining-forum-of-south-africa-and-another-v-minister-of-mineral-resources-and-others,10bbe33fe4c069e9cbc97b39e7338bbda7ae2abd409ed428d41af06d39528dc7,7036741634276ab0c8b64860b0c62ad45966efb74b4b791d352d41b909a62da1,274
NGO-SAT2-001,Full Disclosure: The Truth about Corporate Environmental Compliance in South Africa,2015,Centre for Environmental Rights,expanded_ngo_candidates_saturation2.csv,https://fulldisclosure.cer.org.za/2015/download/CER-Full-Disclosure.pdf,https://fulldisclosure.cer.org.za/2015/download/CER-Full-Disclosure.pdf,887911061d189019796b56bc9c0d7056d5c4e183d5e3b2c08c1474d5afedd1b6,b8c26e1e0a6aced2693559dcba0b1c338910df13cf775bff97b07f7c35318212,91846
expanded_official_candidates__EXP-OFFICIAL-001,David Bruce Submissions to the Marikana Commission,2014,David Bruce / Marikana Commission,expanded_official_candidates.csv,https://www.justice.gov.za/comm-mrk/docs/201411-HoA-DaveBruce.pdf,https://www.justice.gov.za/comm-mrk/docs/201411-HoA-DaveBruce.pdf,ac4c7b0231bfc7bbaa86bd41c78f50d4b6ed30d2bc6bb742f06d04bd403ba107,2881c9c4a98a3e53d0dc7f3e6c4344888db7deb26c2e287d19e4ab1c74d12959,28695
expanded_official_candidates__EXP-OFFICIAL-002,Mabelane Fundi Heads of Argument,2014,Mabelane Fundi / Marikana Commission,expanded_official_candidates.csv,https://www.justice.gov.za/comm-mrk/docs/201411-HoA-MabelaneFundi.pdf,https://www.justice.gov.za/comm-mrk/docs/201411-HoA-MabelaneFundi.pdf,7a79fd4cb10bf9302cc91d63f490a223ac789cbd63e308da7706608ebd7f00cc,40b38dbcc7db6464c8c3f9960ce695bbeb171cc3d332bad2700d44539710dcc5,8164
expanded_official_candidates__EXP-OFFICIAL-003,How can the South African Police Service prevent another Marikana?,2014,Gareth Newham / Institute for Security Studies,expanded_official_candidates.csv,https://www.justice.gov.za/comm-mrk/docs/20140409-SeminarPhase02-Newham.pdf,https://www.justice.gov.za/comm-mrk/docs/20140409-SeminarPhase02-Newham.pdf,9e12036137ed5214d6b377f083ac23ba848d15dc3434d667719f297c0e94475b,c6c124a261234f471b6f92f7ed979a77adf3dfa6bb579e1014a019ae72d83511,1740
expanded_official_candidates__EXP-OFFICIAL-004,Explaining violence in strikes,2014,Crispen Chinguno / SWOP,expanded_official_candidates.csv,https://www.justice.gov.za/comm-mrk/docs/20140409-SeminarPhase02-Chinguno.pdf,https://www.justice.gov.za/comm-mrk/docs/20140409-SeminarPhase02-Chinguno.pdf,3d7bb24dad995a860577bd2062b226b8aa3025fa7d630ec7ac1a770b5154c41f,69c58b25d169c562e7eb71d4e5049830ae2e97abeaaa9577afd59a75a060a2fe,1271
expanded_official_candidates__EXP-OFFICIAL-005,Strike Violence: An Alternative Avenue,2014,Edward Webster / SWOP,expanded_official_candidates.csv,https://www.justice.gov.za/comm-mrk/docs/20140409-SeminarPhase02-Webster.pdf,https://www.justice.gov.za/comm-mrk/docs/20140409-SeminarPhase02-Webster.pdf,374d2bbba3a3f29df82a546beaf45bd0143335ec456d76780ff0faa9a8a3b50d,6c5095bf7154ccf2136f3f2b3f5215d89a9db1a3f620e4aadb98c37ef8554376,1111
expanded_official_candidates__EXP-OFFICIAL-006,Understanding the causes and re-thinking the future post the strike wave,2014,Gavin Hartford,expanded_official_candidates.csv,https://www.justice.gov.za/comm-mrk/docs/20140409-SeminarPhase02-Hartford.pdf,https://www.justice.gov.za/comm-mrk/docs/20140409-SeminarPhase02-Hartford.pdf,48a5403ab54feaeab2cf04d94446c5dd0fcc944f254427771e828add76098338,736b6a8224deb7efcb57dbc884d8940f08aa91bcc7ffb9bbca5bb28e94edf950,1189
expanded_official_candidates__EXP-OFFICIAL-007,Mining & Migrancy,2014,Francis Wilson,expanded_official_candidates.csv,https://www.justice.gov.za/comm-mrk/docs/20140409-SeminarPhase02-Wison.pdf,https://www.justice.gov.za/comm-mrk/docs/20140409-SeminarPhase02-Wison.pdf,0a7d25db2e540affe506ca37fc202c2d8d1d1fcdda077c6707b8adda6c7aceb9,2a4b42edf45194ce504ac2ab64c56627cc522da498a8162fadd0a40c7ab3df6b,1658
expanded_official_candidates__EXP-OFFICIAL-008,Workers Bypassing Unions: How to Respond?,2014,Ian Macun / Department of Labour,expanded_official_candidates.csv,https://www.justice.gov.za/comm-mrk/docs/20140331-SeminarPhase02-platinum.pdf,https://www.justice.gov.za/comm-mrk/docs/20140331-SeminarPhase02-platinum.pdf,4dfada089fe9791d9af9a95e3e89d6171ee89af04adaacede1367f6b010427ed,6637d15dfc4f674bef0bfb8057013848d79ae47c5095ea7c395cff17d6590d8d,1626
expanded_official_candidates__EXP-OFFICIAL-009,Resolving labour tensions in African mining – the effective regulation of industrial democracy,2014,John Brand,expanded_official_candidates.csv,https://www.justice.gov.za/comm-mrk/docs/20140331-SeminarPhase02-SAIIA-Roundtable.pdf,https://www.justice.gov.za/comm-mrk/docs/20140331-SeminarPhase02-SAIIA-Roundtable.pdf,cc61ce5fa1c3c4120beddee2e0eee69bc1447a080642dd5aeb3553ddf5ac6e32,8825ab2318ab4f6951ed03e04952b36b5662b84dac3f86c4860fa284bcdfe95b,1235
expanded_official_candidates__EXP-OFFICIAL-010,Post-apartheid Trade Union Role and Weaknesses,2014,Sakhela Buhlungu / University of Cape Town,expanded_official_candidates.csv,https://www.justice.gov.za/comm-mrk/docs/20140331-SeminarPhase02-UCT.pdf,https://www.justice.gov.za/comm-mrk/docs/20140331-SeminarPhase02-UCT.pdf,bc59eb0d949aaa7006987c9bc7595275024a83b9da931b7f26ea067c507695a0,80121081a666ef695f72d2d33714e024fb0e86ac6a2a9f3d9bc4a3d7a7c1304e,332
expanded_official_candidates__EXP-OFFICIAL-011,Opening Statement on behalf of the families of 21 striking miners killed on 16 August 2012,2012,Counsel for the Families / SERI archive,expanded_official_candidates.csv,https://www.seri-sa.org/images/stories/marikana_opening_submissions_final.pdf,https://www.seri-sa.org/images/stories/marikana_opening_submissions_final.pdf,025b5a1089aec88ead63636b8b7a3e5f2de37564d67e84ea8a5ad534efe9f7f0,9cd252c705457cd19adaa14f11fe58e22c40bd4f85dfa9b697fd6b86fbda213e,2198
EXP-OFFICIAL-013,Lepaaku and Baloyi Families Written Submissions,2014,Lepaaku and Baloyi Families / SERI archive,expanded_official_candidates.csv,https://www.seri-sa.org/images/Lepaaku_Baloyi_Heads.pdf,https://www.seri-sa.org/images/Lepaaku_Baloyi_Heads.pdf,1f0f2fbb2bdabef4b57aa29d3e6d160896fbf953feb200b8ac827274a1e77249,c7e7a4542751c1a9f8349f74bf154d4eafe924511e804c56a0f1610cf102f43f,15488
expanded_official_candidates_batch2__EXP-OFFICIAL-011,Submission by CASAC to the Marikana Commission of Inquiry,2013,Council for the Advancement of the South African Constitution (CASAC) / Marikana Commission,expanded_official_candidates_batch2.csv,https://justice.gov.za/comm-mrk/exhibits/Exhibit-FFF-17.pdf,https://justice.gov.za/comm-mrk/exhibits/Exhibit-FFF-17.pdf,21d134da8d87ec8c70a5d13a39efbfe6afb2331fe2239d092ee002c676eceb0b,e108c7007167790fc35cd3b3dd95637038d149f596f56b277ecb65e8a3b53f9d,16315
expanded_official_candidates_batch2__EXP-OFFICIAL-012,Statement of Professor Christof Heyns with annexures,2013,Prof Christof Heyns / SAHRC / Marikana Commission,expanded_official_candidates_batch2.csv,https://www.justice.gov.za/comm-mrk/exhibits/Exhibit-FFF-24.pdf,https://www.justice.gov.za/comm-mrk/exhibits/Exhibit-FFF-24.pdf,d06c7023632295da2d59e3facd55522dd8d2ce9667a0e936261fe56ead7376f0,23bfc8e86a63504fe77b8c5e02bd7a2999db18d195c1777486a0e6f59e03b8ae,18325
EXP-OFFICIAL-015,Monene Family Heads of Argument,2014,Monene Family / Marikana Commission,expanded_official_candidates_batch3.csv,https://www.seri-sa.org/images/Monene_Heads.pdf,https://www.seri-sa.org/images/Monene_Heads.pdf,079e7e62a672cfecb365e74542d3c2987fc92e77e369205c3c050e35bfd9fae6,baeec3a7c99a7b343170c0de105cbfefd58992bce68d843c8efaa264ce12213f,9709
